fold_id,demand_type,horizon_days,horizon_label,training_start,training_end,validation_start,validation_end,test_month,shrinkage_strength,entry_booking_shrunk,entry_weekday,entry_month,entry_trend_month,training_wape_pct,validation_wape_pct,exit_booking_shrunk,exit_duration,exit_weekday,exit_trend_month
1,entry,0,T-0,2025-07-01,2025-12-01,2026-01-01,2026-01-01,2026-02-01,0,1.0,0.0,0.0,0.0,0.9300190658721478,1.6047764484067257,,,,
1,entry,1,T-1,2025-07-01,2025-12-01,2026-01-01,2026-01-01,2026-02-01,0,0.9,0.05,0.025,0.025,2.4517941826395155,5.252335475612852,,,,
1,entry,2,T-2,2025-07-01,2025-12-01,2026-01-01,2026-01-01,2026-02-01,0,0.825,0.1,0.075,0.0,3.221902659026098,6.654834461906225,,,,
1,entry,3,T-3,2025-07-01,2025-12-01,2026-01-01,2026-01-01,2026-02-01,0,0.8,0.15,0.05,0.0,3.5931522134940823,7.439253352609238,,,,
1,entry,4,T-4,2025-07-01,2025-12-01,2026-01-01,2026-01-01,2026-02-01,0,0.825,0.175,0.0,0.0,3.932079951927583,7.813434550946609,,,,
1,entry,5,T-5,2025-07-01,2025-12-01,2026-01-01,2026-01-01,2026-02-01,0,0.775,0.225,0.0,0.0,4.105065857409046,8.08589769265588,,,,
1,entry,6,T-6,2025-07-01,2025-12-01,2026-01-01,2026-01-01,2026-02-01,0,0.775,0.225,0.0,0.0,4.2124621289819775,8.724809552325723,,,,
1,entry,7,T-7,2025-07-01,2025-12-01,2026-01-01,2026-01-01,2026-02-01,0,0.7,0.3,0.0,0.0,4.880688006452683,9.379209446167103,,,,
1,entry,14,T-14,2025-07-01,2025-12-01,2026-01-01,2026-01-01,2026-02-01,0,0.425,0.425,0.15,0.0,7.419776088491337,14.40103908020458,,,,
1,entry,21,T-21,2025-07-01,2025-12-01,2026-01-01,2026-01-01,2026-02-01,0,0.0,0.2,0.8,0.0,14.377339635962578,14.802905618205834,,,,
1,entry,28,T-28,2025-07-01,2025-12-01,2026-01-01,2026-01-01,2026-02-01,0,0.0,0.0,1.0,0.0,17.731380435465706,14.85573504013004,,,,
1,entry,35,T-35,2025-07-01,2025-12-01,2026-01-01,2026-01-01,2026-02-01,0,0.0,0.0,1.0,0.0,17.731380435465706,14.85573504013004,,,,
1,entry,42,T-42,2025-07-01,2025-12-01,2026-01-01,2026-01-01,2026-02-01,0,0.125,0.2,0.675,0.0,11.009837615690127,14.467078943982193,,,,
1,entry,49,T-49,2025-07-01,2025-12-01,2026-01-01,2026-01-01,2026-02-01,0,0.2,0.175,0.625,0.0,10.531310522016465,14.483229998501967,,,,
1,entry,56,T-56,2025-07-01,2025-12-01,2026-01-01,2026-01-01,2026-02-01,0,0.1,0.0,0.9,0.0,15.096235893304566,14.69501490187898,,,,
1,exit,0,T-0,2025-07-01,2025-12-01,2026-01-01,2026-01-01,2026-02-01,25,,,,,3.2195201818763404,3.117168612875025,0.125,0.775,0.1,0.0
1,exit,1,T-1,2025-07-01,2025-12-01,2026-01-01,2026-01-01,2026-02-01,0,,,,,3.056639777842989,2.890905458821151,0.925,0.0,0.075,0.0
1,exit,2,T-2,2025-07-01,2025-12-01,2026-01-01,2026-01-01,2026-02-01,0,,,,,3.086543878615086,2.9064786634445436,0.0,0.9,0.075,0.025
1,exit,3,T-3,2025-07-01,2025-12-01,2026-01-01,2026-01-01,2026-02-01,0,,,,,3.101826247433782,3.049409433972153,0.0,0.925,0.075,0.0
1,exit,4,T-4,2025-07-01,2025-12-01,2026-01-01,2026-01-01,2026-02-01,0,,,,,3.193009971692476,3.155336796796579,0.0,0.925,0.075,0.0
1,exit,5,T-5,2025-07-01,2025-12-01,2026-01-01,2026-01-01,2026-02-01,0,,,,,3.430076266298802,3.815562612326316,0.0,0.9,0.1,0.0
1,exit,6,T-6,2025-07-01,2025-12-01,2026-01-01,2026-01-01,2026-02-01,0,,,,,3.794875515711794,4.261203952543965,0.425,0.425,0.15,0.0
1,exit,7,T-7,2025-07-01,2025-12-01,2026-01-01,2026-01-01,2026-02-01,0,,,,,3.9281412653090113,5.097812953179819,0.225,0.65,0.125,0.0
1,exit,14,T-14,2025-07-01,2025-12-01,2026-01-01,2026-01-01,2026-02-01,0,,,,,6.001141105033118,9.918173238108523,0.65,0.1,0.25,0.0
1,exit,21,T-21,2025-07-01,2025-12-01,2026-01-01,2026-01-01,2026-02-01,50,,,,,7.762639744693754,12.628043681970928,0.65,0.05,0.3,0.0
1,exit,28,T-28,2025-07-01,2025-12-01,2026-01-01,2026-01-01,2026-02-01,100,,,,,9.131239610686428,13.242100335369855,0.7,0.0,0.3,0.0
1,exit,35,T-35,2025-07-01,2025-12-01,2026-01-01,2026-01-01,2026-02-01,100,,,,,12.23065474707222,11.015062289922332,0.5,0.175,0.275,0.05
1,exit,42,T-42,2025-07-01,2025-12-01,2026-01-01,2026-01-01,2026-02-01,100,,,,,14.186783948406372,10.191410374693321,0.275,0.3,0.325,0.1
1,exit,49,T-49,2025-07-01,2025-12-01,2026-01-01,2026-01-01,2026-02-01,0,,,,,14.481772288812081,11.130859502322425,0.375,0.075,0.2,0.35
1,exit,56,T-56,2025-07-01,2025-12-01,2026-01-01,2026-01-01,2026-02-01,0,,,,,16.668972774955908,12.651293099977007,0.525,0.0,0.1,0.375
2,entry,0,T-0,2025-07-01,2026-01-01,2026-02-01,2026-02-01,2026-03-01,0,0.975,0.0,0.025,0.0,1.0651093008729773,1.1955193687518904,,,,
2,entry,1,T-1,2025-07-01,2026-01-01,2026-02-01,2026-02-01,2026-03-01,0,0.9,0.075,0.025,0.0,2.741079123955748,3.7226785433945815,,,,
2,entry,2,T-2,2025-07-01,2026-01-01,2026-02-01,2026-02-01,2026-03-01,0,0.825,0.175,0.0,0.0,3.7059522378662426,4.634473537132838,,,,
2,entry,3,T-3,2025-07-01,2026-01-01,2026-02-01,2026-02-01,2026-03-01,0,0.75,0.175,0.05,0.025,4.123048525990358,5.3785296637345485,,,,
2,entry,4,T-4,2025-07-01,2026-01-01,2026-02-01,2026-02-01,2026-03-01,0,0.75,0.2,0.0,0.05,4.397696537202657,5.967299604154957,,,,
2,entry,5,T-5,2025-07-01,2026-01-01,2026-02-01,2026-02-01,2026-03-01,0,0.575,0.2,0.225,0.0,5.661706843297793,6.656097788119126,,,,
2,entry,6,T-6,2025-07-01,2026-01-01,2026-02-01,2026-02-01,2026-03-01,0,0.475,0.2,0.225,0.1,7.099979456827089,7.032057002153729,,,,
2,entry,7,T-7,2025-07-01,2026-01-01,2026-02-01,2026-02-01,2026-03-01,0,0.5,0.175,0.2,0.125,7.275711474940899,7.099744750177922,,,,
2,entry,14,T-14,2025-07-01,2026-01-01,2026-02-01,2026-02-01,2026-03-01,50,0.45,0.325,0.225,0.0,8.205899665849275,7.856569627799911,,,,
2,entry,21,T-21,2025-07-01,2026-01-01,2026-02-01,2026-02-01,2026-03-01,0,0.2,0.0,0.5,0.3,14.921393758350355,8.623720710775098,,,,
2,entry,28,T-28,2025-07-01,2026-01-01,2026-02-01,2026-02-01,2026-03-01,0,0.275,0.0,0.725,0.0,13.55878065541177,8.865801426382241,,,,
2,entry,35,T-35,2025-07-01,2026-01-01,2026-02-01,2026-02-01,2026-03-01,0,0.2,0.0,0.8,0.0,14.082416819001512,9.464367948107533,,,,
2,entry,42,T-42,2025-07-01,2026-01-01,2026-02-01,2026-02-01,2026-03-01,0,0.075,0.0,0.925,0.0,15.65514162754495,9.787716440581331,,,,
2,entry,49,T-49,2025-07-01,2026-01-01,2026-02-01,2026-02-01,2026-03-01,0,0.1,0.0,0.9,0.0,15.016844645385067,9.62313274218866,,,,
2,entry,56,T-56,2025-07-01,2026-01-01,2026-02-01,2026-02-01,2026-03-01,0,0.1,0.0,0.9,0.0,15.054200574319978,9.366198379241835,,,,
2,exit,0,T-0,2025-07-01,2026-01-01,2026-02-01,2026-02-01,2026-03-01,0,,,,,2.9294662129509685,2.734347346217817,1.0,0.0,0.0,0.0
2,exit,1,T-1,2025-07-01,2026-01-01,2026-02-01,2026-02-01,2026-03-01,0,,,,,2.853678495326842,2.862130353953754,1.0,0.0,0.0,0.0
2,exit,2,T-2,2025-07-01,2026-01-01,2026-02-01,2026-02-01,2026-03-01,0,,,,,2.8264099347425202,3.093690549549195,0.6,0.4,0.0,0.0
2,exit,3,T-3,2025-07-01,2026-01-01,2026-02-01,2026-02-01,2026-03-01,0,,,,,2.899558432175445,3.1073522296277134,0.0,1.0,0.0,0.0
2,exit,4,T-4,2025-07-01,2026-01-01,2026-02-01,2026-02-01,2026-03-01,0,,,,,3.016840278676384,2.9828214538569884,0.0,1.0,0.0,0.0
2,exit,5,T-5,2025-07-01,2026-01-01,2026-02-01,2026-02-01,2026-03-01,0,,,,,3.5353051555354535,3.0936587254691337,0.0,0.925,0.0,0.075
2,exit,6,T-6,2025-07-01,2026-01-01,2026-02-01,2026-02-01,2026-03-01,0,,,,,4.212955403572869,3.132013369808938,0.0,0.85,0.025,0.125
2,exit,7,T-7,2025-07-01,2026-01-01,2026-02-01,2026-02-01,2026-03-01,0,,,,,4.647061491251056,3.528573166456795,0.0,0.825,0.025,0.15
2,exit,14,T-14,2025-07-01,2026-01-01,2026-02-01,2026-02-01,2026-03-01,0,,,,,7.993914281898373,5.332165881683036,0.0,0.575,0.1,0.325
2,exit,21,T-21,2025-07-01,2026-01-01,2026-02-01,2026-02-01,2026-03-01,0,,,,,10.823014934365888,9.16460966215192,0.0,0.45,0.55,0.0
2,exit,28,T-28,2025-07-01,2026-01-01,2026-02-01,2026-02-01,2026-03-01,0,,,,,12.030951005435364,14.626385524896653,0.0,0.525,0.475,0.0
2,exit,35,T-35,2025-07-01,2026-01-01,2026-02-01,2026-02-01,2026-03-01,0,,,,,15.778943731363542,20.881145229732493,0.0,0.225,0.775,0.0
2,exit,42,T-42,2025-07-01,2026-01-01,2026-02-01,2026-02-01,2026-03-01,0,,,,,15.883596993624993,23.411591977824628,0.35,0.0,0.65,0.0
2,exit,49,T-49,2025-07-01,2026-01-01,2026-02-01,2026-02-01,2026-03-01,0,,,,,18.03799944585755,22.869939038530887,0.225,0.0,0.775,0.0
2,exit,56,T-56,2025-07-01,2026-01-01,2026-02-01,2026-02-01,2026-03-01,0,,,,,22.521255144457193,19.52915022829554,0.025,0.0,0.975,0.0
3,entry,0,T-0,2025-07-01,2026-02-01,2026-03-01,2026-03-01,2026-04-01,0,1.0,0.0,0.0,0.0,1.0333815183321584,1.7878901013170627,,,,
3,entry,1,T-1,2025-07-01,2026-02-01,2026-03-01,2026-03-01,2026-04-01,0,0.875,0.125,0.0,0.0,2.999797881392013,6.536553317146715,,,,
3,entry,2,T-2,2025-07-01,2026-02-01,2026-03-01,2026-03-01,2026-04-01,0,0.675,0.325,0.0,0.0,4.899583851094227,7.973894968529669,,,,
3,entry,3,T-3,2025-07-01,2026-02-01,2026-03-01,2026-03-01,2026-04-01,0,0.65,0.35,0.0,0.0,5.2724044498738545,8.48596162091742,,,,
3,entry,4,T-4,2025-07-01,2026-02-01,2026-03-01,2026-03-01,2026-04-01,0,0.55,0.45,0.0,0.0,6.260353344628368,8.512167658807765,,,,
3,entry,5,T-5,2025-07-01,2026-02-01,2026-03-01,2026-03-01,2026-04-01,0,0.55,0.45,0.0,0.0,6.19311904738287,8.327495557521987,,,,
3,entry,6,T-6,2025-07-01,2026-02-01,2026-03-01,2026-03-01,2026-04-01,0,0.55,0.25,0.2,0.0,6.000553528612242,8.357644415431736,,,,
3,entry,7,T-7,2025-07-01,2026-02-01,2026-03-01,2026-03-01,2026-04-01,0,0.6,0.325,0.075,0.0,5.926946848271524,8.811991498295,,,,
3,entry,14,T-14,2025-07-01,2026-02-01,2026-03-01,2026-03-01,2026-04-01,0,0.4,0.025,0.575,0.0,10.889371631831082,9.740002185277302,,,,
3,entry,21,T-21,2025-07-01,2026-02-01,2026-03-01,2026-03-01,2026-04-01,0,0.25,0.3,0.45,0.0,9.592419892459244,10.02743565268423,,,,
3,entry,28,T-28,2025-07-01,2026-02-01,2026-03-01,2026-03-01,2026-04-01,0,0.2,0.275,0.525,0.0,10.333676858640953,10.180231877170574,,,,
3,entry,35,T-35,2025-07-01,2026-02-01,2026-03-01,2026-03-01,2026-04-01,0,0.2,0.25,0.55,0.0,10.730582468546771,10.40807200051452,,,,
3,entry,42,T-42,2025-07-01,2026-02-01,2026-03-01,2026-03-01,2026-04-01,0,0.075,0.075,0.85,0.0,13.728897127841824,10.976077429056273,,,,
3,entry,49,T-49,2025-07-01,2026-02-01,2026-03-01,2026-03-01,2026-04-01,0,0.05,0.025,0.925,0.0,15.000789734048894,11.304268224436084,,,,
3,entry,56,T-56,2025-07-01,2026-02-01,2026-03-01,2026-03-01,2026-04-01,0,0.05,0.0,0.95,0.0,15.447459413806245,11.43177810552437,,,,
3,exit,0,T-0,2025-07-01,2026-02-01,2026-03-01,2026-03-01,2026-04-01,25,,,,,3.3704834655005804,3.262457546674659,0.725,0.175,0.1,0.0
3,exit,1,T-1,2025-07-01,2026-02-01,2026-03-01,2026-03-01,2026-04-01,100,,,,,2.939600258082416,3.6477089585214957,0.125,0.85,0.0,0.025
3,exit,2,T-2,2025-07-01,2026-02-01,2026-03-01,2026-03-01,2026-04-01,100,,,,,3.3900814716206824,4.518693636949479,0.6,0.4,0.0,0.0
3,exit,3,T-3,2025-07-01,2026-02-01,2026-03-01,2026-03-01,2026-04-01,25,,,,,3.291265735494976,4.940109734661968,0.925,0.025,0.05,0.0
3,exit,4,T-4,2025-07-01,2026-02-01,2026-03-01,2026-03-01,2026-04-01,100,,,,,4.474875600057581,5.236714050723789,0.5,0.325,0.175,0.0
3,exit,5,T-5,2025-07-01,2026-02-01,2026-03-01,2026-03-01,2026-04-01,100,,,,,4.504408621676279,5.248935120516938,0.35,0.45,0.2,0.0
3,exit,6,T-6,2025-07-01,2026-02-01,2026-03-01,2026-03-01,2026-04-01,100,,,,,5.087291513260493,5.446379108676205,0.025,0.65,0.225,0.1
3,exit,7,T-7,2025-07-01,2026-02-01,2026-03-01,2026-03-01,2026-04-01,0,,,,,3.953519209657439,6.010644354281227,0.0,0.95,0.0,0.05
3,exit,14,T-14,2025-07-01,2026-02-01,2026-03-01,2026-03-01,2026-04-01,0,,,,,6.699516033287881,7.389076935102228,0.0,0.65,0.125,0.225
3,exit,21,T-21,2025-07-01,2026-02-01,2026-03-01,2026-03-01,2026-04-01,0,,,,,8.738055552070335,7.685845495673391,0.0,0.625,0.25,0.125
3,exit,28,T-28,2025-07-01,2026-02-01,2026-03-01,2026-03-01,2026-04-01,0,,,,,11.960386092603319,7.145457184166407,0.0,0.625,0.35,0.025
3,exit,35,T-35,2025-07-01,2026-02-01,2026-03-01,2026-03-01,2026-04-01,0,,,,,15.086528077206001,9.414612205062243,0.0,0.5,0.5,0.0
3,exit,42,T-42,2025-07-01,2026-02-01,2026-03-01,2026-03-01,2026-04-01,0,,,,,16.681654279731877,11.841864526893874,0.0,0.375,0.625,0.0
3,exit,49,T-49,2025-07-01,2026-02-01,2026-03-01,2026-03-01,2026-04-01,0,,,,,18.814016485377348,14.214772691110818,0.0,0.4,0.6,0.0
3,exit,56,T-56,2025-07-01,2026-02-01,2026-03-01,2026-03-01,2026-04-01,0,,,,,20.862267233203465,19.718322030442092,0.0,0.5,0.5,0.0
4,entry,0,T-0,2025-07-01,2026-03-01,2026-04-01,2026-04-01,2026-05-01,0,0.975,0.0,0.0,0.025,1.2536541652984998,1.125890770439194,,,,
4,entry,1,T-1,2025-07-01,2026-03-01,2026-04-01,2026-04-01,2026-05-01,0,0.825,0.0,0.125,0.05,3.9640545244219547,5.8293487079395865,,,,
4,entry,2,T-2,2025-07-01,2026-03-01,2026-04-01,2026-04-01,2026-05-01,25,0.8,0.025,0.175,0.0,5.021989120097516,7.061860784225097,,,,
4,entry,3,T-3,2025-07-01,2026-03-01,2026-04-01,2026-04-01,2026-05-01,0,0.775,0.1,0.125,0.0,4.86777816034392,7.875448811111702,,,,
4,entry,4,T-4,2025-07-01,2026-03-01,2026-04-01,2026-04-01,2026-05-01,0,0.65,0.2,0.15,0.0,5.495922597541145,8.311853500499502,,,,
4,entry,5,T-5,2025-07-01,2026-03-01,2026-04-01,2026-04-01,2026-05-01,25,0.65,0.125,0.225,0.0,6.243046162564179,8.641186522117737,,,,
4,entry,6,T-6,2025-07-01,2026-03-01,2026-04-01,2026-04-01,2026-05-01,50,0.775,0.0,0.225,0.0,7.008631385822982,8.188678708239383,,,,
4,entry,7,T-7,2025-07-01,2026-03-01,2026-04-01,2026-04-01,2026-05-01,50,0.75,0.15,0.1,0.0,6.401926976354841,7.845383549830169,,,,
4,entry,14,T-14,2025-07-01,2026-03-01,2026-04-01,2026-04-01,2026-05-01,100,0.725,0.2,0.075,0.0,8.866848504879686,7.5748544570735765,,,,
4,entry,21,T-21,2025-07-01,2026-03-01,2026-04-01,2026-04-01,2026-05-01,100,0.55,0.175,0.25,0.025,10.183717844168598,7.870223955475238,,,,
4,entry,28,T-28,2025-07-01,2026-03-01,2026-04-01,2026-04-01,2026-05-01,100,0.475,0.175,0.35,0.0,10.746622244280415,8.504787947930343,,,,
4,entry,35,T-35,2025-07-01,2026-03-01,2026-04-01,2026-04-01,2026-05-01,100,0.4,0.0,0.6,0.0,13.189679590546453,9.031594570665561,,,,
4,entry,42,T-42,2025-07-01,2026-03-01,2026-04-01,2026-04-01,2026-05-01,50,0.325,0.0,0.675,0.0,12.965580998684889,9.091169019326738,,,,
4,entry,49,T-49,2025-07-01,2026-03-01,2026-04-01,2026-04-01,2026-05-01,0,0.2,0.0,0.8,0.0,13.04904189486751,9.592970154397143,,,,
4,entry,56,T-56,2025-07-01,2026-03-01,2026-04-01,2026-04-01,2026-05-01,0,0.175,0.0,0.825,0.0,13.319884413566399,10.23645147466579,,,,
4,exit,0,T-0,2025-07-01,2026-03-01,2026-04-01,2026-04-01,2026-05-01,0,,,,,2.968001784933428,2.3367502121933126,1.0,0.0,0.0,0.0
4,exit,1,T-1,2025-07-01,2026-03-01,2026-04-01,2026-04-01,2026-05-01,0,,,,,2.971427432255217,2.9284504319906945,1.0,0.0,0.0,0.0
4,exit,2,T-2,2025-07-01,2026-03-01,2026-04-01,2026-04-01,2026-05-01,0,,,,,3.054900698168779,3.9155506924634613,0.25,0.75,0.0,0.0
4,exit,3,T-3,2025-07-01,2026-03-01,2026-04-01,2026-04-01,2026-05-01,0,,,,,3.1893790838835994,4.7618955225221,0.05,0.95,0.0,0.0
4,exit,4,T-4,2025-07-01,2026-03-01,2026-04-01,2026-04-01,2026-05-01,0,,,,,3.313855136335384,5.4220734007650995,0.0,1.0,0.0,0.0
4,exit,5,T-5,2025-07-01,2026-03-01,2026-04-01,2026-04-01,2026-05-01,0,,,,,3.5520054648610944,5.878634711483987,0.0,1.0,0.0,0.0
4,exit,6,T-6,2025-07-01,2026-03-01,2026-04-01,2026-04-01,2026-05-01,0,,,,,3.8534438804616524,6.3469059333991416,0.0,1.0,0.0,0.0
4,exit,7,T-7,2025-07-01,2026-03-01,2026-04-01,2026-04-01,2026-05-01,0,,,,,4.2503392879142625,6.781535107079637,0.0,1.0,0.0,0.0
4,exit,14,T-14,2025-07-01,2026-03-01,2026-04-01,2026-04-01,2026-05-01,0,,,,,7.969693227431966,8.808691649599734,0.0,0.975,0.025,0.0
4,exit,21,T-21,2025-07-01,2026-03-01,2026-04-01,2026-04-01,2026-05-01,0,,,,,9.349080995962481,10.192597512305984,0.125,0.525,0.35,0.0
4,exit,28,T-28,2025-07-01,2026-03-01,2026-04-01,2026-04-01,2026-05-01,0,,,,,11.653150050470611,9.356632479320423,0.0,0.575,0.425,0.0
4,exit,35,T-35,2025-07-01,2026-03-01,2026-04-01,2026-04-01,2026-05-01,0,,,,,14.220372216066423,9.6107354546206,0.1,0.375,0.525,0.0
4,exit,42,T-42,2025-07-01,2026-03-01,2026-04-01,2026-04-01,2026-05-01,0,,,,,13.286075021720457,10.760946151694586,0.0,0.275,0.475,0.25
4,exit,49,T-49,2025-07-01,2026-03-01,2026-04-01,2026-04-01,2026-05-01,100,,,,,13.87270248125137,9.513846366670437,0.05,0.2,0.425,0.325
4,exit,56,T-56,2025-07-01,2026-03-01,2026-04-01,2026-04-01,2026-05-01,100,,,,,14.270785185147034,8.966337405502243,0.025,0.25,0.275,0.45
5,entry,0,T-0,2025-07-01,2026-04-01,2026-05-01,2026-05-01,2026-06-01,0,1.0,0.0,0.0,0.0,1.1217519388618655,0.973607589227058,,,,
5,entry,1,T-1,2025-07-01,2026-04-01,2026-05-01,2026-05-01,2026-06-01,0,0.975,0.025,0.0,0.0,3.6095985839150107,3.502275690950933,,,,
5,entry,2,T-2,2025-07-01,2026-04-01,2026-05-01,2026-05-01,2026-06-01,0,0.95,0.05,0.0,0.0,4.709924312622085,4.132227753245429,,,,
5,entry,3,T-3,2025-07-01,2026-04-01,2026-05-01,2026-05-01,2026-06-01,0,0.95,0.05,0.0,0.0,5.32002215822933,4.271443614895498,,,,
5,entry,4,T-4,2025-07-01,2026-04-01,2026-05-01,2026-05-01,2026-06-01,0,0.875,0.125,0.0,0.0,5.605553284687998,4.633432410884448,,,,
5,entry,5,T-5,2025-07-01,2026-04-01,2026-05-01,2026-05-01,2026-06-01,0,0.85,0.15,0.0,0.0,5.768411000143687,4.898707751485801,,,,
5,entry,6,T-6,2025-07-01,2026-04-01,2026-05-01,2026-05-01,2026-06-01,0,0.8,0.2,0.0,0.0,5.801993875250941,5.157186043819987,,,,
5,entry,7,T-7,2025-07-01,2026-04-01,2026-05-01,2026-05-01,2026-06-01,0,0.775,0.125,0.1,0.0,6.3802953902257595,5.522549346977725,,,,
5,entry,14,T-14,2025-07-01,2026-04-01,2026-05-01,2026-05-01,2026-06-01,0,0.75,0.2,0.05,0.0,9.344002541428114,5.576155819789752,,,,
5,entry,21,T-21,2025-07-01,2026-04-01,2026-05-01,2026-05-01,2026-06-01,100,0.675,0.325,0.0,0.0,9.606369872915439,5.001079522140891,,,,
5,entry,28,T-28,2025-07-01,2026-04-01,2026-05-01,2026-05-01,2026-06-01,100,0.225,0.5,0.0,0.275,12.2672794123891,7.348873768676858,,,,
5,entry,35,T-35,2025-07-01,2026-04-01,2026-05-01,2026-05-01,2026-06-01,100,0.65,0.35,0.0,0.0,13.437652919174425,7.027468688541736,,,,
5,entry,42,T-42,2025-07-01,2026-04-01,2026-05-01,2026-05-01,2026-06-01,100,0.6,0.4,0.0,0.0,14.875763419215774,7.427728629711992,,,,
5,entry,49,T-49,2025-07-01,2026-04-01,2026-05-01,2026-05-01,2026-06-01,100,0.3,0.35,0.35,0.0,11.561721057866528,7.5585059770142795,,,,
5,entry,56,T-56,2025-07-01,2026-04-01,2026-05-01,2026-05-01,2026-06-01,100,0.2,0.275,0.525,0.0,11.523938417154548,7.25320715618154,,,,
5,exit,0,T-0,2025-07-01,2026-04-01,2026-05-01,2026-05-01,2026-06-01,0,,,,,2.9203796030575173,1.704619139743498,0.525,0.45,0.0,0.025
5,exit,1,T-1,2025-07-01,2026-04-01,2026-05-01,2026-05-01,2026-06-01,0,,,,,3.0035986071987217,1.8380539770435282,0.975,0.0,0.0,0.025
5,exit,2,T-2,2025-07-01,2026-04-01,2026-05-01,2026-05-01,2026-06-01,25,,,,,3.1575899243422563,2.287324034068463,0.3,0.7,0.0,0.0
5,exit,3,T-3,2025-07-01,2026-04-01,2026-05-01,2026-05-01,2026-06-01,0,,,,,3.3542974117586013,2.3922770731358507,0.0,1.0,0.0,0.0
5,exit,4,T-4,2025-07-01,2026-04-01,2026-05-01,2026-05-01,2026-06-01,0,,,,,3.533171660784143,2.7226954953197944,0.0,1.0,0.0,0.0
5,exit,5,T-5,2025-07-01,2026-04-01,2026-05-01,2026-05-01,2026-06-01,0,,,,,3.7999071204811345,2.980192106727439,0.0,0.975,0.0,0.025
5,exit,6,T-6,2025-07-01,2026-04-01,2026-05-01,2026-05-01,2026-06-01,0,,,,,4.127125365451492,3.2807514788366223,0.0,0.975,0.0,0.025
5,exit,7,T-7,2025-07-01,2026-04-01,2026-05-01,2026-05-01,2026-06-01,0,,,,,4.454105698529208,3.197697238232957,0.0,0.975,0.025,0.0
5,exit,14,T-14,2025-07-01,2026-04-01,2026-05-01,2026-05-01,2026-06-01,25,,,,,7.801173716612331,3.6898731636316517,0.075,0.875,0.0,0.05
5,exit,21,T-21,2025-07-01,2026-04-01,2026-05-01,2026-05-01,2026-06-01,100,,,,,11.459407099444467,5.124649342827417,0.025,0.9,0.0,0.075
5,exit,28,T-28,2025-07-01,2026-04-01,2026-05-01,2026-05-01,2026-06-01,0,,,,,14.92568135994218,6.451582091527201,0.4,0.5,0.0,0.1
5,exit,35,T-35,2025-07-01,2026-04-01,2026-05-01,2026-05-01,2026-06-01,0,,,,,22.690223823289895,7.571335714653421,0.7,0.3,0.0,0.0
5,exit,42,T-42,2025-07-01,2026-04-01,2026-05-01,2026-05-01,2026-06-01,0,,,,,26.866431171738036,8.950966937709078,0.0,1.0,0.0,0.0
5,exit,49,T-49,2025-07-01,2026-04-01,2026-05-01,2026-05-01,2026-06-01,0,,,,,20.976742588924044,10.625630288897426,0.0,0.625,0.375,0.0
5,exit,56,T-56,2025-07-01,2026-04-01,2026-05-01,2026-05-01,2026-06-01,100,,,,,16.034541332275683,12.0076347459605,0.1,0.0,0.525,0.375
6,entry,0,T-0,2025-07-01,2026-05-01,2026-06-01,2026-06-01,2026-07-01,0,1.0,0.0,0.0,0.0,1.1051372886653588,0.8771386805338843,,,,
6,entry,1,T-1,2025-07-01,2026-05-01,2026-06-01,2026-06-01,2026-07-01,0,1.0,0.0,0.0,0.0,3.696591346189646,3.996714981518619,,,,
6,entry,2,T-2,2025-07-01,2026-05-01,2026-06-01,2026-06-01,2026-07-01,0,0.975,0.0,0.025,0.0,4.7748504340222455,4.842529641658102,,,,
6,entry,3,T-3,2025-07-01,2026-05-01,2026-06-01,2026-06-01,2026-07-01,0,1.0,0.0,0.0,0.0,5.482264905256605,5.495053302874243,,,,
6,entry,4,T-4,2025-07-01,2026-05-01,2026-06-01,2026-06-01,2026-07-01,0,1.0,0.0,0.0,0.0,6.18430815762349,5.979848764398892,,,,
6,entry,5,T-5,2025-07-01,2026-05-01,2026-06-01,2026-06-01,2026-07-01,0,1.0,0.0,0.0,0.0,6.640948017237058,6.651389299497959,,,,
6,entry,6,T-6,2025-07-01,2026-05-01,2026-06-01,2026-06-01,2026-07-01,0,1.0,0.0,0.0,0.0,7.127529594819677,7.405732263069749,,,,
6,entry,7,T-7,2025-07-01,2026-05-01,2026-06-01,2026-06-01,2026-07-01,0,1.0,0.0,0.0,0.0,7.872216046856673,8.010303646897148,,,,
6,entry,14,T-14,2025-07-01,2026-05-01,2026-06-01,2026-06-01,2026-07-01,0,0.775,0.0,0.225,0.0,10.341088888897493,9.564213301869152,,,,
6,entry,21,T-21,2025-07-01,2026-05-01,2026-06-01,2026-06-01,2026-07-01,0,0.625,0.0,0.375,0.0,11.817824577325291,11.274701671870261,,,,
6,entry,28,T-28,2025-07-01,2026-05-01,2026-06-01,2026-06-01,2026-07-01,0,0.925,0.0,0.075,0.0,19.046111403674338,9.791890470923237,,,,
6,entry,35,T-35,2025-07-01,2026-05-01,2026-06-01,2026-06-01,2026-07-01,0,0.625,0.375,0.0,0.0,15.838860632230626,8.820578869083795,,,,
6,entry,42,T-42,2025-07-01,2026-05-01,2026-06-01,2026-06-01,2026-07-01,50,0.375,0.2,0.0,0.425,13.247426092113045,10.015758534986103,,,,
6,entry,49,T-49,2025-07-01,2026-05-01,2026-06-01,2026-06-01,2026-07-01,0,0.225,0.175,0.0,0.6,13.936164099954551,11.236166592764052,,,,
6,entry,56,T-56,2025-07-01,2026-05-01,2026-06-01,2026-06-01,2026-07-01,0,0.35,0.5,0.075,0.075,16.418553964778855,9.95236483066344,,,,
6,exit,0,T-0,2025-07-01,2026-05-01,2026-06-01,2026-06-01,2026-07-01,0,,,,,3.0422301549663695,2.6565757307515763,0.875,0.025,0.075,0.025
6,exit,1,T-1,2025-07-01,2026-05-01,2026-06-01,2026-06-01,2026-07-01,0,,,,,3.0341733333360126,3.1119330564997507,0.925,0.0,0.025,0.05
6,exit,2,T-2,2025-07-01,2026-05-01,2026-06-01,2026-06-01,2026-07-01,0,,,,,3.457400140370898,3.576751354552644,0.625,0.275,0.1,0.0
6,exit,3,T-3,2025-07-01,2026-05-01,2026-06-01,2026-06-01,2026-07-01,0,,,,,3.65168652109005,3.5147320333621286,0.0,0.9,0.1,0.0
6,exit,4,T-4,2025-07-01,2026-05-01,2026-06-01,2026-06-01,2026-07-01,0,,,,,3.5605770751929993,3.7968769008792633,0.0,0.95,0.05,0.0
6,exit,5,T-5,2025-07-01,2026-05-01,2026-06-01,2026-06-01,2026-07-01,0,,,,,3.7809925927946457,3.9384495929500134,0.0,0.925,0.05,0.025
6,exit,6,T-6,2025-07-01,2026-05-01,2026-06-01,2026-06-01,2026-07-01,0,,,,,4.1662808376557825,4.015876722474032,0.0,0.875,0.125,0.0
6,exit,7,T-7,2025-07-01,2026-05-01,2026-06-01,2026-06-01,2026-07-01,0,,,,,4.467615227589603,4.356752214285382,0.25,0.7,0.05,0.0
6,exit,14,T-14,2025-07-01,2026-05-01,2026-06-01,2026-06-01,2026-07-01,0,,,,,6.927934153482706,7.149777617572206,0.075,0.775,0.15,0.0
6,exit,21,T-21,2025-07-01,2026-05-01,2026-06-01,2026-06-01,2026-07-01,0,,,,,9.170971157645553,7.671999782894491,0.4,0.25,0.35,0.0
6,exit,28,T-28,2025-07-01,2026-05-01,2026-06-01,2026-06-01,2026-07-01,0,,,,,11.955740432887897,6.324459111169974,0.375,0.0,0.575,0.05
6,exit,35,T-35,2025-07-01,2026-05-01,2026-06-01,2026-06-01,2026-07-01,0,,,,,11.844100050734415,6.198914100315103,0.4,0.025,0.375,0.2
6,exit,42,T-42,2025-07-01,2026-05-01,2026-06-01,2026-06-01,2026-07-01,0,,,,,16.040052237326048,6.970961234682514,0.0,0.425,0.0,0.575
6,exit,49,T-49,2025-07-01,2026-05-01,2026-06-01,2026-06-01,2026-07-01,0,,,,,17.492854083733732,7.127185000162725,0.0,0.5,0.0,0.5
6,exit,56,T-56,2025-07-01,2026-05-01,2026-06-01,2026-06-01,2026-07-01,0,,,,,25.222515393105517,7.0812445458017015,0.0,0.825,0.05,0.125
