Stand,2024-12,2025-01,2025-02,2025-03,2025-04,2025-05,2025-06,2025-07,2025-08,2025-09,2025-10,2025-11,2025-12,2026-01,2026-02,2026-03,2026-04,2026-05,2026-06,2026-07,Total
1,0,81,63,79,77,141,119,205,153,161,178,167,166,113,105,97,145,228,235,22,2535
10,2,173,230,241,225,373,373,434,380,536,588,367,454,308,152,399,425,503,401,96,6660
100,0,42,0,42,56,108,98,122,70,43,34,25,37,61,54,87,57,168,112,2,1218
102,0,18,14,56,69,82,116,82,105,71,112,66,82,26,14,104,149,207,67,4,1444
103,0,34,48,42,27,106,115,130,95,65,7,20,43,96,59,98,189,240,71,8,1493
104,0,35,12,9,40,86,45,96,54,33,34,64,40,13,29,54,0,0,0,0,644
105,0,8,17,3,27,42,30,64,27,39,24,36,0,0,0,2,67,107,87,0,580
106,0,0,0,0,0,0,0,0,0,0,0,34,31,24,36,44,46,49,87,0,351
11,0,192,200,247,212,446,339,443,396,507,530,320,324,243,218,335,311,529,418,86,6296
12,0,0,0,1,4,3,7,10,19,10,17,9,11,12,6,13,11,25,38,8,204
14,0,153,128,208,177,178,233,171,252,304,331,304,243,198,173,287,209,434,294,39,4316
15,0,0,0,0,0,0,0,4,13,5,1,3,5,8,1,0,3,12,9,3,67
15A,0,182,186,215,195,256,229,329,238,310,399,248,249,231,230,257,305,373,294,79,4805
15B,0,201,175,273,256,353,378,349,322,539,497,367,345,293,231,415,313,461,368,74,6210
16,0,10,8,2,4,0,8,43,16,33,24,64,27,44,40,16,18,16,115,2,490
16A,0,108,111,159,167,238,224,244,207,334,264,158,184,105,111,248,292,305,277,96,3832
16B,0,113,105,167,136,169,173,234,225,241,296,146,175,83,99,232,207,234,327,62,3424
17,0,157,165,185,181,277,245,362,290,381,340,399,420,347,351,474,443,577,469,77,6140
18,0,0,1,5,2,1,9,32,39,178,60,0,0,0,0,0,2,10,85,21,445
19,0,14,13,14,19,22,23,37,49,32,14,0,0,0,0,0,0,0,0,0,237
1A,0,110,57,82,152,224,286,315,287,410,262,149,143,111,88,114,211,366,315,59,3741
1B,0,72,63,133,166,261,280,348,255,397,262,134,167,125,94,108,222,330,347,88,3852
2,0,39,85,100,57,114,126,97,109,95,125,110,74,65,54,40,98,128,277,79,1872
20,0,111,143,159,207,286,297,461,402,478,400,155,361,203,212,222,278,238,228,52,4893
200,0,4,0,0,0,1,0,0,0,0,0,0,0,0,0,0,0,0,0,0,5
202,0,0,0,0,0,0,0,0,0,0,0,0,0,0,0,0,0,0,3,0,3
206,0,0,0,0,0,0,0,0,0,0,0,0,1,0,0,2,0,0,0,0,3
21,0,0,0,0,1,0,0,0,0,0,0,0,0,0,0,0,0,0,0,0,1
211,0,0,0,0,3,2,2,1,0,0,3,0,0,0,0,0,0,1,22,0,34
22,0,184,161,183,202,229,283,366,366,398,356,156,318,208,167,197,324,396,406,116,5016
23,0,0,0,0,1,0,3,1,7,0,10,0,0,0,0,0,0,0,0,0,22
24,0,118,114,106,136,218,244,314,278,393,262,87,212,140,169,165,181,346,401,80,3964
25,0,105,77,109,152,187,267,276,174,273,181,61,212,133,106,114,209,293,303,66,3298
26,0,3,3,5,3,16,23,37,28,12,10,13,13,5,2,3,0,0,0,0,176
27,0,11,1,8,8,25,28,37,29,38,54,19,30,16,8,6,27,28,45,7,425
28,0,13,9,4,3,9,13,6,9,50,12,16,39,9,23,27,24,25,79,12,382
29,0,30,8,16,17,53,40,57,34,74,50,45,35,20,8,38,33,43,108,41,750
3,0,72,75,90,83,174,90,102,130,221,147,123,167,82,79,92,133,126,193,19,2198
30,0,11,9,19,21,41,40,66,60,146,154,36,54,22,17,19,59,40,144,24,982
308,0,16,3,19,12,49,10,33,9,0,11,11,56,19,35,42,34,55,66,8,488
309,0,4,14,13,11,25,31,36,36,75,59,22,41,10,23,14,6,56,94,4,574
31,0,6,10,55,37,27,46,74,55,146,133,37,32,19,17,37,58,88,40,7,924
310,0,2,1,12,1,17,24,4,32,105,118,9,33,32,17,15,8,49,84,6,569
311,0,8,2,20,0,1,10,21,17,61,67,12,31,26,10,23,21,55,154,0,539
312,0,7,0,4,0,4,28,15,11,31,18,18,18,23,19,0,20,54,111,0,381
313,0,3,0,2,7,2,8,5,6,14,29,19,21,11,15,0,0,0,49,0,191
314,0,1,0,0,0,0,2,0,1,27,15,10,5,25,6,0,0,0,30,0,122
315,0,2,0,0,0,2,1,2,0,7,4,9,12,2,6,0,0,0,2,0,49
316,0,0,0,0,0,0,0,0,5,1,6,12,0,1,0,17,7,0,3,0,52
317,0,0,0,0,0,0,0,0,0,0,0,0,0,0,0,5,0,12,25,0,42
317A,0,0,0,0,0,0,0,0,0,0,0,17,0,0,2,7,0,0,7,0,33
32,0,3,1,1,6,5,12,15,9,17,5,8,11,5,0,6,10,25,15,7,161
33,0,42,19,58,32,28,30,44,43,67,48,44,42,24,21,42,47,48,5,0,684
34,0,28,15,54,20,0,5,0,0,0,0,0,0,0,0,0,0,0,0,0,122
4,0,69,67,94,70,74,76,95,62,98,143,206,266,165,133,160,97,131,115,42,2163
403,0,0,0,0,0,0,0,0,0,0,0,0,0,0,0,0,0,0,5,18,23
404,0,0,0,0,0,0,0,0,0,0,0,0,0,0,0,0,0,7,25,26,58
405,0,0,0,0,0,0,0,0,0,0,0,0,0,0,0,0,0,0,20,44,64
406,0,0,0,0,0,0,0,0,0,0,0,0,0,0,0,0,0,10,17,29,56
407,0,0,0,0,0,0,0,0,0,0,0,0,0,0,0,0,0,25,0,24,49
4A,0,0,0,0,4,3,3,7,8,11,5,2,1,0,0,5,6,8,1,2,66
5,0,39,25,23,40,69,32,46,49,45,66,34,63,20,23,18,9,27,21,2,651
6,0,100,76,119,173,221,277,383,319,351,261,57,157,155,107,142,229,388,307,97,3919
7,0,40,37,76,59,122,136,183,173,123,129,102,106,53,54,40,116,144,143,48,1884
8,0,53,35,63,93,104,160,215,201,159,151,137,180,62,64,54,136,175,174,38,2254
9,0,41,50,66,147,322,236,331,324,301,325,182,283,166,82,182,219,228,256,57,3798
