Stand,Year Month,Ambulift Jobs
1,2025-01,81
1,2025-02,63
1,2025-03,79
1,2025-04,77
1,2025-05,141
1,2025-06,119
1,2025-07,205
1,2025-08,153
1,2025-09,161
1,2025-10,178
1,2025-11,167
1,2025-12,166
1,2026-01,113
1,2026-02,105
1,2026-03,97
1,2026-04,145
1,2026-05,228
1,2026-06,235
1,2026-07,22
10,2024-12,2
10,2025-01,173
10,2025-02,230
10,2025-03,241
10,2025-04,225
10,2025-05,373
10,2025-06,373
10,2025-07,434
10,2025-08,380
10,2025-09,536
10,2025-10,588
10,2025-11,367
10,2025-12,454
10,2026-01,308
10,2026-02,152
10,2026-03,399
10,2026-04,425
10,2026-05,503
10,2026-06,401
10,2026-07,96
100,2025-01,42
100,2025-03,42
100,2025-04,56
100,2025-05,108
100,2025-06,98
100,2025-07,122
100,2025-08,70
100,2025-09,43
100,2025-10,34
100,2025-11,25
100,2025-12,37
100,2026-01,61
100,2026-02,54
100,2026-03,87
100,2026-04,57
100,2026-05,168
100,2026-06,112
100,2026-07,2
102,2025-01,18
102,2025-02,14
102,2025-03,56
102,2025-04,69
102,2025-05,82
102,2025-06,116
102,2025-07,82
102,2025-08,105
102,2025-09,71
102,2025-10,112
102,2025-11,66
102,2025-12,82
102,2026-01,26
102,2026-02,14
102,2026-03,104
102,2026-04,149
102,2026-05,207
102,2026-06,67
102,2026-07,4
103,2025-01,34
103,2025-02,48
103,2025-03,42
103,2025-04,27
103,2025-05,106
103,2025-06,115
103,2025-07,130
103,2025-08,95
103,2025-09,65
103,2025-10,7
103,2025-11,20
103,2025-12,43
103,2026-01,96
103,2026-02,59
103,2026-03,98
103,2026-04,189
103,2026-05,240
103,2026-06,71
103,2026-07,8
104,2025-01,35
104,2025-02,12
104,2025-03,9
104,2025-04,40
104,2025-05,86
104,2025-06,45
104,2025-07,96
104,2025-08,54
104,2025-09,33
104,2025-10,34
104,2025-11,64
104,2025-12,40
104,2026-01,13
104,2026-02,29
104,2026-03,54
105,2025-01,8
105,2025-02,17
105,2025-03,3
105,2025-04,27
105,2025-05,42
105,2025-06,30
105,2025-07,64
105,2025-08,27
105,2025-09,39
105,2025-10,24
105,2025-11,36
105,2026-03,2
105,2026-04,67
105,2026-05,107
105,2026-06,87
106,2025-11,34
106,2025-12,31
106,2026-01,24
106,2026-02,36
106,2026-03,44
106,2026-04,46
106,2026-05,49
106,2026-06,87
11,2025-01,192
11,2025-02,200
11,2025-03,247
11,2025-04,212
11,2025-05,446
11,2025-06,339
11,2025-07,443
11,2025-08,396
11,2025-09,507
11,2025-10,530
11,2025-11,320
11,2025-12,324
11,2026-01,243
11,2026-02,218
11,2026-03,335
11,2026-04,311
11,2026-05,529
11,2026-06,418
11,2026-07,86
12,2025-03,1
12,2025-04,4
12,2025-05,3
12,2025-06,7
12,2025-07,10
12,2025-08,19
12,2025-09,10
12,2025-10,17
12,2025-11,9
12,2025-12,11
12,2026-01,12
12,2026-02,6
12,2026-03,13
12,2026-04,11
12,2026-05,25
12,2026-06,38
12,2026-07,8
14,2025-01,153
14,2025-02,128
14,2025-03,208
14,2025-04,177
14,2025-05,178
14,2025-06,233
14,2025-07,171
14,2025-08,252
14,2025-09,304
14,2025-10,331
14,2025-11,304
14,2025-12,243
14,2026-01,198
14,2026-02,173
14,2026-03,287
14,2026-04,209
14,2026-05,434
14,2026-06,294
14,2026-07,39
15,2025-07,4
15,2025-08,13
15,2025-09,5
15,2025-10,1
15,2025-11,3
15,2025-12,5
15,2026-01,8
15,2026-02,1
15,2026-04,3
15,2026-05,12
15,2026-06,9
15,2026-07,3
15A,2025-01,182
15A,2025-02,186
15A,2025-03,215
15A,2025-04,195
15A,2025-05,256
15A,2025-06,229
15A,2025-07,329
15A,2025-08,238
15A,2025-09,310
15A,2025-10,399
15A,2025-11,248
15A,2025-12,249
15A,2026-01,231
15A,2026-02,230
15A,2026-03,257
15A,2026-04,305
15A,2026-05,373
15A,2026-06,294
15A,2026-07,79
15B,2025-01,201
15B,2025-02,175
15B,2025-03,273
15B,2025-04,256
15B,2025-05,353
15B,2025-06,378
15B,2025-07,349
15B,2025-08,322
15B,2025-09,539
15B,2025-10,497
15B,2025-11,367
15B,2025-12,345
15B,2026-01,293
15B,2026-02,231
15B,2026-03,415
15B,2026-04,313
15B,2026-05,461
15B,2026-06,368
15B,2026-07,74
16,2025-01,10
16,2025-02,8
16,2025-03,2
16,2025-04,4
16,2025-06,8
16,2025-07,43
16,2025-08,16
16,2025-09,33
16,2025-10,24
16,2025-11,64
16,2025-12,27
16,2026-01,44
16,2026-02,40
16,2026-03,16
16,2026-04,18
16,2026-05,16
16,2026-06,115
16,2026-07,2
16A,2025-01,108
16A,2025-02,111
16A,2025-03,159
16A,2025-04,167
16A,2025-05,238
16A,2025-06,224
16A,2025-07,244
16A,2025-08,207
16A,2025-09,334
16A,2025-10,264
16A,2025-11,158
16A,2025-12,184
16A,2026-01,105
16A,2026-02,111
16A,2026-03,248
16A,2026-04,292
16A,2026-05,305
16A,2026-06,277
16A,2026-07,96
16B,2025-01,113
16B,2025-02,105
16B,2025-03,167
16B,2025-04,136
16B,2025-05,169
16B,2025-06,173
16B,2025-07,234
16B,2025-08,225
16B,2025-09,241
16B,2025-10,296
16B,2025-11,146
16B,2025-12,175
16B,2026-01,83
16B,2026-02,99
16B,2026-03,232
16B,2026-04,207
16B,2026-05,234
16B,2026-06,327
16B,2026-07,62
17,2025-01,157
17,2025-02,165
17,2025-03,185
17,2025-04,181
17,2025-05,277
17,2025-06,245
17,2025-07,362
17,2025-08,290
17,2025-09,381
17,2025-10,340
17,2025-11,399
17,2025-12,420
17,2026-01,347
17,2026-02,351
17,2026-03,474
17,2026-04,443
17,2026-05,577
17,2026-06,469
17,2026-07,77
18,2025-02,1
18,2025-03,5
18,2025-04,2
18,2025-05,1
18,2025-06,9
18,2025-07,32
18,2025-08,39
18,2025-09,178
18,2025-10,60
18,2026-04,2
18,2026-05,10
18,2026-06,85
18,2026-07,21
19,2025-01,14
19,2025-02,13
19,2025-03,14
19,2025-04,19
19,2025-05,22
19,2025-06,23
19,2025-07,37
19,2025-08,49
19,2025-09,32
19,2025-10,14
1A,2025-01,110
1A,2025-02,57
1A,2025-03,82
1A,2025-04,152
1A,2025-05,224
1A,2025-06,286
1A,2025-07,315
1A,2025-08,287
1A,2025-09,410
1A,2025-10,262
1A,2025-11,149
1A,2025-12,143
1A,2026-01,111
1A,2026-02,88
1A,2026-03,114
1A,2026-04,211
1A,2026-05,366
1A,2026-06,315
1A,2026-07,59
1B,2025-01,72
1B,2025-02,63
1B,2025-03,133
1B,2025-04,166
1B,2025-05,261
1B,2025-06,280
1B,2025-07,348
1B,2025-08,255
1B,2025-09,397
1B,2025-10,262
1B,2025-11,134
1B,2025-12,167
1B,2026-01,125
1B,2026-02,94
1B,2026-03,108
1B,2026-04,222
1B,2026-05,330
1B,2026-06,347
1B,2026-07,88
2,2025-01,39
2,2025-02,85
2,2025-03,100
2,2025-04,57
2,2025-05,114
2,2025-06,126
2,2025-07,97
2,2025-08,109
2,2025-09,95
2,2025-10,125
2,2025-11,110
2,2025-12,74
2,2026-01,65
2,2026-02,54
2,2026-03,40
2,2026-04,98
2,2026-05,128
2,2026-06,277
2,2026-07,79
20,2025-01,111
20,2025-02,143
20,2025-03,159
20,2025-04,207
20,2025-05,286
20,2025-06,297
20,2025-07,461
20,2025-08,402
20,2025-09,478
20,2025-10,400
20,2025-11,155
20,2025-12,361
20,2026-01,203
20,2026-02,212
20,2026-03,222
20,2026-04,278
20,2026-05,238
20,2026-06,228
20,2026-07,52
200,2025-01,4
200,2025-05,1
202,2026-06,3
206,2025-12,1
206,2026-03,2
21,2025-04,1
211,2025-04,3
211,2025-05,2
211,2025-06,2
211,2025-07,1
211,2025-10,3
211,2026-05,1
211,2026-06,22
22,2025-01,184
22,2025-02,161
22,2025-03,183
22,2025-04,202
22,2025-05,229
22,2025-06,283
22,2025-07,366
22,2025-08,366
22,2025-09,398
22,2025-10,356
22,2025-11,156
22,2025-12,318
22,2026-01,208
22,2026-02,167
22,2026-03,197
22,2026-04,324
22,2026-05,396
22,2026-06,406
22,2026-07,116
23,2025-04,1
23,2025-06,3
23,2025-07,1
23,2025-08,7
23,2025-10,10
24,2025-01,118
24,2025-02,114
24,2025-03,106
24,2025-04,136
24,2025-05,218
24,2025-06,244
24,2025-07,314
24,2025-08,278
24,2025-09,393
24,2025-10,262
24,2025-11,87
24,2025-12,212
24,2026-01,140
24,2026-02,169
24,2026-03,165
24,2026-04,181
24,2026-05,346
24,2026-06,401
24,2026-07,80
25,2025-01,105
25,2025-02,77
25,2025-03,109
25,2025-04,152
25,2025-05,187
25,2025-06,267
25,2025-07,276
25,2025-08,174
25,2025-09,273
25,2025-10,181
25,2025-11,61
25,2025-12,212
25,2026-01,133
25,2026-02,106
25,2026-03,114
25,2026-04,209
25,2026-05,293
25,2026-06,303
25,2026-07,66
26,2025-01,3
26,2025-02,3
26,2025-03,5
26,2025-04,3
26,2025-05,16
26,2025-06,23
26,2025-07,37
26,2025-08,28
26,2025-09,12
26,2025-10,10
26,2025-11,13
26,2025-12,13
26,2026-01,5
26,2026-02,2
26,2026-03,3
27,2025-01,11
27,2025-02,1
27,2025-03,8
27,2025-04,8
27,2025-05,25
27,2025-06,28
27,2025-07,37
27,2025-08,29
27,2025-09,38
27,2025-10,54
27,2025-11,19
27,2025-12,30
27,2026-01,16
27,2026-02,8
27,2026-03,6
27,2026-04,27
27,2026-05,28
27,2026-06,45
27,2026-07,7
28,2025-01,13
28,2025-02,9
28,2025-03,4
28,2025-04,3
28,2025-05,9
28,2025-06,13
28,2025-07,6
28,2025-08,9
28,2025-09,50
28,2025-10,12
28,2025-11,16
28,2025-12,39
28,2026-01,9
28,2026-02,23
28,2026-03,27
28,2026-04,24
28,2026-05,25
28,2026-06,79
28,2026-07,12
29,2025-01,30
29,2025-02,8
29,2025-03,16
29,2025-04,17
29,2025-05,53
29,2025-06,40
29,2025-07,57
29,2025-08,34
29,2025-09,74
29,2025-10,50
29,2025-11,45
29,2025-12,35
29,2026-01,20
29,2026-02,8
29,2026-03,38
29,2026-04,33
29,2026-05,43
29,2026-06,108
29,2026-07,41
3,2025-01,72
3,2025-02,75
3,2025-03,90
3,2025-04,83
3,2025-05,174
3,2025-06,90
3,2025-07,102
3,2025-08,130
3,2025-09,221
3,2025-10,147
3,2025-11,123
3,2025-12,167
3,2026-01,82
3,2026-02,79
3,2026-03,92
3,2026-04,133
3,2026-05,126
3,2026-06,193
3,2026-07,19
30,2025-01,11
30,2025-02,9
30,2025-03,19
30,2025-04,21
30,2025-05,41
30,2025-06,40
30,2025-07,66
30,2025-08,60
30,2025-09,146
30,2025-10,154
30,2025-11,36
30,2025-12,54
30,2026-01,22
30,2026-02,17
30,2026-03,19
30,2026-04,59
30,2026-05,40
30,2026-06,144
30,2026-07,24
308,2025-01,16
308,2025-02,3
308,2025-03,19
308,2025-04,12
308,2025-05,49
308,2025-06,10
308,2025-07,33
308,2025-08,9
308,2025-10,11
308,2025-11,11
308,2025-12,56
308,2026-01,19
308,2026-02,35
308,2026-03,42
308,2026-04,34
308,2026-05,55
308,2026-06,66
308,2026-07,8
309,2025-01,4
309,2025-02,14
309,2025-03,13
309,2025-04,11
309,2025-05,25
309,2025-06,31
309,2025-07,36
309,2025-08,36
309,2025-09,75
309,2025-10,59
309,2025-11,22
309,2025-12,41
309,2026-01,10
309,2026-02,23
309,2026-03,14
309,2026-04,6
309,2026-05,56
309,2026-06,94
309,2026-07,4
31,2025-01,6
31,2025-02,10
31,2025-03,55
31,2025-04,37
31,2025-05,27
31,2025-06,46
31,2025-07,74
31,2025-08,55
31,2025-09,146
31,2025-10,133
31,2025-11,37
31,2025-12,32
31,2026-01,19
31,2026-02,17
31,2026-03,37
31,2026-04,58
31,2026-05,88
31,2026-06,40
31,2026-07,7
310,2025-01,2
310,2025-02,1
310,2025-03,12
310,2025-04,1
310,2025-05,17
310,2025-06,24
310,2025-07,4
310,2025-08,32
310,2025-09,105
310,2025-10,118
310,2025-11,9
310,2025-12,33
310,2026-01,32
310,2026-02,17
310,2026-03,15
310,2026-04,8
310,2026-05,49
310,2026-06,84
310,2026-07,6
311,2025-01,8
311,2025-02,2
311,2025-03,20
311,2025-05,1
311,2025-06,10
311,2025-07,21
311,2025-08,17
311,2025-09,61
311,2025-10,67
311,2025-11,12
311,2025-12,31
311,2026-01,26
311,2026-02,10
311,2026-03,23
311,2026-04,21
311,2026-05,55
311,2026-06,154
312,2025-01,7
312,2025-03,4
312,2025-05,4
312,2025-06,28
312,2025-07,15
312,2025-08,11
312,2025-09,31
312,2025-10,18
312,2025-11,18
312,2025-12,18
312,2026-01,23
312,2026-02,19
312,2026-04,20
312,2026-05,54
312,2026-06,111
313,2025-01,3
313,2025-03,2
313,2025-04,7
313,2025-05,2
313,2025-06,8
313,2025-07,5
313,2025-08,6
313,2025-09,14
313,2025-10,29
313,2025-11,19
313,2025-12,21
313,2026-01,11
313,2026-02,15
313,2026-06,49
314,2025-01,1
314,2025-06,2
314,2025-08,1
314,2025-09,27
314,2025-10,15
314,2025-11,10
314,2025-12,5
314,2026-01,25
314,2026-02,6
314,2026-06,30
315,2025-01,2
315,2025-05,2
315,2025-06,1
315,2025-07,2
315,2025-09,7
315,2025-10,4
315,2025-11,9
315,2025-12,12
315,2026-01,2
315,2026-02,6
315,2026-06,2
316,2025-08,5
316,2025-09,1
316,2025-10,6
316,2025-11,12
316,2026-01,1
316,2026-03,17
316,2026-04,7
316,2026-06,3
317,2026-03,5
317,2026-05,12
317,2026-06,25
317A,2025-11,17
317A,2026-02,2
317A,2026-03,7
317A,2026-06,7
32,2025-01,3
32,2025-02,1
32,2025-03,1
32,2025-04,6
32,2025-05,5
32,2025-06,12
32,2025-07,15
32,2025-08,9
32,2025-09,17
32,2025-10,5
32,2025-11,8
32,2025-12,11
32,2026-01,5
32,2026-03,6
32,2026-04,10
32,2026-05,25
32,2026-06,15
32,2026-07,7
33,2025-01,42
33,2025-02,19
33,2025-03,58
33,2025-04,32
33,2025-05,28
33,2025-06,30
33,2025-07,44
33,2025-08,43
33,2025-09,67
33,2025-10,48
33,2025-11,44
33,2025-12,42
33,2026-01,24
33,2026-02,21
33,2026-03,42
33,2026-04,47
33,2026-05,48
33,2026-06,5
34,2025-01,28
34,2025-02,15
34,2025-03,54
34,2025-04,20
34,2025-06,5
4,2025-01,69
4,2025-02,67
4,2025-03,94
4,2025-04,70
4,2025-05,74
4,2025-06,76
4,2025-07,95
4,2025-08,62
4,2025-09,98
4,2025-10,143
4,2025-11,206
4,2025-12,266
4,2026-01,165
4,2026-02,133
4,2026-03,160
4,2026-04,97
4,2026-05,131
4,2026-06,115
4,2026-07,42
403,2026-06,5
403,2026-07,18
404,2026-05,7
404,2026-06,25
404,2026-07,26
405,2026-06,20
405,2026-07,44
406,2026-05,10
406,2026-06,17
406,2026-07,29
407,2026-05,25
407,2026-07,24
4A,2025-04,4
4A,2025-05,3
4A,2025-06,3
4A,2025-07,7
4A,2025-08,8
4A,2025-09,11
4A,2025-10,5
4A,2025-11,2
4A,2025-12,1
4A,2026-03,5
4A,2026-04,6
4A,2026-05,8
4A,2026-06,1
4A,2026-07,2
5,2025-01,39
5,2025-02,25
5,2025-03,23
5,2025-04,40
5,2025-05,69
5,2025-06,32
5,2025-07,46
5,2025-08,49
5,2025-09,45
5,2025-10,66
5,2025-11,34
5,2025-12,63
5,2026-01,20
5,2026-02,23
5,2026-03,18
5,2026-04,9
5,2026-05,27
5,2026-06,21
5,2026-07,2
6,2025-01,100
6,2025-02,76
6,2025-03,119
6,2025-04,173
6,2025-05,221
6,2025-06,277
6,2025-07,383
6,2025-08,319
6,2025-09,351
6,2025-10,261
6,2025-11,57
6,2025-12,157
6,2026-01,155
6,2026-02,107
6,2026-03,142
6,2026-04,229
6,2026-05,388
6,2026-06,307
6,2026-07,97
7,2025-01,40
7,2025-02,37
7,2025-03,76
7,2025-04,59
7,2025-05,122
7,2025-06,136
7,2025-07,183
7,2025-08,173
7,2025-09,123
7,2025-10,129
7,2025-11,102
7,2025-12,106
7,2026-01,53
7,2026-02,54
7,2026-03,40
7,2026-04,116
7,2026-05,144
7,2026-06,143
7,2026-07,48
8,2025-01,53
8,2025-02,35
8,2025-03,63
8,2025-04,93
8,2025-05,104
8,2025-06,160
8,2025-07,215
8,2025-08,201
8,2025-09,159
8,2025-10,151
8,2025-11,137
8,2025-12,180
8,2026-01,62
8,2026-02,64
8,2026-03,54
8,2026-04,136
8,2026-05,175
8,2026-06,174
8,2026-07,38
9,2025-01,41
9,2025-02,50
9,2025-03,66
9,2025-04,147
9,2025-05,322
9,2025-06,236
9,2025-07,331
9,2025-08,324
9,2025-09,301
9,2025-10,325
9,2025-11,182
9,2025-12,283
9,2026-01,166
9,2026-02,82
9,2026-03,182
9,2026-04,219
9,2026-05,228
9,2026-06,256
9,2026-07,57
