actual_window,actual_arrival_hour,booked_entry_hour,bookings,share_within_actual_hour
peak_03_06,3,0,92,0.002792702546823301
peak_03_06,3,1,169,0.005130073156664542
peak_03_06,3,2,2218,0.06732841574841393
peak_03_06,3,3,19829,0.6019184652278178
peak_03_06,3,4,9754,0.29608718088820085
peak_03_06,3,5,420,0.012749294235497678
peak_03_06,3,6,125,0.0037944328081838327
peak_03_06,3,7,23,0.0006981756367058252
peak_03_06,3,8,12,0.00036426554958564794
peak_03_06,3,9,15,0.00045533193698205993
peak_03_06,3,10,10,0.00030355462465470664
peak_03_06,3,11,12,0.00036426554958564794
peak_03_06,3,12,27,0.0008195974865677078
peak_03_06,3,13,9,0.00027319916218923596
peak_03_06,3,14,26,0.0007892420241022372
peak_03_06,3,15,91,0.0027623470843578302
peak_03_06,3,16,35,0.0010624411862914733
peak_03_06,3,17,12,0.00036426554958564794
peak_03_06,3,18,15,0.00045533193698205993
peak_03_06,3,19,12,0.00036426554958564794
peak_03_06,3,20,5,0.00015177731232735332
peak_03_06,3,21,11,0.00033391008712017726
peak_03_06,3,22,8,0.0002428436997237653
peak_03_06,3,23,13,0.0003946210120511186
peak_03_06,4,0,91,0.0015823335072161363
peak_03_06,4,1,68,0.0011824030603373326
peak_03_06,4,2,550,0.009563554164493131
peak_03_06,4,3,10314,0.17934272300469484
peak_03_06,4,4,38323,0.6663710659015823
peak_03_06,4,5,7055,0.12267431750999826
peak_03_06,4,6,509,0.008850634672230916
peak_03_06,4,7,86,0.0014953921057207441
peak_03_06,4,8,34,0.0005912015301686663
peak_03_06,4,9,23,0.0003999304468788037
peak_03_06,4,10,26,0.00045209528777603896
peak_03_06,4,11,28,0.0004868718483741958
peak_03_06,4,12,37,0.0006433663710659016
peak_03_06,4,13,10,0.0001738828029907842
peak_03_06,4,14,30,0.0005216484089723526
peak_03_06,4,15,65,0.0011302382194400974
peak_03_06,4,16,125,0.0021735350373848026
peak_03_06,4,17,31,0.0005390366892714311
peak_03_06,4,18,35,0.0006085898104677448
peak_03_06,4,19,20,0.0003477656059815684
peak_03_06,4,20,20,0.0003477656059815684
peak_03_06,4,21,12,0.00020865936358894105
peak_03_06,4,22,8,0.00013910624239262738
peak_03_06,4,23,10,0.0001738828029907842
peak_03_06,5,0,38,0.0010587612493382743
peak_03_06,5,1,19,0.0005293806246691371
peak_03_06,5,2,54,0.0015045554595859685
peak_03_06,5,3,557,0.01551921094424786
peak_03_06,5,4,6965,0.19405979214844948
peak_03_06,5,5,22813,0.6356189573987908
peak_03_06,5,6,4799,0.13371040093616784
peak_03_06,5,7,292,0.008135744337020422
peak_03_06,5,8,77,0.0021453846368170294
peak_03_06,5,9,34,0.0009473126967763507
peak_03_06,5,10,19,0.0005293806246691371
peak_03_06,5,11,8,0.0002228971051238472
peak_03_06,5,12,32,0.0008915884204953889
peak_03_06,5,13,11,0.0003064835195452899
peak_03_06,5,14,11,0.0003064835195452899
peak_03_06,5,15,19,0.0005293806246691371
peak_03_06,5,16,26,0.0007244155916525034
peak_03_06,5,17,49,0.001365244768883564
peak_03_06,5,18,25,0.0006965534535120225
peak_03_06,5,19,20,0.000557242762809618
peak_03_06,5,20,11,0.0003064835195452899
peak_03_06,5,21,3,8.35864144214427e-05
peak_03_06,5,22,2,5.57242762809618e-05
peak_03_06,5,23,7,0.0001950349669833663
peak_10_14,10,0,7,0.00024516671336508825
peak_10_14,10,1,4,0.00014009526478005044
peak_10_14,10,2,10,0.0003502381619501261
peak_10_14,10,3,27,0.0009456430372653405
peak_10_14,10,4,48,0.0016811431773606051
peak_10_14,10,5,34,0.0011908097506304286
peak_10_14,10,6,48,0.0016811431773606051
peak_10_14,10,7,85,0.0029770243765760715
peak_10_14,10,8,417,0.014604931353320258
peak_10_14,10,9,3320,0.11627906976744186
peak_10_14,10,10,14860,0.5204539086578873
peak_10_14,10,11,8278,0.2899271504623144
peak_10_14,10,12,1196,0.04188848416923508
peak_10_14,10,13,120,0.004202857943401513
peak_10_14,10,14,41,0.001435976463995517
peak_10_14,10,15,16,0.0005603810591202018
peak_10_14,10,16,12,0.0004202857943401513
peak_10_14,10,17,6,0.00021014289717007564
peak_10_14,10,18,4,0.00014009526478005044
peak_10_14,10,19,3,0.00010507144858503782
peak_10_14,10,20,4,0.00014009526478005044
peak_10_14,10,21,3,0.00010507144858503782
peak_10_14,10,22,4,0.00014009526478005044
peak_10_14,10,23,5,0.00017511908097506306
peak_10_14,11,0,19,0.0005118396594919318
peak_10_14,11,1,1,2.693892944694378e-05
peak_10_14,11,2,14,0.0003771450122572129
peak_10_14,11,3,27,0.000727351095067482
peak_10_14,11,4,44,0.0011853128956655263
peak_10_14,11,5,25,0.0006734732361735944
peak_10_14,11,6,42,0.0011314350367716388
peak_10_14,11,7,29,0.0007812289539613696
peak_10_14,11,8,163,0.004391045499851836
peak_10_14,11,9,503,0.01355028151181272
peak_10_14,11,10,4941,0.13310525039734922
peak_10_14,11,11,19244,0.5184127582769861
peak_10_14,11,12,10847,0.2922065677109992
peak_10_14,11,13,940,0.025322593680127153
peak_10_14,11,14,169,0.004552679076533499
peak_10_14,11,15,45,0.00121225182511247
peak_10_14,11,16,17,0.00045796180059804424
peak_10_14,11,17,9,0.000242450365022494
peak_10_14,11,18,15,0.00040408394170415667
peak_10_14,11,19,8,0.00021551143557555023
peak_10_14,11,20,4,0.00010775571778777511
peak_10_14,11,21,3,8.081678834083133e-05
peak_10_14,11,22,5,0.0001346946472347189
peak_10_14,11,23,7,0.00018857250612860644
peak_10_14,12,0,20,0.0006085501293169025
peak_10_14,12,1,21,0.0006389776357827476
peak_10_14,12,2,8,0.000243420051726761
peak_10_14,12,3,20,0.0006085501293169025
peak_10_14,12,4,29,0.0008823976875095086
peak_10_14,12,5,16,0.000486840103453522
peak_10_14,12,6,18,0.0005476951163852122
peak_10_14,12,7,21,0.0006389776357827476
peak_10_14,12,8,48,0.001460520310360566
peak_10_14,12,9,133,0.004046858359957401
peak_10_14,12,10,783,0.023824737562756732
peak_10_14,12,11,5115,0.1556366955727978
peak_10_14,12,12,19091,0.5808915259394493
peak_10_14,12,13,6596,0.20069983264871444
peak_10_14,12,14,727,0.022120797200669406
peak_10_14,12,15,126,0.0038338658146964857
peak_10_14,12,16,33,0.0010041077133728891
peak_10_14,12,17,16,0.000486840103453522
peak_10_14,12,18,17,0.0005172676099193671
peak_10_14,12,19,9,0.0002738475581926061
peak_10_14,12,20,6,0.00018256503879507074
peak_10_14,12,21,4,0.0001217100258633805
peak_10_14,12,22,1,3.0427506465845125e-05
peak_10_14,12,23,7,0.00021299254526091586
peak_10_14,13,0,14,0.0007044379591425984
peak_10_14,13,1,33,0.0016604609036932677
peak_10_14,13,2,14,0.0007044379591425984
peak_10_14,13,3,15,0.0007547549562242125
peak_10_14,13,4,19,0.0009560229445506692
peak_10_14,13,5,17,0.0008553889503874408
peak_10_14,13,6,27,0.0013585589212035825
peak_10_14,13,7,12,0.00060380396497937
peak_10_14,13,8,18,0.0009057059474690551
peak_10_14,13,9,45,0.0022642648686726375
peak_10_14,13,10,120,0.0060380396497937
peak_10_14,13,11,530,0.02666800845325551
peak_10_14,13,12,4543,0.22859011774177318
peak_10_14,13,13,9987,0.5025158498540807
peak_10_14,13,14,3845,0.1934688537788065
peak_10_14,13,15,478,0.024051524605011573
peak_10_14,13,16,93,0.004679480728590118
peak_10_14,13,17,28,0.0014088759182851968
peak_10_14,13,18,11,0.0005534869678977558
peak_10_14,13,19,8,0.00040253597665291336
peak_10_14,13,20,3,0.0001509509912448425
peak_10_14,13,21,3,0.0001509509912448425
peak_10_14,13,22,6,0.000301901982489685
peak_10_14,13,23,5,0.00025158498540807085
