actual_window,duration_band,price_quintile,slot_relation,bookings,avg_price_per_day,median_price_per_day,share_within_duration_price
peak_03_06,0-1 days,Q1_low_to_high,booked_earlier_slot,2,53.676411960132896,53.676411960132896,0.006825938566552901
peak_03_06,0-1 days,Q1_low_to_high,booked_inside_window,275,60.50429602940628,61.526153846153846,0.9385665529010239
peak_03_06,0-1 days,Q1_low_to_high,booked_later_slot,16,59.449576656036314,61.700571428571436,0.05460750853242321
peak_03_06,0-1 days,Q2_low_to_high,booked_earlier_slot,1,71.98400000000001,71.98400000000001,0.003003003003003003
peak_03_06,0-1 days,Q2_low_to_high,booked_inside_window,309,71.64343967602399,71.98285714285714,0.9279279279279279
peak_03_06,0-1 days,Q2_low_to_high,booked_later_slot,23,72.17416235592415,71.98400000000001,0.06906906906906907
peak_03_06,0-1 days,Q3_low_to_high,booked_earlier_slot,2,81.386,81.386,0.00625
peak_03_06,0-1 days,Q3_low_to_high,booked_inside_window,294,82.03108660119274,82.48500000000001,0.91875
peak_03_06,0-1 days,Q3_low_to_high,booked_later_slot,24,81.82383466394018,80.94278571428572,0.075
peak_03_06,0-1 days,Q4_low_to_high,booked_earlier_slot,1,102.29052631578948,102.29052631578948,0.003937007874015748
peak_03_06,0-1 days,Q4_low_to_high,booked_inside_window,210,94.35309012089228,93.31793050193049,0.8267716535433071
peak_03_06,0-1 days,Q4_low_to_high,booked_later_slot,43,94.9741340106831,94.32827586206898,0.16929133858267717
peak_03_06,0-1 days,Q5_low_to_high,booked_inside_window,141,144.3432138098154,119.98,0.8245614035087719
peak_03_06,0-1 days,Q5_low_to_high,booked_later_slot,30,221.06630716154856,121.82692307692308,0.17543859649122806
peak_03_06,2-3 days,Q1_low_to_high,booked_earlier_slot,29,21.77506167875768,21.981068702290077,0.022585669781931463
peak_03_06,2-3 days,Q1_low_to_high,booked_inside_window,1174,22.42565842219481,22.496250000000003,0.9143302180685359
peak_03_06,2-3 days,Q1_low_to_high,booked_later_slot,81,22.795367114213718,23.036160000000002,0.0630841121495327
peak_03_06,2-3 days,Q2_low_to_high,booked_earlier_slot,2,26.32928205128205,26.32928205128205,0.0027210884353741495
peak_03_06,2-3 days,Q2_low_to_high,booked_inside_window,654,26.390774619877096,26.214453781512603,0.889795918367347
peak_03_06,2-3 days,Q2_low_to_high,booked_later_slot,79,26.28007385645792,26.0648275862069,0.10748299319727891
peak_03_06,2-3 days,Q3_low_to_high,booked_earlier_slot,14,30.684018793767503,29.996666666666666,0.01580135440180587
peak_03_06,2-3 days,Q3_low_to_high,booked_inside_window,789,31.60535372953574,31.73157024793388,0.8905191873589164
peak_03_06,2-3 days,Q3_low_to_high,booked_later_slot,83,31.45440425808162,31.510303030303028,0.09367945823927765
peak_03_06,2-3 days,Q4_low_to_high,booked_earlier_slot,9,38.19331804851746,39.020487804878044,0.010356731875719217
peak_03_06,2-3 days,Q4_low_to_high,booked_inside_window,785,38.40419921041056,38.17636363636363,0.903337169159954
peak_03_06,2-3 days,Q4_low_to_high,booked_later_slot,75,38.80273584733318,38.9495652173913,0.08630609896432681
peak_03_06,2-3 days,Q5_low_to_high,booked_earlier_slot,4,63.337041176470585,60.23219999999999,0.0057306590257879654
peak_03_06,2-3 days,Q5_low_to_high,booked_inside_window,604,52.72060059218146,49.2745063156022,0.8653295128939829
peak_03_06,2-3 days,Q5_low_to_high,booked_later_slot,90,52.98253452645268,50.02087367178275,0.12893982808022922
peak_03_06,4-7 days,Q1_low_to_high,booked_earlier_slot,328,8.414103503472314,8.569251700680272,0.03629523071815868
peak_03_06,4-7 days,Q1_low_to_high,booked_inside_window,8191,8.47625069378849,8.542135922330097,0.9063848622330419
peak_03_06,4-7 days,Q1_low_to_high,booked_later_slot,518,8.351625036188834,8.43297124600639,0.05731990704879938
peak_03_06,4-7 days,Q2_low_to_high,booked_earlier_slot,269,11.191162644916954,11.137215189873418,0.03161730136342266
peak_03_06,4-7 days,Q2_low_to_high,booked_inside_window,7792,11.204105649945001,11.16093023255814,0.9158439116125999
peak_03_06,4-7 days,Q2_low_to_high,booked_later_slot,447,11.184943709401102,11.131546391752577,0.052538787023977435
peak_03_06,4-7 days,Q3_low_to_high,booked_earlier_slot,232,14.23232098581057,14.231804093154551,0.028695114409400122
peak_03_06,4-7 days,Q3_low_to_high,booked_inside_window,7419,14.274688126622221,14.326567164179105,0.9176252319109462
peak_03_06,4-7 days,Q3_low_to_high,booked_later_slot,434,14.161167847670278,14.064175824175823,0.05367965367965368
peak_03_06,4-7 days,Q4_low_to_high,booked_earlier_slot,222,18.033504423612655,17.96251787900264,0.025273224043715847
peak_03_06,4-7 days,Q4_low_to_high,booked_inside_window,8121,18.205612444649386,18.196777251184834,0.9245218579234973
peak_03_06,4-7 days,Q4_low_to_high,booked_later_slot,441,18.25728239618638,18.22,0.050204918032786885
peak_03_06,4-7 days,Q5_low_to_high,booked_earlier_slot,170,25.466359992099065,24.18529955867239,0.02493765586034913
peak_03_06,4-7 days,Q5_low_to_high,booked_inside_window,6244,25.07708102823103,23.61489271723133,0.9159454305412938
peak_03_06,4-7 days,Q5_low_to_high,booked_later_slot,403,25.83588573808564,23.997837837837835,0.05911691359835705
peak_03_06,8-10 days,Q1_low_to_high,booked_earlier_slot,371,6.315770077340122,6.517333333333333,0.03355037077229155
peak_03_06,8-10 days,Q1_low_to_high,booked_inside_window,9982,6.405702906771524,6.610247933884298,0.9026948815337312
peak_03_06,8-10 days,Q1_low_to_high,booked_later_slot,705,6.281767979301448,6.574027397260274,0.06375474769397721
peak_03_06,8-10 days,Q2_low_to_high,booked_earlier_slot,342,8.344676528156535,8.105788554109466,0.03362501228984367
peak_03_06,8-10 days,Q2_low_to_high,booked_inside_window,9248,8.31838867438466,8.088539325842696,0.9092517943171763
peak_03_06,8-10 days,Q2_low_to_high,booked_later_slot,581,8.325381391498835,8.168851063829788,0.05712319339298004
peak_03_06,8-10 days,Q3_low_to_high,booked_earlier_slot,347,10.422543048394603,10.490491803278688,0.03181151448478181
peak_03_06,8-10 days,Q3_low_to_high,booked_inside_window,10135,10.355766785439373,10.577190082644627,0.9291345801246791
peak_03_06,8-10 days,Q3_low_to_high,booked_later_slot,426,10.423509157057204,10.490491803278688,0.03905390539053905
peak_03_06,8-10 days,Q4_low_to_high,booked_earlier_slot,329,12.662448225450687,12.730822281167107,0.030164114788667828
peak_03_06,8-10 days,Q4_low_to_high,booked_inside_window,10204,12.689572269945838,12.428429752066116,0.9355459796460989
peak_03_06,8-10 days,Q4_low_to_high,booked_later_slot,374,12.83950715746943,12.744406779661016,0.034289905565233335
peak_03_06,8-10 days,Q5_low_to_high,booked_earlier_slot,311,17.86783568152678,17.001416893732973,0.029952807473755175
peak_03_06,8-10 days,Q5_low_to_high,booked_inside_window,9702,17.857360588256626,17.16067039106145,0.9344120196475008
peak_03_06,8-10 days,Q5_low_to_high,booked_later_slot,370,18.239460121676036,17.329682310469316,0.0356351728787441
peak_03_06,11-14 days,Q1_low_to_high,booked_earlier_slot,126,5.824125356576596,6.0423021582733805,0.041944074567243674
peak_03_06,11-14 days,Q1_low_to_high,booked_inside_window,2673,5.809673028459465,6.036521739130435,0.8898135818908123
peak_03_06,11-14 days,Q1_low_to_high,booked_later_slot,205,5.761439228753114,6.031454219030521,0.06824234354194407
peak_03_06,11-14 days,Q2_low_to_high,booked_earlier_slot,110,7.2300960357755,7.085669291338582,0.036605657237936774
peak_03_06,11-14 days,Q2_low_to_high,booked_inside_window,2711,7.3833167029852875,7.207632508833922,0.9021630615640599
peak_03_06,11-14 days,Q2_low_to_high,booked_later_slot,184,7.37566705119943,7.215304895505295,0.06123128119800333
peak_03_06,11-14 days,Q3_low_to_high,booked_earlier_slot,110,9.029050035999177,9.004978354978356,0.03798342541436464
peak_03_06,11-14 days,Q3_low_to_high,booked_inside_window,2641,9.03592768096248,9.046666666666667,0.9119475138121547
peak_03_06,11-14 days,Q3_low_to_high,booked_later_slot,145,9.028992238837846,9.100838323353292,0.05006906077348066
peak_03_06,11-14 days,Q4_low_to_high,booked_earlier_slot,80,10.654698384492416,10.679204558087825,0.02867383512544803
peak_03_06,11-14 days,Q4_low_to_high,booked_inside_window,2589,10.58486152915819,10.492955465587045,0.9279569892473118
peak_03_06,11-14 days,Q4_low_to_high,booked_later_slot,121,10.598386986004787,10.433788819875776,0.043369175627240145
peak_03_06,11-14 days,Q5_low_to_high,booked_earlier_slot,101,14.909366802631041,14.17228346456693,0.03788447111777944
peak_03_06,11-14 days,Q5_low_to_high,booked_inside_window,2439,14.775899903465692,14.285880217785845,0.9148537134283571
peak_03_06,11-14 days,Q5_low_to_high,booked_later_slot,126,15.443383277336462,14.894247773650928,0.047261815453863466
peak_03_06,15-21 days,Q1_low_to_high,booked_earlier_slot,91,5.243783561784128,5.587647058823529,0.043478260869565216
peak_03_06,15-21 days,Q1_low_to_high,booked_inside_window,1876,5.245956791396492,5.545714285714285,0.8963210702341137
peak_03_06,15-21 days,Q1_low_to_high,booked_later_slot,126,5.216775513118052,5.30461631817955,0.06020066889632107
peak_03_06,15-21 days,Q2_low_to_high,booked_earlier_slot,69,6.438791330294028,6.39936,0.03656597774244833
peak_03_06,15-21 days,Q2_low_to_high,booked_inside_window,1681,6.465820894663154,6.497879656160459,0.8908320084790673
peak_03_06,15-21 days,Q2_low_to_high,booked_later_slot,137,6.4953899483976265,6.522918454935622,0.07260201377848437
peak_03_06,15-21 days,Q3_low_to_high,booked_earlier_slot,79,7.9457904216071205,7.896309012875536,0.04114583333333333
peak_03_06,15-21 days,Q3_low_to_high,booked_inside_window,1735,7.877324362785763,7.872760180995475,0.9036458333333334
peak_03_06,15-21 days,Q3_low_to_high,booked_later_slot,106,7.850119720736714,7.837522199719583,0.05520833333333333
peak_03_06,15-21 days,Q4_low_to_high,booked_earlier_slot,82,9.16619187625832,9.113735357398998,0.04130982367758186
peak_03_06,15-21 days,Q4_low_to_high,booked_inside_window,1792,9.203918360038555,9.255537190082645,0.9027707808564231
peak_03_06,15-21 days,Q4_low_to_high,booked_later_slot,111,9.148937045477886,9.074957983193277,0.05591939546599496
peak_03_06,15-21 days,Q5_low_to_high,booked_earlier_slot,68,12.21689903931668,11.794836811521458,0.03870233352305066
peak_03_06,15-21 days,Q5_low_to_high,booked_inside_window,1589,12.357626066383972,12.063191489361703,0.9043824701195219
peak_03_06,15-21 days,Q5_low_to_high,booked_later_slot,100,12.800465408691357,12.412289595531364,0.056915196357427436
peak_03_06,22+ days,Q1_low_to_high,booked_earlier_slot,22,4.891463773423143,5.00854369359212,0.057291666666666664
peak_03_06,22+ days,Q1_low_to_high,booked_inside_window,339,4.873527883714757,5.003397683397684,0.8828125
peak_03_06,22+ days,Q1_low_to_high,booked_later_slot,23,4.964451106732758,5.084846715328466,0.059895833333333336
peak_03_06,22+ days,Q2_low_to_high,booked_earlier_slot,16,5.6384793580225185,5.628523086443805,0.04199475065616798
peak_03_06,22+ days,Q2_low_to_high,booked_inside_window,331,5.677529227101442,5.6190439024390235,0.868766404199475
peak_03_06,22+ days,Q2_low_to_high,booked_later_slot,34,5.659887415414275,5.637534690384498,0.08923884514435695
peak_03_06,22+ days,Q3_low_to_high,booked_earlier_slot,21,6.418026470311862,6.4797685631629705,0.05384615384615385
peak_03_06,22+ days,Q3_low_to_high,booked_inside_window,336,6.312613436801369,6.291240754881642,0.8615384615384616
peak_03_06,22+ days,Q3_low_to_high,booked_later_slot,33,6.2724451299535335,6.300787644787645,0.08461538461538462
peak_03_06,22+ days,Q4_low_to_high,booked_earlier_slot,17,7.277011221448096,7.227165109034268,0.049707602339181284
peak_03_06,22+ days,Q4_low_to_high,booked_inside_window,304,7.274443943601741,7.239906014385351,0.8888888888888888
peak_03_06,22+ days,Q4_low_to_high,booked_later_slot,21,7.275363806801817,7.268607863974495,0.06140350877192982
peak_03_06,22+ days,Q5_low_to_high,booked_earlier_slot,21,9.207268718712957,9.11719462302747,0.061224489795918366
peak_03_06,22+ days,Q5_low_to_high,booked_inside_window,302,9.449689689354079,9.065824265064155,0.880466472303207
peak_03_06,22+ days,Q5_low_to_high,booked_later_slot,20,9.336086869093652,8.53096142015343,0.05830903790087463
peak_10_14,0-1 days,Q1_low_to_high,booked_earlier_slot,1,59.99,59.99,0.015873015873015872
peak_10_14,0-1 days,Q1_low_to_high,booked_inside_window,52,52.715000261248704,51.23537993920973,0.8253968253968254
peak_10_14,0-1 days,Q1_low_to_high,booked_later_slot,10,50.57783147543247,49.99,0.15873015873015872
peak_10_14,0-1 days,Q2_low_to_high,booked_inside_window,11,72.97934952909135,74.91512195121952,0.9166666666666666
peak_10_14,0-1 days,Q2_low_to_high,booked_later_slot,1,77.12571428571428,77.12571428571428,0.08333333333333333
peak_10_14,0-1 days,Q3_low_to_high,booked_earlier_slot,1,79.98400000000001,79.98400000000001,0.16666666666666666
peak_10_14,0-1 days,Q3_low_to_high,booked_inside_window,5,84.98769598155329,85.69714285714285,0.8333333333333334
peak_10_14,0-1 days,Q4_low_to_high,booked_earlier_slot,2,96.42555555555556,96.42555555555556,0.09523809523809523
peak_10_14,0-1 days,Q4_low_to_high,booked_inside_window,16,99.34509730664614,100.8624827586207,0.7619047619047619
peak_10_14,0-1 days,Q4_low_to_high,booked_later_slot,3,96.18027067669173,95.976,0.14285714285714285
peak_10_14,0-1 days,Q5_low_to_high,booked_earlier_slot,6,218.19777105508868,176.23764705882354,0.08571428571428572
peak_10_14,0-1 days,Q5_low_to_high,booked_inside_window,49,187.0960292236525,134.97000000000003,0.7
peak_10_14,0-1 days,Q5_low_to_high,booked_later_slot,15,195.34243507411063,149.97000000000003,0.21428571428571427
peak_10_14,2-3 days,Q1_low_to_high,booked_earlier_slot,39,23.164160850250777,23.455037593984958,0.08405172413793104
peak_10_14,2-3 days,Q1_low_to_high,booked_inside_window,376,22.413658917612842,23.22193548387097,0.8103448275862069
peak_10_14,2-3 days,Q1_low_to_high,booked_later_slot,49,21.546346614185133,21.069658536585365,0.10560344827586207
peak_10_14,2-3 days,Q2_low_to_high,booked_earlier_slot,44,26.87092728670824,26.807222857142857,0.05812417437252312
peak_10_14,2-3 days,Q2_low_to_high,booked_inside_window,654,26.659988304070133,26.662222222222223,0.8639365918097754
peak_10_14,2-3 days,Q2_low_to_high,booked_later_slot,59,26.849987898088774,26.91140186915888,0.07793923381770146
peak_10_14,2-3 days,Q3_low_to_high,booked_earlier_slot,44,31.590390036584633,31.770918367346937,0.06276747503566334
peak_10_14,2-3 days,Q3_low_to_high,booked_inside_window,605,30.996353767860786,30.821284403669722,0.8630527817403709
peak_10_14,2-3 days,Q3_low_to_high,booked_later_slot,52,31.1158706082169,31.030671880554568,0.07417974322396577
peak_10_14,2-3 days,Q4_low_to_high,booked_earlier_slot,43,38.17792502335561,38.09142857142857,0.06515151515151515
peak_10_14,2-3 days,Q4_low_to_high,booked_inside_window,576,38.71320857533933,38.788147157190636,0.8727272727272727
peak_10_14,2-3 days,Q4_low_to_high,booked_later_slot,41,38.11987308122648,38.2258407079646,0.06212121212121212
peak_10_14,2-3 days,Q5_low_to_high,booked_earlier_slot,36,54.18261454990536,51.22036633663366,0.04819277108433735
peak_10_14,2-3 days,Q5_low_to_high,booked_inside_window,621,53.835157667349684,50.70792452830189,0.8313253012048193
peak_10_14,2-3 days,Q5_low_to_high,booked_later_slot,90,55.138419864832315,52.88269859544094,0.12048192771084337
peak_10_14,4-7 days,Q1_low_to_high,booked_earlier_slot,407,8.407741247170266,8.3976,0.08014966522252856
peak_10_14,4-7 days,Q1_low_to_high,booked_inside_window,4391,8.472667904872983,8.487202572347266,0.8647105159511619
peak_10_14,4-7 days,Q1_low_to_high,booked_later_slot,280,8.234424433917185,8.457511748120302,0.05513981882630957
peak_10_14,4-7 days,Q2_low_to_high,booked_earlier_slot,318,11.152482543837298,11.051052631578948,0.059074865316737876
peak_10_14,4-7 days,Q2_low_to_high,booked_inside_window,4746,11.209192058555871,11.07446153846154,0.881664499349805
peak_10_14,4-7 days,Q2_low_to_high,booked_later_slot,319,11.13278673833128,11.090420168067228,0.05926063533345718
peak_10_14,4-7 days,Q3_low_to_high,booked_earlier_slot,287,14.250584966946988,14.369820359281437,0.04879292757565454
peak_10_14,4-7 days,Q3_low_to_high,booked_inside_window,5229,14.226036025119985,14.211262135922329,0.88898333900034
peak_10_14,4-7 days,Q3_low_to_high,booked_later_slot,366,14.350615981758928,14.48387102937664,0.06222373342400544
peak_10_14,4-7 days,Q4_low_to_high,booked_earlier_slot,302,18.24708215943016,18.188085595289387,0.05802113352545629
peak_10_14,4-7 days,Q4_low_to_high,booked_inside_window,4531,18.22389698036808,18.141244019138753,0.870509125840538
peak_10_14,4-7 days,Q4_low_to_high,booked_later_slot,372,18.15259752021402,18.079710231411198,0.07146974063400577
peak_10_14,4-7 days,Q5_low_to_high,booked_earlier_slot,284,25.50709600635698,23.469283596365372,0.0460291734197731
peak_10_14,4-7 days,Q5_low_to_high,booked_inside_window,5537,25.88785157613052,23.997142857142855,0.8974068071312804
peak_10_14,4-7 days,Q5_low_to_high,booked_later_slot,349,25.89819657774193,23.7996694214876,0.05656401944894651
peak_10_14,8-10 days,Q1_low_to_high,booked_earlier_slot,521,6.286513423985253,6.502764227642277,0.055817441611313474
peak_10_14,8-10 days,Q1_low_to_high,booked_inside_window,8474,6.3856316525152605,6.592087912087913,0.9078637240197128
peak_10_14,8-10 days,Q1_low_to_high,booked_later_slot,339,6.420970269089732,6.665333333333334,0.036318834368973645
peak_10_14,8-10 days,Q2_low_to_high,booked_earlier_slot,452,8.321723698588892,8.171675675675676,0.044205378973105135
peak_10_14,8-10 days,Q2_low_to_high,booked_inside_window,9368,8.38102528438864,8.2272,0.9161858190709047
peak_10_14,8-10 days,Q2_low_to_high,booked_later_slot,405,8.344792332559484,8.15728045325779,0.03960880195599022
peak_10_14,8-10 days,Q3_low_to_high,booked_earlier_slot,450,10.363870259501235,10.37708108108108,0.04172461752433936
peak_10_14,8-10 days,Q3_low_to_high,booked_inside_window,9796,10.403698942670632,10.519232876712328,0.9082985628187297
peak_10_14,8-10 days,Q3_low_to_high,booked_later_slot,539,10.383959866754804,10.606408839779004,0.049976819656930925
peak_10_14,8-10 days,Q4_low_to_high,booked_earlier_slot,360,12.809245693216631,12.704470588235294,0.029086208289569364
peak_10_14,8-10 days,Q4_low_to_high,booked_inside_window,11403,12.674748405290154,12.63017543859649,0.9213056475721095
peak_10_14,8-10 days,Q4_low_to_high,booked_later_slot,614,12.793352644278787,12.70932138683288,0.04960814413832108
peak_10_14,8-10 days,Q5_low_to_high,booked_earlier_slot,384,17.71763194069636,16.863567567567568,0.03155299917830731
peak_10_14,8-10 days,Q5_low_to_high,booked_inside_window,11151,18.012322017433075,17.094575342465752,0.9162695152013147
peak_10_14,8-10 days,Q5_low_to_high,booked_later_slot,635,18.235849400882262,17.380278551532033,0.05217748562037798
peak_10_14,11-14 days,Q1_low_to_high,booked_earlier_slot,202,5.788889474032809,6.032671016671934,0.059324522760646106
peak_10_14,11-14 days,Q1_low_to_high,booked_inside_window,3075,5.815810031978534,6.0531891891891885,0.9030837004405287
peak_10_14,11-14 days,Q1_low_to_high,booked_later_slot,128,5.902927377381583,6.161172456898797,0.037591776798825256
peak_10_14,11-14 days,Q2_low_to_high,booked_earlier_slot,154,7.354119400260941,7.286477732793522,0.045778834720570746
peak_10_14,11-14 days,Q2_low_to_high,booked_inside_window,3068,7.412056959355483,7.286477732793522,0.9120095124851367
peak_10_14,11-14 days,Q2_low_to_high,booked_later_slot,142,7.340245393511248,7.213466933867735,0.04221165279429251
peak_10_14,11-14 days,Q3_low_to_high,booked_earlier_slot,154,8.981118743357095,8.9854833864087,0.04353972292903591
peak_10_14,11-14 days,Q3_low_to_high,booked_inside_window,3235,9.015840543848093,8.97543307086614,0.9146169069833192
peak_10_14,11-14 days,Q3_low_to_high,booked_later_slot,148,8.991463875761331,9.049800399201597,0.041843370087644896
peak_10_14,11-14 days,Q4_low_to_high,booked_earlier_slot,146,10.591325260265391,10.419449035812672,0.0369713851608002
peak_10_14,11-14 days,Q4_low_to_high,booked_inside_window,3612,10.601407517996508,10.52799655073297,0.9146619397315776
peak_10_14,11-14 days,Q4_low_to_high,booked_later_slot,191,10.645874607787515,10.565283018867925,0.04836667510762218
peak_10_14,11-14 days,Q5_low_to_high,booked_earlier_slot,134,14.68495561795207,13.95135190334159,0.035440359693202854
peak_10_14,11-14 days,Q5_low_to_high,booked_inside_window,3467,14.889388991031026,14.195046210720887,0.9169531869875694
peak_10_14,11-14 days,Q5_low_to_high,booked_later_slot,180,14.845449434176986,14.23449784258295,0.04760645331922772
peak_10_14,15-21 days,Q1_low_to_high,booked_earlier_slot,161,5.051946141221942,5.228235294117646,0.06225831399845321
peak_10_14,15-21 days,Q1_low_to_high,booked_inside_window,2295,5.207045389809834,5.499499999999999,0.8874709976798144
peak_10_14,15-21 days,Q1_low_to_high,booked_later_slot,130,5.100484184134832,5.348401695871935,0.050270688321732405
peak_10_14,15-21 days,Q2_low_to_high,booked_earlier_slot,137,6.403489539730013,6.416470588235294,0.058223544411389716
peak_10_14,15-21 days,Q2_low_to_high,booked_inside_window,2128,6.452035154070671,6.4858036984352765,0.9043773905652359
peak_10_14,15-21 days,Q2_low_to_high,booked_later_slot,88,6.395176540139346,6.448784729586427,0.037399065023374416
peak_10_14,15-21 days,Q3_low_to_high,booked_earlier_slot,134,7.807242292475056,7.811703423329027,0.054339010543390104
peak_10_14,15-21 days,Q3_low_to_high,booked_inside_window,2215,7.895653648268504,7.896752136752136,0.8982157339821574
peak_10_14,15-21 days,Q3_low_to_high,booked_later_slot,117,7.849139492919998,7.907621776504298,0.04744525547445255
peak_10_14,15-21 days,Q4_low_to_high,booked_earlier_slot,131,9.218188249790202,9.20482191780822,0.05173775671406003
peak_10_14,15-21 days,Q4_low_to_high,booked_inside_window,2297,9.24229600990685,9.230173697270471,0.9071879936808847
peak_10_14,15-21 days,Q4_low_to_high,booked_later_slot,104,9.191957372087009,9.173744421906694,0.04107424960505529
peak_10_14,15-21 days,Q5_low_to_high,booked_earlier_slot,129,12.822397374570723,12.070295857988166,0.05295566502463054
peak_10_14,15-21 days,Q5_low_to_high,booked_inside_window,2188,12.46186102891419,11.982422221384631,0.8981937602627258
peak_10_14,15-21 days,Q5_low_to_high,booked_later_slot,119,12.587816823703395,12.485456910255794,0.04885057471264368
peak_10_14,22+ days,Q1_low_to_high,booked_earlier_slot,34,4.808489661356185,4.905670467098611,0.0794392523364486
peak_10_14,22+ days,Q1_low_to_high,booked_inside_window,383,4.911335384130714,5.017745454545454,0.8948598130841121
peak_10_14,22+ days,Q1_low_to_high,booked_later_slot,11,4.843004672237592,4.665256609642301,0.02570093457943925
peak_10_14,22+ days,Q2_low_to_high,booked_earlier_slot,36,5.660807203919227,5.640664522594083,0.0906801007556675
peak_10_14,22+ days,Q2_low_to_high,booked_inside_window,339,5.68772553976992,5.656863100634633,0.853904282115869
peak_10_14,22+ days,Q2_low_to_high,booked_later_slot,22,5.674459851206328,5.613830557138936,0.055415617128463476
peak_10_14,22+ days,Q3_low_to_high,booked_earlier_slot,25,6.314853980696487,6.325799011532125,0.06793478260869565
peak_10_14,22+ days,Q3_low_to_high,booked_inside_window,317,6.354505361335117,6.357161778618733,0.8614130434782609
peak_10_14,22+ days,Q3_low_to_high,booked_later_slot,26,6.299121242447431,6.292099477822704,0.07065217391304347
peak_10_14,22+ days,Q4_low_to_high,booked_earlier_slot,26,7.352895314031177,7.386968514373233,0.07242339832869081
peak_10_14,22+ days,Q4_low_to_high,booked_inside_window,307,7.275021889143041,7.262706766917293,0.8551532033426184
peak_10_14,22+ days,Q4_low_to_high,booked_later_slot,26,7.208838659266842,7.172786484083806,0.07242339832869081
peak_10_14,22+ days,Q5_low_to_high,booked_earlier_slot,25,9.419539378125464,8.994850624660511,0.07331378299120235
peak_10_14,22+ days,Q5_low_to_high,booked_inside_window,302,9.623518188087235,9.25006770981508,0.8856304985337243
peak_10_14,22+ days,Q5_low_to_high,booked_later_slot,14,9.869214581890235,9.486153571265147,0.04105571847507331
