Forecast DateTime,Pax,Staff,Total,Date,Hour,Rolling Hour Pax,Rolling Hour Staff,Rolling Hour Total
2026-04-07 03:00:00,65,63,128,2026-04-07,3,65.0,63.0,128.0
2026-04-07 03:15:00,119,24,143,2026-04-07,3,184.0,87.0,271.0
2026-04-07 03:30:00,251,28,279,2026-04-07,3,435.0,115.0,550.0
2026-04-07 03:45:00,401,25,426,2026-04-07,3,836.0,140.0,976.0
2026-04-07 04:00:00,519,22,541,2026-04-07,4,1290.0,99.0,1389.0
2026-04-07 04:15:00,632,25,657,2026-04-07,4,1803.0,100.0,1903.0
2026-04-07 04:30:00,659,28,687,2026-04-07,4,2211.0,100.0,2311.0
2026-04-07 04:45:00,582,37,619,2026-04-07,4,2392.0,112.0,2504.0
2026-04-07 05:00:00,514,45,559,2026-04-07,5,2387.0,135.0,2522.0
2026-04-07 05:15:00,418,26,444,2026-04-07,5,2173.0,136.0,2309.0
2026-04-07 05:30:00,390,26,416,2026-04-07,5,1904.0,134.0,2038.0
2026-04-07 05:45:00,327,39,366,2026-04-07,5,1649.0,136.0,1785.0
2026-04-07 06:00:00,250,48,298,2026-04-07,6,1385.0,139.0,1524.0
2026-04-07 06:15:00,227,33,260,2026-04-07,6,1194.0,146.0,1340.0
2026-04-07 06:30:00,255,26,281,2026-04-07,6,1059.0,146.0,1205.0
2026-04-07 06:45:00,311,23,334,2026-04-07,6,1043.0,130.0,1173.0
2026-04-07 07:00:00,344,23,367,2026-04-07,7,1137.0,105.0,1242.0
2026-04-07 07:15:00,410,32,442,2026-04-07,7,1320.0,104.0,1424.0
2026-04-07 07:30:00,443,25,468,2026-04-07,7,1508.0,103.0,1611.0
2026-04-07 07:45:00,433,18,451,2026-04-07,7,1630.0,98.0,1728.0
2026-04-07 08:00:00,468,25,493,2026-04-07,8,1754.0,100.0,1854.0
2026-04-07 08:15:00,379,28,407,2026-04-07,8,1723.0,96.0,1819.0
2026-04-07 08:30:00,333,24,357,2026-04-07,8,1613.0,95.0,1708.0
2026-04-07 08:45:00,281,15,296,2026-04-07,8,1461.0,92.0,1553.0
2026-04-07 09:00:00,262,27,289,2026-04-07,9,1255.0,94.0,1349.0
2026-04-07 09:15:00,266,21,287,2026-04-07,9,1142.0,87.0,1229.0
2026-04-07 09:30:00,277,30,307,2026-04-07,9,1086.0,93.0,1179.0
2026-04-07 09:45:00,274,17,291,2026-04-07,9,1079.0,95.0,1174.0
2026-04-07 10:00:00,279,26,305,2026-04-07,10,1096.0,94.0,1190.0
2026-04-07 10:15:00,305,35,340,2026-04-07,10,1135.0,108.0,1243.0
2026-04-07 10:30:00,360,26,386,2026-04-07,10,1218.0,104.0,1322.0
2026-04-07 10:45:00,401,44,445,2026-04-07,10,1345.0,131.0,1476.0
2026-04-07 11:00:00,435,25,460,2026-04-07,11,1501.0,130.0,1631.0
2026-04-07 11:15:00,439,31,470,2026-04-07,11,1635.0,126.0,1761.0
2026-04-07 11:30:00,443,35,478,2026-04-07,11,1718.0,135.0,1853.0
2026-04-07 11:45:00,474,33,507,2026-04-07,11,1791.0,124.0,1915.0
2026-04-07 12:00:00,450,26,476,2026-04-07,12,1806.0,125.0,1931.0
2026-04-07 12:15:00,417,37,454,2026-04-07,12,1784.0,131.0,1915.0
2026-04-07 12:30:00,401,37,438,2026-04-07,12,1742.0,133.0,1875.0
2026-04-07 12:45:00,364,22,386,2026-04-07,12,1632.0,122.0,1754.0
2026-04-07 13:00:00,317,29,346,2026-04-07,13,1499.0,125.0,1624.0
2026-04-07 13:15:00,332,25,357,2026-04-07,13,1414.0,113.0,1527.0
2026-04-07 13:30:00,338,22,360,2026-04-07,13,1351.0,98.0,1449.0
2026-04-07 13:45:00,278,29,307,2026-04-07,13,1265.0,105.0,1370.0
2026-04-07 14:00:00,299,28,327,2026-04-07,14,1247.0,104.0,1351.0
2026-04-07 14:15:00,273,24,297,2026-04-07,14,1188.0,103.0,1291.0
2026-04-07 14:30:00,308,22,330,2026-04-07,14,1158.0,103.0,1261.0
2026-04-07 14:45:00,343,22,365,2026-04-07,14,1223.0,96.0,1319.0
2026-04-07 15:00:00,396,18,414,2026-04-07,15,1320.0,86.0,1406.0
2026-04-07 15:15:00,413,18,431,2026-04-07,15,1460.0,80.0,1540.0
2026-04-07 15:30:00,449,24,473,2026-04-07,15,1601.0,82.0,1683.0
2026-04-07 15:45:00,414,21,435,2026-04-07,15,1672.0,81.0,1753.0
2026-04-07 16:00:00,410,22,432,2026-04-07,16,1686.0,85.0,1771.0
2026-04-07 16:15:00,308,18,326,2026-04-07,16,1581.0,85.0,1666.0
2026-04-07 16:30:00,251,23,274,2026-04-07,16,1383.0,84.0,1467.0
2026-04-07 16:45:00,235,17,252,2026-04-07,16,1204.0,80.0,1284.0
2026-04-07 17:00:00,208,6,214,2026-04-07,17,1002.0,64.0,1066.0
2026-04-07 17:15:00,233,6,239,2026-04-07,17,927.0,52.0,979.0
2026-04-07 17:30:00,219,12,231,2026-04-07,17,895.0,41.0,936.0
2026-04-07 17:45:00,249,9,258,2026-04-07,17,909.0,33.0,942.0
2026-04-07 18:00:00,265,21,286,2026-04-07,18,966.0,48.0,1014.0
2026-04-07 18:15:00,208,20,228,2026-04-07,18,941.0,62.0,1003.0
2026-04-07 18:30:00,197,23,220,2026-04-07,18,919.0,73.0,992.0
2026-04-07 18:45:00,160,34,194,2026-04-07,18,830.0,98.0,928.0
2026-04-07 19:00:00,97,50,147,2026-04-07,19,662.0,127.0,789.0
2026-04-07 19:15:00,121,37,158,2026-04-07,19,575.0,144.0,719.0
2026-04-07 19:30:00,104,22,126,2026-04-07,19,482.0,143.0,625.0
2026-04-07 19:45:00,106,32,138,2026-04-07,19,428.0,141.0,569.0
2026-04-07 20:00:00,98,29,127,2026-04-07,20,429.0,120.0,549.0
2026-04-07 20:15:00,89,29,118,2026-04-07,20,397.0,112.0,509.0
2026-04-07 20:30:00,73,27,100,2026-04-07,20,366.0,117.0,483.0
2026-04-07 20:45:00,57,29,86,2026-04-07,20,317.0,114.0,431.0
2026-04-07 21:00:00,35,30,65,2026-04-07,21,254.0,115.0,369.0
2026-04-07 21:15:00,9,21,30,2026-04-07,21,174.0,107.0,281.0
2026-04-07 21:30:00,7,32,39,2026-04-07,21,108.0,112.0,220.0
2026-04-07 21:45:00,1,31,32,2026-04-07,21,52.0,114.0,166.0
2026-04-07 22:00:00,0,17,17,2026-04-07,22,17.0,101.0,118.0
2026-04-07 22:15:00,0,11,11,2026-04-07,22,8.0,91.0,99.0
2026-04-07 22:30:00,1,6,7,2026-04-07,22,2.0,65.0,67.0
2026-04-07 22:45:00,0,7,7,2026-04-07,22,1.0,41.0,42.0
2026-04-07 23:00:00,0,2,2,2026-04-07,23,1.0,26.0,27.0
2026-04-07 23:15:00,0,4,4,2026-04-07,23,1.0,19.0,20.0
2026-04-07 23:30:00,0,2,2,2026-04-07,23,0.0,15.0,15.0
2026-04-07 23:45:00,0,1,1,2026-04-07,23,0.0,9.0,9.0
2026-04-08 03:00:00,53,62,115,2026-04-08,3,53.0,62.0,115.0
2026-04-08 03:15:00,105,23,128,2026-04-08,3,158.0,85.0,243.0
2026-04-08 03:30:00,281,24,305,2026-04-08,3,439.0,109.0,548.0
2026-04-08 03:45:00,399,25,424,2026-04-08,3,838.0,134.0,972.0
2026-04-08 04:00:00,504,26,530,2026-04-08,4,1289.0,98.0,1387.0
2026-04-08 04:15:00,540,34,574,2026-04-08,4,1724.0,109.0,1833.0
2026-04-08 04:30:00,586,42,628,2026-04-08,4,2029.0,127.0,2156.0
2026-04-08 04:45:00,530,43,573,2026-04-08,4,2160.0,145.0,2305.0
2026-04-08 05:00:00,517,37,554,2026-04-08,5,2173.0,156.0,2329.0
2026-04-08 05:15:00,565,35,600,2026-04-08,5,2198.0,157.0,2355.0
2026-04-08 05:30:00,489,26,515,2026-04-08,5,2101.0,141.0,2242.0
2026-04-08 05:45:00,454,36,490,2026-04-08,5,2025.0,134.0,2159.0
2026-04-08 06:00:00,436,42,478,2026-04-08,6,1944.0,139.0,2083.0
2026-04-08 06:15:00,363,38,401,2026-04-08,6,1742.0,142.0,1884.0
2026-04-08 06:30:00,374,29,403,2026-04-08,6,1627.0,145.0,1772.0
2026-04-08 06:45:00,469,25,494,2026-04-08,6,1642.0,134.0,1776.0
2026-04-08 07:00:00,519,23,542,2026-04-08,7,1725.0,115.0,1840.0
2026-04-08 07:15:00,519,16,535,2026-04-08,7,1881.0,93.0,1974.0
2026-04-08 07:30:00,483,18,501,2026-04-08,7,1990.0,82.0,2072.0
2026-04-08 07:45:00,431,30,461,2026-04-08,7,1952.0,87.0,2039.0
2026-04-08 08:00:00,349,39,388,2026-04-08,8,1782.0,103.0,1885.0
2026-04-08 08:15:00,358,20,378,2026-04-08,8,1621.0,107.0,1728.0
2026-04-08 08:30:00,421,35,456,2026-04-08,8,1559.0,124.0,1683.0
2026-04-08 08:45:00,406,38,444,2026-04-08,8,1534.0,132.0,1666.0
2026-04-08 09:00:00,417,47,464,2026-04-08,9,1602.0,140.0,1742.0
2026-04-08 09:15:00,352,40,392,2026-04-08,9,1596.0,160.0,1756.0
2026-04-08 09:30:00,319,44,363,2026-04-08,9,1494.0,169.0,1663.0
2026-04-08 09:45:00,273,67,340,2026-04-08,9,1361.0,198.0,1559.0
2026-04-08 10:00:00,288,48,336,2026-04-08,10,1232.0,199.0,1431.0
2026-04-08 10:15:00,291,32,323,2026-04-08,10,1171.0,191.0,1362.0
2026-04-08 10:30:00,340,30,370,2026-04-08,10,1192.0,177.0,1369.0
2026-04-08 10:45:00,445,26,471,2026-04-08,10,1364.0,136.0,1500.0
2026-04-08 11:00:00,474,38,512,2026-04-08,11,1550.0,126.0,1676.0
2026-04-08 11:15:00,498,34,532,2026-04-08,11,1757.0,128.0,1885.0
2026-04-08 11:30:00,501,29,530,2026-04-08,11,1918.0,127.0,2045.0
2026-04-08 11:45:00,502,32,534,2026-04-08,11,1975.0,133.0,2108.0
2026-04-08 12:00:00,539,36,575,2026-04-08,12,2040.0,131.0,2171.0
2026-04-08 12:15:00,443,45,488,2026-04-08,12,1985.0,142.0,2127.0
2026-04-08 12:30:00,424,46,470,2026-04-08,12,1908.0,159.0,2067.0
2026-04-08 12:45:00,456,47,503,2026-04-08,12,1862.0,174.0,2036.0
2026-04-08 13:00:00,466,37,503,2026-04-08,13,1789.0,175.0,1964.0
2026-04-08 13:15:00,441,34,475,2026-04-08,13,1787.0,164.0,1951.0
2026-04-08 13:30:00,385,32,417,2026-04-08,13,1748.0,150.0,1898.0
2026-04-08 13:45:00,355,20,375,2026-04-08,13,1647.0,123.0,1770.0
2026-04-08 14:00:00,318,43,361,2026-04-08,14,1499.0,129.0,1628.0
2026-04-08 14:15:00,337,27,364,2026-04-08,14,1395.0,122.0,1517.0
2026-04-08 14:30:00,343,23,366,2026-04-08,14,1353.0,113.0,1466.0
2026-04-08 14:45:00,384,27,411,2026-04-08,14,1382.0,120.0,1502.0
2026-04-08 15:00:00,417,20,437,2026-04-08,15,1481.0,97.0,1578.0
2026-04-08 15:15:00,464,19,483,2026-04-08,15,1608.0,89.0,1697.0
2026-04-08 15:30:00,462,24,486,2026-04-08,15,1727.0,90.0,1817.0
2026-04-08 15:45:00,374,22,396,2026-04-08,15,1717.0,85.0,1802.0
2026-04-08 16:00:00,321,14,335,2026-04-08,16,1621.0,79.0,1700.0
2026-04-08 16:15:00,270,8,278,2026-04-08,16,1427.0,68.0,1495.0
2026-04-08 16:30:00,225,9,234,2026-04-08,16,1190.0,53.0,1243.0
2026-04-08 16:45:00,204,25,229,2026-04-08,16,1020.0,56.0,1076.0
2026-04-08 17:00:00,228,9,237,2026-04-08,17,927.0,51.0,978.0
2026-04-08 17:15:00,245,6,251,2026-04-08,17,902.0,49.0,951.0
2026-04-08 17:30:00,230,9,239,2026-04-08,17,907.0,49.0,956.0
2026-04-08 17:45:00,225,15,240,2026-04-08,17,928.0,39.0,967.0
2026-04-08 18:00:00,216,36,252,2026-04-08,18,916.0,66.0,982.0
2026-04-08 18:15:00,185,16,201,2026-04-08,18,856.0,76.0,932.0
2026-04-08 18:30:00,169,29,198,2026-04-08,18,795.0,96.0,891.0
2026-04-08 18:45:00,163,46,209,2026-04-08,18,733.0,127.0,860.0
2026-04-08 19:00:00,154,33,187,2026-04-08,19,671.0,124.0,795.0
2026-04-08 19:15:00,162,36,198,2026-04-08,19,648.0,144.0,792.0
2026-04-08 19:30:00,139,25,164,2026-04-08,19,618.0,140.0,758.0
2026-04-08 19:45:00,118,25,143,2026-04-08,19,573.0,119.0,692.0
2026-04-08 20:00:00,68,39,107,2026-04-08,20,487.0,125.0,612.0
2026-04-08 20:15:00,54,43,97,2026-04-08,20,379.0,132.0,511.0
2026-04-08 20:30:00,15,42,57,2026-04-08,20,255.0,149.0,404.0
2026-04-08 20:45:00,17,38,55,2026-04-08,20,154.0,162.0,316.0
2026-04-08 21:00:00,5,24,29,2026-04-08,21,91.0,147.0,238.0
2026-04-08 21:15:00,2,22,24,2026-04-08,21,39.0,126.0,165.0
2026-04-08 21:30:00,1,23,24,2026-04-08,21,25.0,107.0,132.0
2026-04-08 21:45:00,0,25,25,2026-04-08,21,8.0,94.0,102.0
2026-04-08 22:00:00,0,14,14,2026-04-08,22,3.0,84.0,87.0
2026-04-08 22:15:00,0,23,23,2026-04-08,22,1.0,85.0,86.0
2026-04-08 22:30:00,1,9,10,2026-04-08,22,1.0,71.0,72.0
2026-04-08 22:45:00,1,10,11,2026-04-08,22,2.0,56.0,58.0
2026-04-08 23:00:00,0,1,1,2026-04-08,23,2.0,43.0,45.0
2026-04-08 23:15:00,0,0,0,2026-04-08,23,2.0,20.0,22.0
2026-04-08 23:30:00,0,0,0,2026-04-08,23,1.0,11.0,12.0
2026-04-08 23:45:00,0,0,0,2026-04-08,23,0.0,1.0,1.0
2026-04-09 03:00:00,43,68,111,2026-04-09,3,43.0,68.0,111.0
2026-04-09 03:15:00,104,24,128,2026-04-09,3,147.0,92.0,239.0
2026-04-09 03:30:00,234,32,266,2026-04-09,3,381.0,124.0,505.0
2026-04-09 03:45:00,390,36,426,2026-04-09,3,771.0,160.0,931.0
2026-04-09 04:00:00,531,24,555,2026-04-09,4,1259.0,116.0,1375.0
2026-04-09 04:15:00,597,27,624,2026-04-09,4,1752.0,119.0,1871.0
2026-04-09 04:30:00,585,29,614,2026-04-09,4,2103.0,116.0,2219.0
2026-04-09 04:45:00,573,42,615,2026-04-09,4,2286.0,122.0,2408.0
2026-04-09 05:00:00,522,49,571,2026-04-09,5,2277.0,147.0,2424.0
2026-04-09 05:15:00,520,38,558,2026-04-09,5,2200.0,158.0,2358.0
2026-04-09 05:30:00,478,24,502,2026-04-09,5,2093.0,153.0,2246.0
2026-04-09 05:45:00,449,32,481,2026-04-09,5,1969.0,143.0,2112.0
2026-04-09 06:00:00,394,50,444,2026-04-09,6,1841.0,144.0,1985.0
2026-04-09 06:15:00,357,25,382,2026-04-09,6,1678.0,131.0,1809.0
2026-04-09 06:30:00,481,26,507,2026-04-09,6,1681.0,133.0,1814.0
2026-04-09 06:45:00,475,35,510,2026-04-09,6,1707.0,136.0,1843.0
2026-04-09 07:00:00,438,27,465,2026-04-09,7,1751.0,113.0,1864.0
2026-04-09 07:15:00,450,33,483,2026-04-09,7,1844.0,121.0,1965.0
2026-04-09 07:30:00,437,22,459,2026-04-09,7,1800.0,117.0,1917.0
2026-04-09 07:45:00,451,25,476,2026-04-09,7,1776.0,107.0,1883.0
2026-04-09 08:00:00,440,18,458,2026-04-09,8,1778.0,98.0,1876.0
2026-04-09 08:15:00,408,22,430,2026-04-09,8,1736.0,87.0,1823.0
2026-04-09 08:30:00,401,23,424,2026-04-09,8,1700.0,88.0,1788.0
2026-04-09 08:45:00,391,26,417,2026-04-09,8,1640.0,89.0,1729.0
2026-04-09 09:00:00,379,29,408,2026-04-09,9,1579.0,100.0,1679.0
2026-04-09 09:15:00,387,21,408,2026-04-09,9,1558.0,99.0,1657.0
2026-04-09 09:30:00,407,21,428,2026-04-09,9,1564.0,97.0,1661.0
2026-04-09 09:45:00,387,28,415,2026-04-09,9,1560.0,99.0,1659.0
2026-04-09 10:00:00,345,35,380,2026-04-09,10,1526.0,105.0,1631.0
2026-04-09 10:15:00,381,41,422,2026-04-09,10,1520.0,125.0,1645.0
2026-04-09 10:30:00,352,28,380,2026-04-09,10,1465.0,132.0,1597.0
2026-04-09 10:45:00,358,43,401,2026-04-09,10,1436.0,147.0,1583.0
2026-04-09 11:00:00,379,43,422,2026-04-09,11,1470.0,155.0,1625.0
2026-04-09 11:15:00,442,31,473,2026-04-09,11,1531.0,145.0,1676.0
2026-04-09 11:30:00,475,40,515,2026-04-09,11,1654.0,157.0,1811.0
2026-04-09 11:45:00,424,46,470,2026-04-09,11,1720.0,160.0,1880.0
2026-04-09 12:00:00,375,35,410,2026-04-09,12,1716.0,152.0,1868.0
2026-04-09 12:15:00,458,34,492,2026-04-09,12,1732.0,155.0,1887.0
2026-04-09 12:30:00,389,38,427,2026-04-09,12,1646.0,153.0,1799.0
2026-04-09 12:45:00,367,44,411,2026-04-09,12,1589.0,151.0,1740.0
2026-04-09 13:00:00,290,42,332,2026-04-09,13,1504.0,158.0,1662.0
2026-04-09 13:15:00,268,40,308,2026-04-09,13,1314.0,164.0,1478.0
2026-04-09 13:30:00,280,30,310,2026-04-09,13,1205.0,156.0,1361.0
2026-04-09 13:45:00,238,35,273,2026-04-09,13,1076.0,147.0,1223.0
2026-04-09 14:00:00,245,31,276,2026-04-09,14,1031.0,136.0,1167.0
2026-04-09 14:15:00,326,29,355,2026-04-09,14,1089.0,125.0,1214.0
2026-04-09 14:30:00,305,42,347,2026-04-09,14,1114.0,137.0,1251.0
2026-04-09 14:45:00,365,43,408,2026-04-09,14,1241.0,145.0,1386.0
2026-04-09 15:00:00,449,30,479,2026-04-09,15,1445.0,144.0,1589.0
2026-04-09 15:15:00,466,18,484,2026-04-09,15,1585.0,133.0,1718.0
2026-04-09 15:30:00,428,27,455,2026-04-09,15,1708.0,118.0,1826.0
2026-04-09 15:45:00,453,24,477,2026-04-09,15,1796.0,99.0,1895.0
2026-04-09 16:00:00,423,21,444,2026-04-09,16,1770.0,90.0,1860.0
2026-04-09 16:15:00,429,22,451,2026-04-09,16,1733.0,94.0,1827.0
2026-04-09 16:30:00,357,16,373,2026-04-09,16,1662.0,83.0,1745.0
2026-04-09 16:45:00,339,18,357,2026-04-09,16,1548.0,77.0,1625.0
2026-04-09 17:00:00,357,20,377,2026-04-09,17,1482.0,76.0,1558.0
2026-04-09 17:15:00,332,11,343,2026-04-09,17,1385.0,65.0,1450.0
2026-04-09 17:30:00,333,12,345,2026-04-09,17,1361.0,61.0,1422.0
2026-04-09 17:45:00,311,26,337,2026-04-09,17,1333.0,69.0,1402.0
2026-04-09 18:00:00,273,22,295,2026-04-09,18,1249.0,71.0,1320.0
2026-04-09 18:15:00,216,17,233,2026-04-09,18,1133.0,77.0,1210.0
2026-04-09 18:30:00,183,32,215,2026-04-09,18,983.0,97.0,1080.0
2026-04-09 18:45:00,165,43,208,2026-04-09,18,837.0,114.0,951.0
2026-04-09 19:00:00,154,24,178,2026-04-09,19,718.0,116.0,834.0
2026-04-09 19:15:00,173,31,204,2026-04-09,19,675.0,130.0,805.0
2026-04-09 19:30:00,164,36,200,2026-04-09,19,656.0,134.0,790.0
2026-04-09 19:45:00,160,48,208,2026-04-09,19,651.0,139.0,790.0
2026-04-09 20:00:00,125,25,150,2026-04-09,20,622.0,140.0,762.0
2026-04-09 20:15:00,101,38,139,2026-04-09,20,550.0,147.0,697.0
2026-04-09 20:30:00,62,40,102,2026-04-09,20,448.0,151.0,599.0
2026-04-09 20:45:00,39,39,78,2026-04-09,20,327.0,142.0,469.0
2026-04-09 21:00:00,33,50,83,2026-04-09,21,235.0,167.0,402.0
2026-04-09 21:15:00,6,27,33,2026-04-09,21,140.0,156.0,296.0
2026-04-09 21:30:00,1,39,40,2026-04-09,21,79.0,155.0,234.0
2026-04-09 21:45:00,1,35,36,2026-04-09,21,41.0,151.0,192.0
2026-04-09 22:00:00,1,24,25,2026-04-09,22,9.0,125.0,134.0
2026-04-09 22:15:00,0,19,19,2026-04-09,22,3.0,117.0,120.0
2026-04-09 22:30:00,0,4,4,2026-04-09,22,2.0,82.0,84.0
2026-04-09 22:45:00,0,4,4,2026-04-09,22,1.0,51.0,52.0
2026-04-09 23:00:00,0,21,21,2026-04-09,23,0.0,48.0,48.0
2026-04-09 23:15:00,0,7,7,2026-04-09,23,0.0,36.0,36.0
2026-04-09 23:30:00,0,0,0,2026-04-09,23,0.0,32.0,32.0
2026-04-09 23:45:00,0,0,0,2026-04-09,23,0.0,28.0,28.0
2026-04-10 03:00:00,67,34,101,2026-04-10,3,67.0,34.0,101.0
2026-04-10 03:15:00,117,43,160,2026-04-10,3,184.0,77.0,261.0
2026-04-10 03:30:00,190,58,248,2026-04-10,3,374.0,135.0,509.0
2026-04-10 03:45:00,372,69,441,2026-04-10,3,746.0,204.0,950.0
2026-04-10 04:00:00,580,38,618,2026-04-10,4,1259.0,208.0,1467.0
2026-04-10 04:15:00,733,32,765,2026-04-10,4,1875.0,197.0,2072.0
2026-04-10 04:30:00,699,76,775,2026-04-10,4,2384.0,215.0,2599.0
2026-04-10 04:45:00,666,83,749,2026-04-10,4,2678.0,229.0,2907.0
2026-04-10 05:00:00,638,58,696,2026-04-10,5,2736.0,249.0,2985.0
2026-04-10 05:15:00,536,46,582,2026-04-10,5,2539.0,263.0,2802.0
2026-04-10 05:30:00,377,44,421,2026-04-10,5,2217.0,231.0,2448.0
2026-04-10 05:45:00,322,53,375,2026-04-10,5,1873.0,201.0,2074.0
2026-04-10 06:00:00,379,40,419,2026-04-10,6,1614.0,183.0,1797.0
2026-04-10 06:15:00,396,50,446,2026-04-10,6,1474.0,187.0,1661.0
2026-04-10 06:30:00,377,40,417,2026-04-10,6,1474.0,183.0,1657.0
2026-04-10 06:45:00,430,32,462,2026-04-10,6,1582.0,162.0,1744.0
2026-04-10 07:00:00,432,30,462,2026-04-10,7,1635.0,152.0,1787.0
2026-04-10 07:15:00,427,37,464,2026-04-10,7,1666.0,139.0,1805.0
2026-04-10 07:30:00,417,23,440,2026-04-10,7,1706.0,122.0,1828.0
2026-04-10 07:45:00,424,23,447,2026-04-10,7,1700.0,113.0,1813.0
2026-04-10 08:00:00,477,38,515,2026-04-10,8,1745.0,121.0,1866.0
2026-04-10 08:15:00,448,38,486,2026-04-10,8,1766.0,122.0,1888.0
2026-04-10 08:30:00,381,30,411,2026-04-10,8,1730.0,129.0,1859.0
2026-04-10 08:45:00,339,29,368,2026-04-10,8,1645.0,135.0,1780.0
2026-04-10 09:00:00,339,32,371,2026-04-10,9,1507.0,129.0,1636.0
2026-04-10 09:15:00,326,35,361,2026-04-10,9,1385.0,126.0,1511.0
2026-04-10 09:30:00,338,46,384,2026-04-10,9,1342.0,142.0,1484.0
2026-04-10 09:45:00,351,47,398,2026-04-10,9,1354.0,160.0,1514.0
2026-04-10 10:00:00,365,58,423,2026-04-10,10,1380.0,186.0,1566.0
2026-04-10 10:15:00,404,43,447,2026-04-10,10,1458.0,194.0,1652.0
2026-04-10 10:30:00,387,64,451,2026-04-10,10,1507.0,212.0,1719.0
2026-04-10 10:45:00,388,54,442,2026-04-10,10,1544.0,219.0,1763.0
2026-04-10 11:00:00,418,42,460,2026-04-10,11,1597.0,203.0,1800.0
2026-04-10 11:15:00,494,54,548,2026-04-10,11,1687.0,214.0,1901.0
2026-04-10 11:30:00,526,63,589,2026-04-10,11,1826.0,213.0,2039.0
2026-04-10 11:45:00,556,66,622,2026-04-10,11,1994.0,225.0,2219.0
2026-04-10 12:00:00,582,69,651,2026-04-10,12,2158.0,252.0,2410.0
2026-04-10 12:15:00,638,59,697,2026-04-10,12,2302.0,257.0,2559.0
2026-04-10 12:30:00,562,51,613,2026-04-10,12,2338.0,245.0,2583.0
2026-04-10 12:45:00,562,61,623,2026-04-10,12,2344.0,240.0,2584.0
2026-04-10 13:00:00,482,49,531,2026-04-10,13,2244.0,220.0,2464.0
2026-04-10 13:15:00,495,36,531,2026-04-10,13,2101.0,197.0,2298.0
2026-04-10 13:30:00,404,52,456,2026-04-10,13,1943.0,198.0,2141.0
2026-04-10 13:45:00,325,47,372,2026-04-10,13,1706.0,184.0,1890.0
2026-04-10 14:00:00,300,32,332,2026-04-10,14,1524.0,167.0,1691.0
2026-04-10 14:15:00,292,33,325,2026-04-10,14,1321.0,164.0,1485.0
2026-04-10 14:30:00,264,30,294,2026-04-10,14,1181.0,142.0,1323.0
2026-04-10 14:45:00,288,36,324,2026-04-10,14,1144.0,131.0,1275.0
2026-04-10 15:00:00,337,32,369,2026-04-10,15,1181.0,131.0,1312.0
2026-04-10 15:15:00,381,18,399,2026-04-10,15,1270.0,116.0,1386.0
2026-04-10 15:30:00,450,18,468,2026-04-10,15,1456.0,104.0,1560.0
2026-04-10 15:45:00,510,18,528,2026-04-10,15,1678.0,86.0,1764.0
2026-04-10 16:00:00,415,16,431,2026-04-10,16,1756.0,70.0,1826.0
2026-04-10 16:15:00,456,19,475,2026-04-10,16,1831.0,71.0,1902.0
2026-04-10 16:30:00,400,14,414,2026-04-10,16,1781.0,67.0,1848.0
2026-04-10 16:45:00,355,27,382,2026-04-10,16,1626.0,76.0,1702.0
2026-04-10 17:00:00,402,26,428,2026-04-10,17,1613.0,86.0,1699.0
2026-04-10 17:15:00,430,14,444,2026-04-10,17,1587.0,81.0,1668.0
2026-04-10 17:30:00,384,13,397,2026-04-10,17,1571.0,80.0,1651.0
2026-04-10 17:45:00,417,19,436,2026-04-10,17,1633.0,72.0,1705.0
2026-04-10 18:00:00,333,20,353,2026-04-10,18,1564.0,66.0,1630.0
2026-04-10 18:15:00,270,8,278,2026-04-10,18,1404.0,60.0,1464.0
2026-04-10 18:30:00,203,11,214,2026-04-10,18,1223.0,58.0,1281.0
2026-04-10 18:45:00,168,11,179,2026-04-10,18,974.0,50.0,1024.0
2026-04-10 19:00:00,155,11,166,2026-04-10,19,796.0,41.0,837.0
2026-04-10 19:15:00,127,11,138,2026-04-10,19,653.0,44.0,697.0
2026-04-10 19:30:00,134,13,147,2026-04-10,19,584.0,46.0,630.0
2026-04-10 19:45:00,141,11,152,2026-04-10,19,557.0,46.0,603.0
2026-04-10 20:00:00,150,9,159,2026-04-10,20,552.0,44.0,596.0
2026-04-10 20:15:00,123,11,134,2026-04-10,20,548.0,44.0,592.0
2026-04-10 20:30:00,77,8,85,2026-04-10,20,491.0,39.0,530.0
2026-04-10 20:45:00,55,12,67,2026-04-10,20,405.0,40.0,445.0
2026-04-10 21:00:00,22,7,29,2026-04-10,21,277.0,38.0,315.0
2026-04-10 21:15:00,9,5,14,2026-04-10,21,163.0,32.0,195.0
2026-04-10 21:30:00,10,12,22,2026-04-10,21,96.0,36.0,132.0
2026-04-10 21:45:00,14,12,26,2026-04-10,21,55.0,36.0,91.0
2026-04-10 22:00:00,12,6,18,2026-04-10,22,45.0,35.0,80.0
2026-04-10 22:15:00,10,4,14,2026-04-10,22,46.0,34.0,80.0
2026-04-10 22:30:00,7,3,10,2026-04-10,22,43.0,25.0,68.0
2026-04-10 22:45:00,2,1,3,2026-04-10,22,31.0,14.0,45.0
2026-04-10 23:00:00,1,3,4,2026-04-10,23,20.0,11.0,31.0
2026-04-10 23:15:00,0,3,3,2026-04-10,23,10.0,10.0,20.0
2026-04-10 23:30:00,0,4,4,2026-04-10,23,3.0,11.0,14.0
2026-04-10 23:45:00,0,5,5,2026-04-10,23,1.0,15.0,16.0
2026-04-11 03:00:00,51,31,82,2026-04-11,3,51.0,31.0,82.0
2026-04-11 03:15:00,89,35,124,2026-04-11,3,140.0,66.0,206.0
2026-04-11 03:30:00,273,54,327,2026-04-11,3,413.0,120.0,533.0
2026-04-11 03:45:00,472,50,522,2026-04-11,3,885.0,170.0,1055.0
2026-04-11 04:00:00,591,38,629,2026-04-11,4,1425.0,177.0,1602.0
2026-04-11 04:15:00,811,26,837,2026-04-11,4,2147.0,168.0,2315.0
2026-04-11 04:30:00,787,47,834,2026-04-11,4,2661.0,161.0,2822.0
2026-04-11 04:45:00,704,53,757,2026-04-11,4,2893.0,164.0,3057.0
2026-04-11 05:00:00,579,57,636,2026-04-11,5,2881.0,183.0,3064.0
2026-04-11 05:15:00,533,28,561,2026-04-11,5,2603.0,185.0,2788.0
2026-04-11 05:30:00,453,31,484,2026-04-11,5,2269.0,169.0,2438.0
2026-04-11 05:45:00,408,45,453,2026-04-11,5,1973.0,161.0,2134.0
2026-04-11 06:00:00,387,45,432,2026-04-11,6,1781.0,149.0,1930.0
2026-04-11 06:15:00,424,33,457,2026-04-11,6,1672.0,154.0,1826.0
2026-04-11 06:30:00,420,29,449,2026-04-11,6,1639.0,152.0,1791.0
2026-04-11 06:45:00,500,22,522,2026-04-11,6,1731.0,129.0,1860.0
2026-04-11 07:00:00,555,19,574,2026-04-11,7,1899.0,103.0,2002.0
2026-04-11 07:15:00,563,28,591,2026-04-11,7,2038.0,98.0,2136.0
2026-04-11 07:30:00,588,21,609,2026-04-11,7,2206.0,90.0,2296.0
2026-04-11 07:45:00,515,23,538,2026-04-11,7,2221.0,91.0,2312.0
2026-04-11 08:00:00,387,19,406,2026-04-11,8,2053.0,91.0,2144.0
2026-04-11 08:15:00,335,20,355,2026-04-11,8,1825.0,83.0,1908.0
2026-04-11 08:30:00,315,15,330,2026-04-11,8,1552.0,77.0,1629.0
2026-04-11 08:45:00,358,25,383,2026-04-11,8,1395.0,79.0,1474.0
2026-04-11 09:00:00,364,23,387,2026-04-11,9,1372.0,83.0,1455.0
2026-04-11 09:15:00,321,20,341,2026-04-11,9,1358.0,83.0,1441.0
2026-04-11 09:30:00,257,24,281,2026-04-11,9,1300.0,92.0,1392.0
2026-04-11 09:45:00,254,27,281,2026-04-11,9,1196.0,94.0,1290.0
2026-04-11 10:00:00,269,22,291,2026-04-11,10,1101.0,93.0,1194.0
2026-04-11 10:15:00,310,36,346,2026-04-11,10,1090.0,109.0,1199.0
2026-04-11 10:30:00,340,38,378,2026-04-11,10,1173.0,123.0,1296.0
2026-04-11 10:45:00,361,39,400,2026-04-11,10,1280.0,135.0,1415.0
2026-04-11 11:00:00,386,34,420,2026-04-11,11,1397.0,147.0,1544.0
2026-04-11 11:15:00,430,39,469,2026-04-11,11,1517.0,150.0,1667.0
2026-04-11 11:30:00,377,51,428,2026-04-11,11,1554.0,163.0,1717.0
2026-04-11 11:45:00,373,57,430,2026-04-11,11,1566.0,181.0,1747.0
2026-04-11 12:00:00,360,36,396,2026-04-11,12,1540.0,183.0,1723.0
2026-04-11 12:15:00,357,29,386,2026-04-11,12,1467.0,173.0,1640.0
2026-04-11 12:30:00,369,37,406,2026-04-11,12,1459.0,159.0,1618.0
2026-04-11 12:45:00,345,40,385,2026-04-11,12,1431.0,142.0,1573.0
2026-04-11 13:00:00,361,33,394,2026-04-11,13,1432.0,139.0,1571.0
2026-04-11 13:15:00,313,31,344,2026-04-11,13,1388.0,141.0,1529.0
2026-04-11 13:30:00,337,30,367,2026-04-11,13,1356.0,134.0,1490.0
2026-04-11 13:45:00,330,29,359,2026-04-11,13,1341.0,123.0,1464.0
2026-04-11 14:00:00,260,25,285,2026-04-11,14,1240.0,115.0,1355.0
2026-04-11 14:15:00,300,22,322,2026-04-11,14,1227.0,106.0,1333.0
2026-04-11 14:30:00,258,23,281,2026-04-11,14,1148.0,99.0,1247.0
2026-04-11 14:45:00,314,19,333,2026-04-11,14,1132.0,89.0,1221.0
2026-04-11 15:00:00,386,19,405,2026-04-11,15,1258.0,83.0,1341.0
2026-04-11 15:15:00,397,19,416,2026-04-11,15,1355.0,80.0,1435.0
2026-04-11 15:30:00,354,21,375,2026-04-11,15,1451.0,78.0,1529.0
2026-04-11 15:45:00,348,19,367,2026-04-11,15,1485.0,78.0,1563.0
2026-04-11 16:00:00,331,18,349,2026-04-11,16,1430.0,77.0,1507.0
2026-04-11 16:15:00,288,8,296,2026-04-11,16,1321.0,66.0,1387.0
2026-04-11 16:30:00,244,9,253,2026-04-11,16,1211.0,54.0,1265.0
2026-04-11 16:45:00,199,16,215,2026-04-11,16,1062.0,51.0,1113.0
2026-04-11 17:00:00,174,16,190,2026-04-11,17,905.0,49.0,954.0
2026-04-11 17:15:00,128,8,136,2026-04-11,17,745.0,49.0,794.0
2026-04-11 17:30:00,143,7,150,2026-04-11,17,644.0,47.0,691.0
2026-04-11 17:45:00,159,8,167,2026-04-11,17,604.0,39.0,643.0
2026-04-11 18:00:00,161,13,174,2026-04-11,18,591.0,36.0,627.0
2026-04-11 18:15:00,141,9,150,2026-04-11,18,604.0,37.0,641.0
2026-04-11 18:30:00,119,11,130,2026-04-11,18,580.0,41.0,621.0
2026-04-11 18:45:00,97,11,108,2026-04-11,18,518.0,44.0,562.0
2026-04-11 19:00:00,90,9,99,2026-04-11,19,447.0,40.0,487.0
2026-04-11 19:15:00,96,5,101,2026-04-11,19,402.0,36.0,438.0
2026-04-11 19:30:00,98,6,104,2026-04-11,19,381.0,31.0,412.0
2026-04-11 19:45:00,83,9,92,2026-04-11,19,367.0,29.0,396.0
2026-04-11 20:00:00,79,12,91,2026-04-11,20,356.0,32.0,388.0
2026-04-11 20:15:00,55,6,61,2026-04-11,20,315.0,33.0,348.0
2026-04-11 20:30:00,36,9,45,2026-04-11,20,253.0,36.0,289.0
2026-04-11 20:45:00,20,7,27,2026-04-11,20,190.0,34.0,224.0
2026-04-11 21:00:00,5,11,16,2026-04-11,21,116.0,33.0,149.0
2026-04-11 21:15:00,2,4,6,2026-04-11,21,63.0,31.0,94.0
2026-04-11 21:30:00,2,8,10,2026-04-11,21,29.0,30.0,59.0
2026-04-11 21:45:00,1,6,7,2026-04-11,21,10.0,29.0,39.0
2026-04-11 22:00:00,1,6,7,2026-04-11,22,6.0,24.0,30.0
2026-04-11 22:15:00,0,4,4,2026-04-11,22,4.0,24.0,28.0
2026-04-11 22:30:00,0,3,3,2026-04-11,22,2.0,19.0,21.0
2026-04-11 22:45:00,1,4,5,2026-04-11,22,2.0,17.0,19.0
2026-04-11 23:00:00,1,1,2,2026-04-11,23,2.0,12.0,14.0
2026-04-11 23:15:00,0,0,0,2026-04-11,23,2.0,8.0,10.0
2026-04-11 23:30:00,0,0,0,2026-04-11,23,2.0,5.0,7.0
2026-04-11 23:45:00,1,0,1,2026-04-11,23,2.0,1.0,3.0
2026-04-12 03:00:00,53,68,121,2026-04-12,3,53.0,68.0,121.0
2026-04-12 03:15:00,111,29,140,2026-04-12,3,164.0,97.0,261.0
2026-04-12 03:30:00,234,22,256,2026-04-12,3,398.0,119.0,517.0
2026-04-12 03:45:00,381,23,404,2026-04-12,3,779.0,142.0,921.0
2026-04-12 04:00:00,482,22,504,2026-04-12,4,1208.0,96.0,1304.0
2026-04-12 04:15:00,497,22,519,2026-04-12,4,1594.0,89.0,1683.0
2026-04-12 04:30:00,556,28,584,2026-04-12,4,1916.0,95.0,2011.0
2026-04-12 04:45:00,576,34,610,2026-04-12,4,2111.0,106.0,2217.0
2026-04-12 05:00:00,566,46,612,2026-04-12,5,2195.0,130.0,2325.0
2026-04-12 05:15:00,495,25,520,2026-04-12,5,2193.0,133.0,2326.0
2026-04-12 05:30:00,492,21,513,2026-04-12,5,2129.0,126.0,2255.0
2026-04-12 05:45:00,379,27,406,2026-04-12,5,1932.0,119.0,2051.0
2026-04-12 06:00:00,357,31,388,2026-04-12,6,1723.0,104.0,1827.0
2026-04-12 06:15:00,375,33,408,2026-04-12,6,1603.0,112.0,1715.0
2026-04-12 06:30:00,362,16,378,2026-04-12,6,1473.0,107.0,1580.0
2026-04-12 06:45:00,288,14,302,2026-04-12,6,1382.0,94.0,1476.0
2026-04-12 07:00:00,270,26,296,2026-04-12,7,1295.0,89.0,1384.0
2026-04-12 07:15:00,310,27,337,2026-04-12,7,1230.0,83.0,1313.0
2026-04-12 07:30:00,307,17,324,2026-04-12,7,1175.0,84.0,1259.0
2026-04-12 07:45:00,332,20,352,2026-04-12,7,1219.0,90.0,1309.0
2026-04-12 08:00:00,387,21,408,2026-04-12,8,1336.0,85.0,1421.0
2026-04-12 08:15:00,379,30,409,2026-04-12,8,1405.0,88.0,1493.0
2026-04-12 08:30:00,355,13,368,2026-04-12,8,1453.0,84.0,1537.0
2026-04-12 08:45:00,328,30,358,2026-04-12,8,1449.0,94.0,1543.0
2026-04-12 09:00:00,348,35,383,2026-04-12,9,1410.0,108.0,1518.0
2026-04-12 09:15:00,355,41,396,2026-04-12,9,1386.0,119.0,1505.0
2026-04-12 09:30:00,403,28,431,2026-04-12,9,1434.0,134.0,1568.0
2026-04-12 09:45:00,372,28,400,2026-04-12,9,1478.0,132.0,1610.0
2026-04-12 10:00:00,395,37,432,2026-04-12,10,1525.0,134.0,1659.0
2026-04-12 10:15:00,350,36,386,2026-04-12,10,1520.0,129.0,1649.0
2026-04-12 10:30:00,338,31,369,2026-04-12,10,1455.0,132.0,1587.0
2026-04-12 10:45:00,376,33,409,2026-04-12,10,1459.0,137.0,1596.0
2026-04-12 11:00:00,474,22,496,2026-04-12,11,1538.0,122.0,1660.0
2026-04-12 11:15:00,555,25,580,2026-04-12,11,1743.0,111.0,1854.0
2026-04-12 11:30:00,587,36,623,2026-04-12,11,1992.0,116.0,2108.0
2026-04-12 11:45:00,598,42,640,2026-04-12,11,2214.0,125.0,2339.0
2026-04-12 12:00:00,599,27,626,2026-04-12,12,2339.0,130.0,2469.0
2026-04-12 12:15:00,603,26,629,2026-04-12,12,2387.0,131.0,2518.0
2026-04-12 12:30:00,556,24,580,2026-04-12,12,2356.0,119.0,2475.0
2026-04-12 12:45:00,425,30,455,2026-04-12,12,2183.0,107.0,2290.0
2026-04-12 13:00:00,377,41,418,2026-04-12,13,1961.0,121.0,2082.0
2026-04-12 13:15:00,304,30,334,2026-04-12,13,1662.0,125.0,1787.0
2026-04-12 13:30:00,277,34,311,2026-04-12,13,1383.0,135.0,1518.0
2026-04-12 13:45:00,277,29,306,2026-04-12,13,1235.0,134.0,1369.0
2026-04-12 14:00:00,284,31,315,2026-04-12,14,1142.0,124.0,1266.0
2026-04-12 14:15:00,278,23,301,2026-04-12,14,1116.0,117.0,1233.0
2026-04-12 14:30:00,298,10,308,2026-04-12,14,1137.0,93.0,1230.0
2026-04-12 14:45:00,365,11,376,2026-04-12,14,1225.0,75.0,1300.0
2026-04-12 15:00:00,471,17,488,2026-04-12,15,1412.0,61.0,1473.0
2026-04-12 15:15:00,502,19,521,2026-04-12,15,1636.0,57.0,1693.0
2026-04-12 15:30:00,507,17,524,2026-04-12,15,1845.0,64.0,1909.0
2026-04-12 15:45:00,518,16,534,2026-04-12,15,1998.0,69.0,2067.0
2026-04-12 16:00:00,437,12,449,2026-04-12,16,1964.0,64.0,2028.0
2026-04-12 16:15:00,369,16,385,2026-04-12,16,1831.0,61.0,1892.0
2026-04-12 16:30:00,301,15,316,2026-04-12,16,1625.0,59.0,1684.0
2026-04-12 16:45:00,290,13,303,2026-04-12,16,1397.0,56.0,1453.0
2026-04-12 17:00:00,332,16,348,2026-04-12,17,1292.0,60.0,1352.0
2026-04-12 17:15:00,364,14,378,2026-04-12,17,1287.0,58.0,1345.0
2026-04-12 17:30:00,377,18,395,2026-04-12,17,1363.0,61.0,1424.0
2026-04-12 17:45:00,453,20,473,2026-04-12,17,1526.0,68.0,1594.0
2026-04-12 18:00:00,493,18,511,2026-04-12,18,1687.0,70.0,1757.0
2026-04-12 18:15:00,442,11,453,2026-04-12,18,1765.0,67.0,1832.0
2026-04-12 18:30:00,418,9,427,2026-04-12,18,1806.0,58.0,1864.0
2026-04-12 18:45:00,348,7,355,2026-04-12,18,1701.0,45.0,1746.0
2026-04-12 19:00:00,299,14,313,2026-04-12,19,1507.0,41.0,1548.0
2026-04-12 19:15:00,267,9,276,2026-04-12,19,1332.0,39.0,1371.0
2026-04-12 19:30:00,211,18,229,2026-04-12,19,1125.0,48.0,1173.0
2026-04-12 19:45:00,178,33,211,2026-04-12,19,955.0,74.0,1029.0
2026-04-12 20:00:00,121,34,155,2026-04-12,20,777.0,94.0,871.0
2026-04-12 20:15:00,103,31,134,2026-04-12,20,613.0,116.0,729.0
2026-04-12 20:30:00,62,48,110,2026-04-12,20,464.0,146.0,610.0
2026-04-12 20:45:00,35,44,79,2026-04-12,20,321.0,157.0,478.0
2026-04-12 21:00:00,26,40,66,2026-04-12,21,226.0,163.0,389.0
2026-04-12 21:15:00,19,32,51,2026-04-12,21,142.0,164.0,306.0
2026-04-12 21:30:00,32,43,75,2026-04-12,21,112.0,159.0,271.0
2026-04-12 21:45:00,28,45,73,2026-04-12,21,105.0,160.0,265.0
2026-04-12 22:00:00,19,20,39,2026-04-12,22,98.0,140.0,238.0
2026-04-12 22:15:00,13,15,28,2026-04-12,22,92.0,123.0,215.0
2026-04-12 22:30:00,13,16,29,2026-04-12,22,73.0,96.0,169.0
2026-04-12 22:45:00,4,9,13,2026-04-12,22,49.0,60.0,109.0
2026-04-12 23:00:00,1,5,6,2026-04-12,23,31.0,45.0,76.0
2026-04-12 23:15:00,0,7,7,2026-04-12,23,18.0,37.0,55.0
2026-04-12 23:30:00,0,4,4,2026-04-12,23,5.0,25.0,30.0
2026-04-12 23:45:00,0,2,2,2026-04-12,23,1.0,18.0,19.0
2026-04-13 03:00:00,54,86,140,2026-04-13,3,54.0,86.0,140.0
2026-04-13 03:15:00,89,83,172,2026-04-13,3,143.0,169.0,312.0
2026-04-13 03:30:00,213,22,235,2026-04-13,3,356.0,191.0,547.0
2026-04-13 03:45:00,356,24,380,2026-04-13,3,712.0,215.0,927.0
2026-04-13 04:00:00,455,19,474,2026-04-13,4,1113.0,148.0,1261.0
2026-04-13 04:15:00,532,27,559,2026-04-13,4,1556.0,92.0,1648.0
2026-04-13 04:30:00,601,41,642,2026-04-13,4,1944.0,111.0,2055.0
2026-04-13 04:45:00,627,38,665,2026-04-13,4,2215.0,125.0,2340.0
2026-04-13 05:00:00,540,43,583,2026-04-13,5,2300.0,149.0,2449.0
2026-04-13 05:15:00,450,32,482,2026-04-13,5,2218.0,154.0,2372.0
2026-04-13 05:30:00,401,21,422,2026-04-13,5,2018.0,134.0,2152.0
2026-04-13 05:45:00,427,41,468,2026-04-13,5,1818.0,137.0,1955.0
2026-04-13 06:00:00,494,38,532,2026-04-13,6,1772.0,132.0,1904.0
2026-04-13 06:15:00,464,40,504,2026-04-13,6,1786.0,140.0,1926.0
2026-04-13 06:30:00,431,16,447,2026-04-13,6,1816.0,135.0,1951.0
2026-04-13 06:45:00,441,23,464,2026-04-13,6,1830.0,117.0,1947.0
2026-04-13 07:00:00,408,15,423,2026-04-13,7,1744.0,94.0,1838.0
2026-04-13 07:15:00,424,22,446,2026-04-13,7,1704.0,76.0,1780.0
2026-04-13 07:30:00,428,16,444,2026-04-13,7,1701.0,76.0,1777.0
2026-04-13 07:45:00,452,15,467,2026-04-13,7,1712.0,68.0,1780.0
2026-04-13 08:00:00,477,22,499,2026-04-13,8,1781.0,75.0,1856.0
2026-04-13 08:15:00,459,27,486,2026-04-13,8,1816.0,80.0,1896.0
2026-04-13 08:30:00,401,17,418,2026-04-13,8,1789.0,81.0,1870.0
2026-04-13 08:45:00,368,25,393,2026-04-13,8,1705.0,91.0,1796.0
2026-04-13 09:00:00,305,21,326,2026-04-13,9,1533.0,90.0,1623.0
2026-04-13 09:15:00,278,30,308,2026-04-13,9,1352.0,93.0,1445.0
2026-04-13 09:30:00,284,32,316,2026-04-13,9,1235.0,108.0,1343.0
2026-04-13 09:45:00,306,27,333,2026-04-13,9,1173.0,110.0,1283.0
2026-04-13 10:00:00,320,30,350,2026-04-13,10,1188.0,119.0,1307.0
2026-04-13 10:15:00,342,42,384,2026-04-13,10,1252.0,131.0,1383.0
2026-04-13 10:30:00,380,29,409,2026-04-13,10,1348.0,128.0,1476.0
2026-04-13 10:45:00,419,32,451,2026-04-13,10,1461.0,133.0,1594.0
2026-04-13 11:00:00,480,30,510,2026-04-13,11,1621.0,133.0,1754.0
2026-04-13 11:15:00,527,28,555,2026-04-13,11,1806.0,119.0,1925.0
2026-04-13 11:30:00,555,35,590,2026-04-13,11,1981.0,125.0,2106.0
2026-04-13 11:45:00,511,36,547,2026-04-13,11,2073.0,129.0,2202.0
2026-04-13 12:00:00,494,36,530,2026-04-13,12,2087.0,135.0,2222.0
2026-04-13 12:15:00,446,28,474,2026-04-13,12,2006.0,135.0,2141.0
2026-04-13 12:30:00,380,36,416,2026-04-13,12,1831.0,136.0,1967.0
2026-04-13 12:45:00,327,30,357,2026-04-13,12,1647.0,130.0,1777.0
2026-04-13 13:00:00,339,21,360,2026-04-13,13,1492.0,115.0,1607.0
2026-04-13 13:15:00,364,19,383,2026-04-13,13,1410.0,106.0,1516.0
2026-04-13 13:30:00,374,26,400,2026-04-13,13,1404.0,96.0,1500.0
2026-04-13 13:45:00,365,28,393,2026-04-13,13,1442.0,94.0,1536.0
2026-04-13 14:00:00,416,16,432,2026-04-13,14,1519.0,89.0,1608.0
2026-04-13 14:15:00,410,27,437,2026-04-13,14,1565.0,97.0,1662.0
2026-04-13 14:30:00,380,25,405,2026-04-13,14,1571.0,96.0,1667.0
2026-04-13 14:45:00,409,21,430,2026-04-13,14,1615.0,89.0,1704.0
2026-04-13 15:00:00,406,24,430,2026-04-13,15,1605.0,97.0,1702.0
2026-04-13 15:15:00,444,21,465,2026-04-13,15,1639.0,91.0,1730.0
2026-04-13 15:30:00,454,24,478,2026-04-13,15,1713.0,90.0,1803.0
2026-04-13 15:45:00,379,23,402,2026-04-13,15,1683.0,92.0,1775.0
2026-04-13 16:00:00,280,13,293,2026-04-13,16,1557.0,81.0,1638.0
2026-04-13 16:15:00,299,14,313,2026-04-13,16,1412.0,74.0,1486.0
2026-04-13 16:30:00,291,14,305,2026-04-13,16,1249.0,64.0,1313.0
2026-04-13 16:45:00,277,10,287,2026-04-13,16,1147.0,51.0,1198.0
2026-04-13 17:00:00,298,15,313,2026-04-13,17,1165.0,53.0,1218.0
2026-04-13 17:15:00,366,13,379,2026-04-13,17,1232.0,52.0,1284.0
2026-04-13 17:30:00,398,7,405,2026-04-13,17,1339.0,45.0,1384.0
2026-04-13 17:45:00,392,9,401,2026-04-13,17,1454.0,44.0,1498.0
2026-04-13 18:00:00,335,28,363,2026-04-13,18,1491.0,57.0,1548.0
2026-04-13 18:15:00,275,13,288,2026-04-13,18,1400.0,57.0,1457.0
2026-04-13 18:30:00,235,14,249,2026-04-13,18,1237.0,64.0,1301.0
2026-04-13 18:45:00,192,29,221,2026-04-13,18,1037.0,84.0,1121.0
2026-04-13 19:00:00,156,34,190,2026-04-13,19,858.0,90.0,948.0
2026-04-13 19:15:00,151,26,177,2026-04-13,19,734.0,103.0,837.0
2026-04-13 19:30:00,120,26,146,2026-04-13,19,619.0,115.0,734.0
2026-04-13 19:45:00,96,31,127,2026-04-13,19,523.0,117.0,640.0
2026-04-13 20:00:00,71,34,105,2026-04-13,20,438.0,117.0,555.0
2026-04-13 20:15:00,54,22,76,2026-04-13,20,341.0,113.0,454.0
2026-04-13 20:30:00,28,36,64,2026-04-13,20,249.0,123.0,372.0
2026-04-13 20:45:00,14,31,45,2026-04-13,20,167.0,123.0,290.0
2026-04-13 21:00:00,11,34,45,2026-04-13,21,107.0,123.0,230.0
2026-04-13 21:15:00,2,21,23,2026-04-13,21,55.0,122.0,177.0
2026-04-13 21:30:00,1,22,23,2026-04-13,21,28.0,108.0,136.0
2026-04-13 21:45:00,1,20,21,2026-04-13,21,15.0,97.0,112.0
2026-04-13 22:00:00,0,7,7,2026-04-13,22,4.0,70.0,74.0
2026-04-13 22:15:00,0,6,6,2026-04-13,22,2.0,55.0,57.0
2026-04-13 22:30:00,0,5,5,2026-04-13,22,1.0,38.0,39.0
2026-04-13 22:45:00,1,5,6,2026-04-13,22,1.0,23.0,24.0
2026-04-13 23:00:00,0,9,9,2026-04-13,23,1.0,25.0,26.0
2026-04-13 23:15:00,1,6,7,2026-04-13,23,2.0,25.0,27.0
2026-04-13 23:30:00,0,2,2,2026-04-13,23,2.0,22.0,24.0
2026-04-13 23:45:00,1,2,3,2026-04-13,23,2.0,19.0,21.0
2026-04-14 03:00:00,57,64,121,2026-04-14,3,57.0,64.0,121.0
2026-04-14 03:15:00,104,24,128,2026-04-14,3,161.0,88.0,249.0
2026-04-14 03:30:00,216,29,245,2026-04-14,3,377.0,117.0,494.0
2026-04-14 03:45:00,354,25,379,2026-04-14,3,731.0,142.0,873.0
2026-04-14 04:00:00,465,23,488,2026-04-14,4,1139.0,101.0,1240.0
2026-04-14 04:15:00,576,25,601,2026-04-14,4,1611.0,102.0,1713.0
2026-04-14 04:30:00,611,28,639,2026-04-14,4,2006.0,101.0,2107.0
2026-04-14 04:45:00,544,37,581,2026-04-14,4,2196.0,113.0,2309.0
2026-04-14 05:00:00,488,45,533,2026-04-14,5,2219.0,135.0,2354.0
2026-04-14 05:15:00,404,27,431,2026-04-14,5,2047.0,137.0,2184.0
2026-04-14 05:30:00,374,26,400,2026-04-14,5,1810.0,135.0,1945.0
2026-04-14 05:45:00,321,39,360,2026-04-14,5,1587.0,137.0,1724.0
2026-04-14 06:00:00,257,49,306,2026-04-14,6,1356.0,141.0,1497.0
2026-04-14 06:15:00,238,34,272,2026-04-14,6,1190.0,148.0,1338.0
2026-04-14 06:30:00,245,27,272,2026-04-14,6,1061.0,149.0,1210.0
2026-04-14 06:45:00,271,24,295,2026-04-14,6,1011.0,134.0,1145.0
2026-04-14 07:00:00,303,23,326,2026-04-14,7,1057.0,108.0,1165.0
2026-04-14 07:15:00,353,32,385,2026-04-14,7,1172.0,106.0,1278.0
2026-04-14 07:30:00,385,25,410,2026-04-14,7,1312.0,104.0,1416.0
2026-04-14 07:45:00,404,18,422,2026-04-14,7,1445.0,98.0,1543.0
2026-04-14 08:00:00,417,25,442,2026-04-14,8,1559.0,100.0,1659.0
2026-04-14 08:15:00,345,28,373,2026-04-14,8,1551.0,96.0,1647.0
2026-04-14 08:30:00,292,24,316,2026-04-14,8,1458.0,95.0,1553.0
2026-04-14 08:45:00,247,15,262,2026-04-14,8,1301.0,92.0,1393.0
2026-04-14 09:00:00,233,28,261,2026-04-14,9,1117.0,95.0,1212.0
2026-04-14 09:15:00,224,21,245,2026-04-14,9,996.0,88.0,1084.0
2026-04-14 09:30:00,233,31,264,2026-04-14,9,937.0,95.0,1032.0
2026-04-14 09:45:00,223,17,240,2026-04-14,9,913.0,97.0,1010.0
2026-04-14 10:00:00,225,27,252,2026-04-14,10,905.0,96.0,1001.0
2026-04-14 10:15:00,260,35,295,2026-04-14,10,941.0,110.0,1051.0
2026-04-14 10:30:00,321,26,347,2026-04-14,10,1029.0,105.0,1134.0
2026-04-14 10:45:00,361,44,405,2026-04-14,10,1167.0,132.0,1299.0
2026-04-14 11:00:00,388,26,414,2026-04-14,11,1330.0,131.0,1461.0
2026-04-14 11:15:00,392,32,424,2026-04-14,11,1462.0,128.0,1590.0
2026-04-14 11:30:00,404,36,440,2026-04-14,11,1545.0,138.0,1683.0
2026-04-14 11:45:00,447,33,480,2026-04-14,11,1631.0,127.0,1758.0
2026-04-14 12:00:00,432,27,459,2026-04-14,12,1675.0,128.0,1803.0
2026-04-14 12:15:00,415,38,453,2026-04-14,12,1698.0,134.0,1832.0
2026-04-14 12:30:00,404,38,442,2026-04-14,12,1698.0,136.0,1834.0
2026-04-14 12:45:00,370,22,392,2026-04-14,12,1621.0,125.0,1746.0
2026-04-14 13:00:00,330,29,359,2026-04-14,13,1519.0,127.0,1646.0
2026-04-14 13:15:00,349,25,374,2026-04-14,13,1453.0,114.0,1567.0
2026-04-14 13:30:00,362,22,384,2026-04-14,13,1411.0,98.0,1509.0
2026-04-14 13:45:00,314,29,343,2026-04-14,13,1355.0,105.0,1460.0
2026-04-14 14:00:00,333,28,361,2026-04-14,14,1358.0,104.0,1462.0
2026-04-14 14:15:00,307,25,332,2026-04-14,14,1316.0,104.0,1420.0
2026-04-14 14:30:00,337,22,359,2026-04-14,14,1291.0,104.0,1395.0
2026-04-14 14:45:00,350,22,372,2026-04-14,14,1327.0,97.0,1424.0
2026-04-14 15:00:00,390,19,409,2026-04-14,15,1384.0,88.0,1472.0
2026-04-14 15:15:00,405,18,423,2026-04-14,15,1482.0,81.0,1563.0
2026-04-14 15:30:00,437,24,461,2026-04-14,15,1582.0,83.0,1665.0
2026-04-14 15:45:00,400,21,421,2026-04-14,15,1632.0,82.0,1714.0
2026-04-14 16:00:00,400,23,423,2026-04-14,16,1642.0,86.0,1728.0
2026-04-14 16:15:00,310,18,328,2026-04-14,16,1547.0,86.0,1633.0
2026-04-14 16:30:00,257,24,281,2026-04-14,16,1367.0,86.0,1453.0
2026-04-14 16:45:00,243,18,261,2026-04-14,16,1210.0,83.0,1293.0
2026-04-14 17:00:00,213,6,219,2026-04-14,17,1023.0,66.0,1089.0
2026-04-14 17:15:00,238,6,244,2026-04-14,17,951.0,54.0,1005.0
2026-04-14 17:30:00,224,12,236,2026-04-14,17,918.0,42.0,960.0
2026-04-14 17:45:00,254,10,264,2026-04-14,17,929.0,34.0,963.0
2026-04-14 18:00:00,271,21,292,2026-04-14,18,987.0,49.0,1036.0
2026-04-14 18:15:00,210,20,230,2026-04-14,18,959.0,63.0,1022.0
2026-04-14 18:30:00,199,24,223,2026-04-14,18,934.0,75.0,1009.0
2026-04-14 18:45:00,160,34,194,2026-04-14,18,840.0,99.0,939.0
2026-04-14 19:00:00,92,51,143,2026-04-14,19,661.0,129.0,790.0
2026-04-14 19:15:00,113,38,151,2026-04-14,19,564.0,147.0,711.0
2026-04-14 19:30:00,95,23,118,2026-04-14,19,460.0,146.0,606.0
2026-04-14 19:45:00,94,33,127,2026-04-14,19,394.0,145.0,539.0
2026-04-14 20:00:00,88,30,118,2026-04-14,20,390.0,124.0,514.0
2026-04-14 20:15:00,82,30,112,2026-04-14,20,359.0,116.0,475.0
2026-04-14 20:30:00,71,27,98,2026-04-14,20,335.0,120.0,455.0
2026-04-14 20:45:00,56,30,86,2026-04-14,20,297.0,117.0,414.0
2026-04-14 21:00:00,38,31,69,2026-04-14,21,247.0,118.0,365.0
2026-04-14 21:15:00,9,21,30,2026-04-14,21,174.0,109.0,283.0
2026-04-14 21:30:00,8,33,41,2026-04-14,21,111.0,115.0,226.0
2026-04-14 21:45:00,1,31,32,2026-04-14,21,56.0,116.0,172.0
2026-04-14 22:00:00,0,18,18,2026-04-14,22,18.0,103.0,121.0
2026-04-14 22:15:00,0,11,11,2026-04-14,22,9.0,93.0,102.0
2026-04-14 22:30:00,1,6,7,2026-04-14,22,2.0,66.0,68.0
2026-04-14 22:45:00,0,8,8,2026-04-14,22,1.0,43.0,44.0
2026-04-14 23:00:00,0,2,2,2026-04-14,23,1.0,27.0,28.0
2026-04-14 23:15:00,0,4,4,2026-04-14,23,1.0,20.0,21.0
2026-04-14 23:30:00,0,2,2,2026-04-14,23,0.0,16.0,16.0
2026-04-14 23:45:00,0,1,1,2026-04-14,23,0.0,9.0,9.0
2026-04-15 03:00:00,51,60,111,2026-04-15,3,51.0,60.0,111.0
2026-04-15 03:15:00,100,22,122,2026-04-15,3,151.0,82.0,233.0
2026-04-15 03:30:00,258,23,281,2026-04-15,3,409.0,105.0,514.0
2026-04-15 03:45:00,364,24,388,2026-04-15,3,773.0,129.0,902.0
2026-04-15 04:00:00,459,25,484,2026-04-15,4,1181.0,94.0,1275.0
2026-04-15 04:15:00,489,32,521,2026-04-15,4,1570.0,104.0,1674.0
2026-04-15 04:30:00,533,40,573,2026-04-15,4,1845.0,121.0,1966.0
2026-04-15 04:45:00,477,42,519,2026-04-15,4,1958.0,139.0,2097.0
2026-04-15 05:00:00,454,36,490,2026-04-15,5,1953.0,150.0,2103.0
2026-04-15 05:15:00,498,34,532,2026-04-15,5,1962.0,152.0,2114.0
2026-04-15 05:30:00,430,25,455,2026-04-15,5,1859.0,137.0,1996.0
2026-04-15 05:45:00,403,34,437,2026-04-15,5,1785.0,129.0,1914.0
2026-04-15 06:00:00,379,40,419,2026-04-15,6,1710.0,133.0,1843.0
2026-04-15 06:15:00,330,36,366,2026-04-15,6,1542.0,135.0,1677.0
2026-04-15 06:30:00,346,28,374,2026-04-15,6,1458.0,138.0,1596.0
2026-04-15 06:45:00,437,24,461,2026-04-15,6,1492.0,128.0,1620.0
2026-04-15 07:00:00,497,22,519,2026-04-15,7,1610.0,110.0,1720.0
2026-04-15 07:15:00,506,16,522,2026-04-15,7,1786.0,90.0,1876.0
2026-04-15 07:30:00,465,18,483,2026-04-15,7,1905.0,80.0,1985.0
2026-04-15 07:45:00,410,29,439,2026-04-15,7,1878.0,85.0,1963.0
2026-04-15 08:00:00,327,38,365,2026-04-15,8,1708.0,101.0,1809.0
2026-04-15 08:15:00,328,19,347,2026-04-15,8,1530.0,104.0,1634.0
2026-04-15 08:30:00,388,34,422,2026-04-15,8,1453.0,120.0,1573.0
2026-04-15 08:45:00,383,37,420,2026-04-15,8,1426.0,128.0,1554.0
2026-04-15 09:00:00,395,45,440,2026-04-15,9,1494.0,135.0,1629.0
2026-04-15 09:15:00,333,39,372,2026-04-15,9,1499.0,155.0,1654.0
2026-04-15 09:30:00,303,42,345,2026-04-15,9,1414.0,163.0,1577.0
2026-04-15 09:45:00,264,64,328,2026-04-15,9,1295.0,190.0,1485.0
2026-04-15 10:00:00,282,46,328,2026-04-15,10,1182.0,191.0,1373.0
2026-04-15 10:15:00,281,30,311,2026-04-15,10,1130.0,182.0,1312.0
2026-04-15 10:30:00,329,29,358,2026-04-15,10,1156.0,169.0,1325.0
2026-04-15 10:45:00,426,25,451,2026-04-15,10,1318.0,130.0,1448.0
2026-04-15 11:00:00,476,36,512,2026-04-15,11,1512.0,120.0,1632.0
2026-04-15 11:15:00,511,33,544,2026-04-15,11,1742.0,123.0,1865.0
2026-04-15 11:30:00,511,28,539,2026-04-15,11,1924.0,122.0,2046.0
2026-04-15 11:45:00,524,31,555,2026-04-15,11,2022.0,128.0,2150.0
2026-04-15 12:00:00,545,34,579,2026-04-15,12,2091.0,126.0,2217.0
2026-04-15 12:15:00,464,44,508,2026-04-15,12,2044.0,137.0,2181.0
2026-04-15 12:30:00,447,44,491,2026-04-15,12,1980.0,153.0,2133.0
2026-04-15 12:45:00,469,45,514,2026-04-15,12,1925.0,167.0,2092.0
2026-04-15 13:00:00,475,35,510,2026-04-15,13,1855.0,168.0,2023.0
2026-04-15 13:15:00,449,33,482,2026-04-15,13,1840.0,157.0,1997.0
2026-04-15 13:30:00,393,30,423,2026-04-15,13,1786.0,143.0,1929.0
2026-04-15 13:45:00,359,19,378,2026-04-15,13,1676.0,117.0,1793.0
2026-04-15 14:00:00,307,41,348,2026-04-15,14,1508.0,123.0,1631.0
2026-04-15 14:15:00,313,26,339,2026-04-15,14,1372.0,116.0,1488.0
2026-04-15 14:30:00,318,22,340,2026-04-15,14,1297.0,108.0,1405.0
2026-04-15 14:45:00,355,26,381,2026-04-15,14,1293.0,115.0,1408.0
2026-04-15 15:00:00,390,20,410,2026-04-15,15,1376.0,94.0,1470.0
2026-04-15 15:15:00,437,19,456,2026-04-15,15,1500.0,87.0,1587.0
2026-04-15 15:30:00,439,24,463,2026-04-15,15,1621.0,89.0,1710.0
2026-04-15 15:45:00,352,21,373,2026-04-15,15,1618.0,84.0,1702.0
2026-04-15 16:00:00,286,13,299,2026-04-15,16,1514.0,77.0,1591.0
2026-04-15 16:15:00,247,8,255,2026-04-15,16,1324.0,66.0,1390.0
2026-04-15 16:30:00,212,9,221,2026-04-15,16,1097.0,51.0,1148.0
2026-04-15 16:45:00,197,24,221,2026-04-15,16,942.0,54.0,996.0
2026-04-15 17:00:00,219,9,228,2026-04-15,17,875.0,50.0,925.0
2026-04-15 17:15:00,224,6,230,2026-04-15,17,852.0,48.0,900.0
2026-04-15 17:30:00,206,9,215,2026-04-15,17,846.0,48.0,894.0
2026-04-15 17:45:00,214,14,228,2026-04-15,17,863.0,38.0,901.0
2026-04-15 18:00:00,210,34,244,2026-04-15,18,854.0,63.0,917.0
2026-04-15 18:15:00,188,15,203,2026-04-15,18,818.0,72.0,890.0
2026-04-15 18:30:00,163,28,191,2026-04-15,18,775.0,91.0,866.0
2026-04-15 18:45:00,159,44,203,2026-04-15,18,720.0,121.0,841.0
2026-04-15 19:00:00,159,32,191,2026-04-15,19,669.0,119.0,788.0
2026-04-15 19:15:00,170,34,204,2026-04-15,19,651.0,138.0,789.0
2026-04-15 19:30:00,143,24,167,2026-04-15,19,631.0,134.0,765.0
2026-04-15 19:45:00,131,24,155,2026-04-15,19,603.0,114.0,717.0
2026-04-15 20:00:00,79,37,116,2026-04-15,20,523.0,119.0,642.0
2026-04-15 20:15:00,67,41,108,2026-04-15,20,420.0,126.0,546.0
2026-04-15 20:30:00,19,40,59,2026-04-15,20,296.0,142.0,438.0
2026-04-15 20:45:00,23,37,60,2026-04-15,20,188.0,155.0,343.0
2026-04-15 21:00:00,7,23,30,2026-04-15,21,116.0,141.0,257.0
2026-04-15 21:15:00,2,21,23,2026-04-15,21,51.0,121.0,172.0
2026-04-15 21:30:00,1,22,23,2026-04-15,21,33.0,103.0,136.0
2026-04-15 21:45:00,0,24,24,2026-04-15,21,10.0,90.0,100.0
2026-04-15 22:00:00,0,14,14,2026-04-15,22,3.0,81.0,84.0
2026-04-15 22:15:00,0,22,22,2026-04-15,22,1.0,82.0,83.0
2026-04-15 22:30:00,1,8,9,2026-04-15,22,1.0,68.0,69.0
2026-04-15 22:45:00,1,10,11,2026-04-15,22,2.0,54.0,56.0
2026-04-15 23:00:00,0,1,1,2026-04-15,23,2.0,41.0,43.0
2026-04-15 23:15:00,0,0,0,2026-04-15,23,2.0,19.0,21.0
2026-04-15 23:30:00,0,0,0,2026-04-15,23,1.0,11.0,12.0
2026-04-15 23:45:00,0,0,0,2026-04-15,23,0.0,1.0,1.0
2026-04-16 03:00:00,39,64,103,2026-04-16,3,39.0,64.0,103.0
2026-04-16 03:15:00,97,23,120,2026-04-16,3,136.0,87.0,223.0
2026-04-16 03:30:00,215,30,245,2026-04-16,3,351.0,117.0,468.0
2026-04-16 03:45:00,354,34,388,2026-04-16,3,705.0,151.0,856.0
2026-04-16 04:00:00,487,23,510,2026-04-16,4,1153.0,110.0,1263.0
2026-04-16 04:15:00,559,26,585,2026-04-16,4,1615.0,113.0,1728.0
2026-04-16 04:30:00,562,27,589,2026-04-16,4,1962.0,110.0,2072.0
2026-04-16 04:45:00,555,39,594,2026-04-16,4,2163.0,115.0,2278.0
2026-04-16 05:00:00,504,46,550,2026-04-16,5,2180.0,138.0,2318.0
2026-04-16 05:15:00,499,36,535,2026-04-16,5,2120.0,148.0,2268.0
2026-04-16 05:30:00,444,22,466,2026-04-16,5,2002.0,143.0,2145.0
2026-04-16 05:45:00,402,30,432,2026-04-16,5,1849.0,134.0,1983.0
2026-04-16 06:00:00,353,48,401,2026-04-16,6,1698.0,136.0,1834.0
2026-04-16 06:15:00,323,23,346,2026-04-16,6,1522.0,123.0,1645.0
2026-04-16 06:30:00,452,25,477,2026-04-16,6,1530.0,126.0,1656.0
2026-04-16 06:45:00,458,33,491,2026-04-16,6,1586.0,129.0,1715.0
2026-04-16 07:00:00,425,25,450,2026-04-16,7,1658.0,106.0,1764.0
2026-04-16 07:15:00,441,31,472,2026-04-16,7,1776.0,114.0,1890.0
2026-04-16 07:30:00,412,21,433,2026-04-16,7,1736.0,110.0,1846.0
2026-04-16 07:45:00,409,23,432,2026-04-16,7,1687.0,100.0,1787.0
2026-04-16 08:00:00,423,17,440,2026-04-16,8,1685.0,92.0,1777.0
2026-04-16 08:15:00,393,21,414,2026-04-16,8,1637.0,82.0,1719.0
2026-04-16 08:30:00,366,22,388,2026-04-16,8,1591.0,83.0,1674.0
2026-04-16 08:45:00,363,25,388,2026-04-16,8,1545.0,85.0,1630.0
2026-04-16 09:00:00,354,28,382,2026-04-16,9,1476.0,96.0,1572.0
2026-04-16 09:15:00,359,20,379,2026-04-16,9,1442.0,95.0,1537.0
2026-04-16 09:30:00,357,19,376,2026-04-16,9,1433.0,92.0,1525.0
2026-04-16 09:45:00,381,26,407,2026-04-16,9,1451.0,93.0,1544.0
2026-04-16 10:00:00,342,33,375,2026-04-16,10,1439.0,98.0,1537.0
2026-04-16 10:15:00,383,38,421,2026-04-16,10,1463.0,116.0,1579.0
2026-04-16 10:30:00,381,27,408,2026-04-16,10,1487.0,124.0,1611.0
2026-04-16 10:45:00,393,40,433,2026-04-16,10,1499.0,138.0,1637.0
2026-04-16 11:00:00,413,40,453,2026-04-16,11,1570.0,145.0,1715.0
2026-04-16 11:15:00,442,29,471,2026-04-16,11,1629.0,136.0,1765.0
2026-04-16 11:30:00,460,38,498,2026-04-16,11,1708.0,147.0,1855.0
2026-04-16 11:45:00,413,43,456,2026-04-16,11,1728.0,150.0,1878.0
2026-04-16 12:00:00,356,33,389,2026-04-16,12,1671.0,143.0,1814.0
2026-04-16 12:15:00,412,32,444,2026-04-16,12,1641.0,146.0,1787.0
2026-04-16 12:30:00,332,36,368,2026-04-16,12,1513.0,144.0,1657.0
2026-04-16 12:45:00,357,41,398,2026-04-16,12,1457.0,142.0,1599.0
2026-04-16 13:00:00,324,40,364,2026-04-16,13,1425.0,149.0,1574.0
2026-04-16 13:15:00,356,38,394,2026-04-16,13,1369.0,155.0,1524.0
2026-04-16 13:30:00,364,28,392,2026-04-16,13,1401.0,147.0,1548.0
2026-04-16 13:45:00,293,33,326,2026-04-16,13,1337.0,139.0,1476.0
2026-04-16 14:00:00,263,30,293,2026-04-16,14,1276.0,129.0,1405.0
2026-04-16 14:15:00,314,28,342,2026-04-16,14,1234.0,119.0,1353.0
2026-04-16 14:30:00,302,40,342,2026-04-16,14,1172.0,131.0,1303.0
2026-04-16 14:45:00,362,41,403,2026-04-16,14,1241.0,139.0,1380.0
2026-04-16 15:00:00,452,28,480,2026-04-16,15,1430.0,137.0,1567.0
2026-04-16 15:15:00,468,17,485,2026-04-16,15,1584.0,126.0,1710.0
2026-04-16 15:30:00,412,26,438,2026-04-16,15,1694.0,112.0,1806.0
2026-04-16 15:45:00,403,23,426,2026-04-16,15,1735.0,94.0,1829.0
2026-04-16 16:00:00,379,20,399,2026-04-16,16,1662.0,86.0,1748.0
2026-04-16 16:15:00,395,20,415,2026-04-16,16,1589.0,89.0,1678.0
2026-04-16 16:30:00,339,15,354,2026-04-16,16,1516.0,78.0,1594.0
2026-04-16 16:45:00,348,17,365,2026-04-16,16,1461.0,72.0,1533.0
2026-04-16 17:00:00,372,19,391,2026-04-16,17,1454.0,71.0,1525.0
2026-04-16 17:15:00,350,11,361,2026-04-16,17,1409.0,62.0,1471.0
2026-04-16 17:30:00,360,12,372,2026-04-16,17,1430.0,59.0,1489.0
2026-04-16 17:45:00,340,24,364,2026-04-16,17,1422.0,66.0,1488.0
2026-04-16 18:00:00,304,20,324,2026-04-16,18,1354.0,67.0,1421.0
2026-04-16 18:15:00,251,16,267,2026-04-16,18,1255.0,72.0,1327.0
2026-04-16 18:30:00,220,31,251,2026-04-16,18,1115.0,91.0,1206.0
2026-04-16 18:45:00,202,41,243,2026-04-16,18,977.0,108.0,1085.0
2026-04-16 19:00:00,183,22,205,2026-04-16,19,856.0,110.0,966.0
2026-04-16 19:15:00,196,30,226,2026-04-16,19,801.0,124.0,925.0
2026-04-16 19:30:00,183,34,217,2026-04-16,19,764.0,127.0,891.0
2026-04-16 19:45:00,171,45,216,2026-04-16,19,733.0,131.0,864.0
2026-04-16 20:00:00,132,24,156,2026-04-16,20,682.0,133.0,815.0
2026-04-16 20:15:00,107,36,143,2026-04-16,20,593.0,139.0,732.0
2026-04-16 20:30:00,69,37,106,2026-04-16,20,479.0,142.0,621.0
2026-04-16 20:45:00,45,37,82,2026-04-16,20,353.0,134.0,487.0
2026-04-16 21:00:00,44,47,91,2026-04-16,21,265.0,157.0,422.0
2026-04-16 21:15:00,7,25,32,2026-04-16,21,165.0,146.0,311.0
2026-04-16 21:30:00,1,37,38,2026-04-16,21,97.0,146.0,243.0
2026-04-16 21:45:00,1,33,34,2026-04-16,21,53.0,142.0,195.0
2026-04-16 22:00:00,1,23,24,2026-04-16,22,10.0,118.0,128.0
2026-04-16 22:15:00,0,18,18,2026-04-16,22,3.0,111.0,114.0
2026-04-16 22:30:00,0,4,4,2026-04-16,22,2.0,78.0,80.0
2026-04-16 22:45:00,0,4,4,2026-04-16,22,1.0,49.0,50.0
2026-04-16 23:00:00,0,19,19,2026-04-16,23,0.0,45.0,45.0
2026-04-16 23:15:00,0,7,7,2026-04-16,23,0.0,34.0,34.0
2026-04-16 23:30:00,0,0,0,2026-04-16,23,0.0,30.0,30.0
2026-04-16 23:45:00,0,0,0,2026-04-16,23,0.0,26.0,26.0
2026-04-17 03:00:00,67,31,98,2026-04-17,3,67.0,31.0,98.0
2026-04-17 03:15:00,117,39,156,2026-04-17,3,184.0,70.0,254.0
2026-04-17 03:30:00,195,52,247,2026-04-17,3,379.0,122.0,501.0
2026-04-17 03:45:00,381,62,443,2026-04-17,3,760.0,184.0,944.0
2026-04-17 04:00:00,598,34,632,2026-04-17,4,1291.0,187.0,1478.0
2026-04-17 04:15:00,748,29,777,2026-04-17,4,1922.0,177.0,2099.0
2026-04-17 04:30:00,721,69,790,2026-04-17,4,2448.0,194.0,2642.0
2026-04-17 04:45:00,691,74,765,2026-04-17,4,2758.0,206.0,2964.0
2026-04-17 05:00:00,643,52,695,2026-04-17,5,2803.0,224.0,3027.0
2026-04-17 05:15:00,532,41,573,2026-04-17,5,2587.0,236.0,2823.0
2026-04-17 05:30:00,360,39,399,2026-04-17,5,2226.0,206.0,2432.0
2026-04-17 05:45:00,307,48,355,2026-04-17,5,1842.0,180.0,2022.0
2026-04-17 06:00:00,357,36,393,2026-04-17,6,1556.0,164.0,1720.0
2026-04-17 06:15:00,374,45,419,2026-04-17,6,1398.0,168.0,1566.0
2026-04-17 06:30:00,368,36,404,2026-04-17,6,1406.0,165.0,1571.0
2026-04-17 06:45:00,435,29,464,2026-04-17,6,1534.0,146.0,1680.0
2026-04-17 07:00:00,464,27,491,2026-04-17,7,1641.0,137.0,1778.0
2026-04-17 07:15:00,453,33,486,2026-04-17,7,1720.0,125.0,1845.0
2026-04-17 07:30:00,456,21,477,2026-04-17,7,1808.0,110.0,1918.0
2026-04-17 07:45:00,444,21,465,2026-04-17,7,1817.0,102.0,1919.0
2026-04-17 08:00:00,519,34,553,2026-04-17,8,1872.0,109.0,1981.0
2026-04-17 08:15:00,475,34,509,2026-04-17,8,1894.0,110.0,2004.0
2026-04-17 08:30:00,415,27,442,2026-04-17,8,1853.0,116.0,1969.0
2026-04-17 08:45:00,358,26,384,2026-04-17,8,1767.0,121.0,1888.0
2026-04-17 09:00:00,374,29,403,2026-04-17,9,1622.0,116.0,1738.0
2026-04-17 09:15:00,355,32,387,2026-04-17,9,1502.0,114.0,1616.0
2026-04-17 09:30:00,358,41,399,2026-04-17,9,1445.0,128.0,1573.0
2026-04-17 09:45:00,359,42,401,2026-04-17,9,1446.0,144.0,1590.0
2026-04-17 10:00:00,372,52,424,2026-04-17,10,1444.0,167.0,1611.0
2026-04-17 10:15:00,412,39,451,2026-04-17,10,1501.0,174.0,1675.0
2026-04-17 10:30:00,401,58,459,2026-04-17,10,1544.0,191.0,1735.0
2026-04-17 10:45:00,403,48,451,2026-04-17,10,1588.0,197.0,1785.0
2026-04-17 11:00:00,433,38,471,2026-04-17,11,1649.0,183.0,1832.0
2026-04-17 11:15:00,499,49,548,2026-04-17,11,1736.0,193.0,1929.0
2026-04-17 11:30:00,538,57,595,2026-04-17,11,1873.0,192.0,2065.0
2026-04-17 11:45:00,581,60,641,2026-04-17,11,2051.0,204.0,2255.0
2026-04-17 12:00:00,603,62,665,2026-04-17,12,2221.0,228.0,2449.0
2026-04-17 12:15:00,664,53,717,2026-04-17,12,2386.0,232.0,2618.0
2026-04-17 12:30:00,588,46,634,2026-04-17,12,2436.0,221.0,2657.0
2026-04-17 12:45:00,583,55,638,2026-04-17,12,2438.0,216.0,2654.0
2026-04-17 13:00:00,487,44,531,2026-04-17,13,2322.0,198.0,2520.0
2026-04-17 13:15:00,470,32,502,2026-04-17,13,2128.0,177.0,2305.0
2026-04-17 13:30:00,365,46,411,2026-04-17,13,1905.0,177.0,2082.0
2026-04-17 13:45:00,286,42,328,2026-04-17,13,1608.0,164.0,1772.0
2026-04-17 14:00:00,279,29,308,2026-04-17,14,1400.0,149.0,1549.0
2026-04-17 14:15:00,276,30,306,2026-04-17,14,1206.0,147.0,1353.0
2026-04-17 14:30:00,257,27,284,2026-04-17,14,1098.0,128.0,1226.0
2026-04-17 14:45:00,290,32,322,2026-04-17,14,1102.0,118.0,1220.0
2026-04-17 15:00:00,341,28,369,2026-04-17,15,1164.0,117.0,1281.0
2026-04-17 15:15:00,380,16,396,2026-04-17,15,1268.0,103.0,1371.0
2026-04-17 15:30:00,435,16,451,2026-04-17,15,1446.0,92.0,1538.0
2026-04-17 15:45:00,494,17,511,2026-04-17,15,1650.0,77.0,1727.0
2026-04-17 16:00:00,406,14,420,2026-04-17,16,1715.0,63.0,1778.0
2026-04-17 16:15:00,444,17,461,2026-04-17,16,1779.0,64.0,1843.0
2026-04-17 16:30:00,396,13,409,2026-04-17,16,1740.0,61.0,1801.0
2026-04-17 16:45:00,369,24,393,2026-04-17,16,1615.0,68.0,1683.0
2026-04-17 17:00:00,409,24,433,2026-04-17,17,1618.0,78.0,1696.0
2026-04-17 17:15:00,423,13,436,2026-04-17,17,1597.0,74.0,1671.0
2026-04-17 17:30:00,368,12,380,2026-04-17,17,1569.0,73.0,1642.0
2026-04-17 17:45:00,384,17,401,2026-04-17,17,1584.0,66.0,1650.0
2026-04-17 18:00:00,305,18,323,2026-04-17,18,1480.0,60.0,1540.0
2026-04-17 18:15:00,254,8,262,2026-04-17,18,1311.0,55.0,1366.0
2026-04-17 18:30:00,199,10,209,2026-04-17,18,1142.0,53.0,1195.0
2026-04-17 18:45:00,173,10,183,2026-04-17,18,931.0,46.0,977.0
2026-04-17 19:00:00,163,10,173,2026-04-17,19,789.0,38.0,827.0
2026-04-17 19:15:00,132,10,142,2026-04-17,19,667.0,40.0,707.0
2026-04-17 19:30:00,127,12,139,2026-04-17,19,595.0,42.0,637.0
2026-04-17 19:45:00,124,10,134,2026-04-17,19,546.0,42.0,588.0
2026-04-17 20:00:00,126,8,134,2026-04-17,20,509.0,40.0,549.0
2026-04-17 20:15:00,103,10,113,2026-04-17,20,480.0,40.0,520.0
2026-04-17 20:30:00,63,7,70,2026-04-17,20,416.0,35.0,451.0
2026-04-17 20:45:00,45,11,56,2026-04-17,20,337.0,36.0,373.0
2026-04-17 21:00:00,17,7,24,2026-04-17,21,228.0,35.0,263.0
2026-04-17 21:15:00,6,5,11,2026-04-17,21,131.0,30.0,161.0
2026-04-17 21:30:00,4,11,15,2026-04-17,21,72.0,34.0,106.0
2026-04-17 21:45:00,6,11,17,2026-04-17,21,33.0,34.0,67.0
2026-04-17 22:00:00,5,6,11,2026-04-17,22,21.0,33.0,54.0
2026-04-17 22:15:00,4,3,7,2026-04-17,22,19.0,31.0,50.0
2026-04-17 22:30:00,3,3,6,2026-04-17,22,18.0,23.0,41.0
2026-04-17 22:45:00,1,1,2,2026-04-17,22,13.0,13.0,26.0
2026-04-17 23:00:00,1,3,4,2026-04-17,23,9.0,10.0,19.0
2026-04-17 23:15:00,0,3,3,2026-04-17,23,5.0,10.0,15.0
2026-04-17 23:30:00,0,3,3,2026-04-17,23,2.0,10.0,12.0
2026-04-17 23:45:00,0,5,5,2026-04-17,23,1.0,14.0,15.0
2026-04-18 03:00:00,48,30,78,2026-04-18,3,48.0,30.0,78.0
2026-04-18 03:15:00,86,35,121,2026-04-18,3,134.0,65.0,199.0
2026-04-18 03:30:00,261,53,314,2026-04-18,3,395.0,118.0,513.0
2026-04-18 03:45:00,449,49,498,2026-04-18,3,844.0,167.0,1011.0
2026-04-18 04:00:00,569,37,606,2026-04-18,4,1365.0,174.0,1539.0
2026-04-18 04:15:00,779,26,805,2026-04-18,4,2058.0,165.0,2223.0
2026-04-18 04:30:00,760,46,806,2026-04-18,4,2557.0,158.0,2715.0
2026-04-18 04:45:00,670,52,722,2026-04-18,4,2778.0,161.0,2939.0
2026-04-18 05:00:00,537,56,593,2026-04-18,5,2746.0,180.0,2926.0
2026-04-18 05:15:00,465,28,493,2026-04-18,5,2432.0,182.0,2614.0
2026-04-18 05:30:00,386,30,416,2026-04-18,5,2058.0,166.0,2224.0
2026-04-18 05:45:00,354,44,398,2026-04-18,5,1742.0,158.0,1900.0
2026-04-18 06:00:00,351,44,395,2026-04-18,6,1556.0,146.0,1702.0
2026-04-18 06:15:00,400,33,433,2026-04-18,6,1491.0,151.0,1642.0
2026-04-18 06:30:00,388,29,417,2026-04-18,6,1493.0,150.0,1643.0
2026-04-18 06:45:00,450,22,472,2026-04-18,6,1589.0,128.0,1717.0
2026-04-18 07:00:00,484,19,503,2026-04-18,7,1722.0,103.0,1825.0
2026-04-18 07:15:00,483,27,510,2026-04-18,7,1805.0,97.0,1902.0
2026-04-18 07:30:00,494,21,515,2026-04-18,7,1911.0,89.0,2000.0
2026-04-18 07:45:00,440,23,463,2026-04-18,7,1901.0,90.0,1991.0
2026-04-18 08:00:00,321,18,339,2026-04-18,8,1738.0,89.0,1827.0
2026-04-18 08:15:00,296,19,315,2026-04-18,8,1551.0,81.0,1632.0
2026-04-18 08:30:00,291,15,306,2026-04-18,8,1348.0,75.0,1423.0
2026-04-18 08:45:00,335,24,359,2026-04-18,8,1243.0,76.0,1319.0
2026-04-18 09:00:00,357,23,380,2026-04-18,9,1279.0,81.0,1360.0
2026-04-18 09:15:00,316,19,335,2026-04-18,9,1299.0,81.0,1380.0
2026-04-18 09:30:00,252,23,275,2026-04-18,9,1260.0,89.0,1349.0
2026-04-18 09:45:00,247,26,273,2026-04-18,9,1172.0,91.0,1263.0
2026-04-18 10:00:00,262,22,284,2026-04-18,10,1077.0,90.0,1167.0
2026-04-18 10:15:00,304,35,339,2026-04-18,10,1065.0,106.0,1171.0
2026-04-18 10:30:00,339,37,376,2026-04-18,10,1152.0,120.0,1272.0
2026-04-18 10:45:00,375,38,413,2026-04-18,10,1280.0,132.0,1412.0
2026-04-18 11:00:00,410,34,444,2026-04-18,11,1428.0,144.0,1572.0
2026-04-18 11:15:00,468,39,507,2026-04-18,11,1592.0,148.0,1740.0
2026-04-18 11:30:00,436,50,486,2026-04-18,11,1689.0,161.0,1850.0
2026-04-18 11:45:00,447,56,503,2026-04-18,11,1761.0,179.0,1940.0
2026-04-18 12:00:00,401,36,437,2026-04-18,12,1752.0,181.0,1933.0
2026-04-18 12:15:00,376,28,404,2026-04-18,12,1660.0,170.0,1830.0
2026-04-18 12:30:00,359,36,395,2026-04-18,12,1583.0,156.0,1739.0
2026-04-18 12:45:00,322,39,361,2026-04-18,12,1458.0,139.0,1597.0
2026-04-18 13:00:00,328,33,361,2026-04-18,13,1385.0,136.0,1521.0
2026-04-18 13:15:00,285,30,315,2026-04-18,13,1294.0,138.0,1432.0
2026-04-18 13:30:00,304,30,334,2026-04-18,13,1239.0,132.0,1371.0
2026-04-18 13:45:00,282,28,310,2026-04-18,13,1199.0,121.0,1320.0
2026-04-18 14:00:00,222,24,246,2026-04-18,14,1093.0,112.0,1205.0
2026-04-18 14:15:00,283,21,304,2026-04-18,14,1091.0,103.0,1194.0
2026-04-18 14:30:00,262,23,285,2026-04-18,14,1049.0,96.0,1145.0
2026-04-18 14:45:00,310,19,329,2026-04-18,14,1077.0,87.0,1164.0
2026-04-18 15:00:00,364,18,382,2026-04-18,15,1219.0,81.0,1300.0
2026-04-18 15:15:00,378,18,396,2026-04-18,15,1314.0,78.0,1392.0
2026-04-18 15:30:00,350,21,371,2026-04-18,15,1402.0,76.0,1478.0
2026-04-18 15:45:00,352,19,371,2026-04-18,15,1444.0,76.0,1520.0
2026-04-18 16:00:00,333,18,351,2026-04-18,16,1413.0,76.0,1489.0
2026-04-18 16:15:00,280,8,288,2026-04-18,16,1315.0,66.0,1381.0
2026-04-18 16:30:00,235,9,244,2026-04-18,16,1200.0,54.0,1254.0
2026-04-18 16:45:00,190,16,206,2026-04-18,16,1038.0,51.0,1089.0
2026-04-18 17:00:00,167,15,182,2026-04-18,17,872.0,48.0,920.0
2026-04-18 17:15:00,127,8,135,2026-04-18,17,719.0,48.0,767.0
2026-04-18 17:30:00,163,6,169,2026-04-18,17,647.0,45.0,692.0
2026-04-18 17:45:00,189,8,197,2026-04-18,17,646.0,37.0,683.0
2026-04-18 18:00:00,196,13,209,2026-04-18,18,675.0,35.0,710.0
2026-04-18 18:15:00,175,9,184,2026-04-18,18,723.0,36.0,759.0
2026-04-18 18:30:00,141,11,152,2026-04-18,18,701.0,41.0,742.0
2026-04-18 18:45:00,105,11,116,2026-04-18,18,617.0,44.0,661.0
2026-04-18 19:00:00,86,8,94,2026-04-18,19,507.0,39.0,546.0
2026-04-18 19:15:00,86,5,91,2026-04-18,19,418.0,35.0,453.0
2026-04-18 19:30:00,76,6,82,2026-04-18,19,353.0,30.0,383.0
2026-04-18 19:45:00,58,9,67,2026-04-18,19,306.0,28.0,334.0
2026-04-18 20:00:00,55,12,67,2026-04-18,20,275.0,32.0,307.0
2026-04-18 20:15:00,37,6,43,2026-04-18,20,226.0,33.0,259.0
2026-04-18 20:30:00,25,9,34,2026-04-18,20,175.0,36.0,211.0
2026-04-18 20:45:00,14,7,21,2026-04-18,20,131.0,34.0,165.0
2026-04-18 21:00:00,3,11,14,2026-04-18,21,79.0,33.0,112.0
2026-04-18 21:15:00,1,4,5,2026-04-18,21,43.0,31.0,74.0
2026-04-18 21:30:00,1,8,9,2026-04-18,21,19.0,30.0,49.0
2026-04-18 21:45:00,1,6,7,2026-04-18,21,6.0,29.0,35.0
2026-04-18 22:00:00,1,6,7,2026-04-18,22,4.0,24.0,28.0
2026-04-18 22:15:00,0,4,4,2026-04-18,22,3.0,24.0,27.0
2026-04-18 22:30:00,0,3,3,2026-04-18,22,2.0,19.0,21.0
2026-04-18 22:45:00,0,4,4,2026-04-18,22,1.0,17.0,18.0
2026-04-18 23:00:00,0,1,1,2026-04-18,23,0.0,12.0,12.0
2026-04-18 23:15:00,0,0,0,2026-04-18,23,0.0,8.0,8.0
2026-04-18 23:30:00,0,0,0,2026-04-18,23,0.0,5.0,5.0
2026-04-18 23:45:00,1,0,1,2026-04-18,23,1.0,1.0,2.0
2026-04-19 03:00:00,50,63,113,2026-04-19,3,50.0,63.0,113.0
2026-04-19 03:15:00,102,27,129,2026-04-19,3,152.0,90.0,242.0
2026-04-19 03:30:00,212,21,233,2026-04-19,3,364.0,111.0,475.0
2026-04-19 03:45:00,342,21,363,2026-04-19,3,706.0,132.0,838.0
2026-04-19 04:00:00,446,20,466,2026-04-19,4,1102.0,89.0,1191.0
2026-04-19 04:15:00,459,20,479,2026-04-19,4,1459.0,82.0,1541.0
2026-04-19 04:30:00,526,26,552,2026-04-19,4,1773.0,87.0,1860.0
2026-04-19 04:45:00,559,32,591,2026-04-19,4,1990.0,98.0,2088.0
2026-04-19 05:00:00,544,42,586,2026-04-19,5,2088.0,120.0,2208.0
2026-04-19 05:15:00,465,23,488,2026-04-19,5,2094.0,123.0,2217.0
2026-04-19 05:30:00,458,20,478,2026-04-19,5,2026.0,117.0,2143.0
2026-04-19 05:45:00,338,25,363,2026-04-19,5,1805.0,110.0,1915.0
2026-04-19 06:00:00,307,28,335,2026-04-19,6,1568.0,96.0,1664.0
2026-04-19 06:15:00,311,31,342,2026-04-19,6,1414.0,104.0,1518.0
2026-04-19 06:30:00,320,15,335,2026-04-19,6,1276.0,99.0,1375.0
2026-04-19 06:45:00,255,13,268,2026-04-19,6,1193.0,87.0,1280.0
2026-04-19 07:00:00,246,24,270,2026-04-19,7,1132.0,83.0,1215.0
2026-04-19 07:15:00,289,25,314,2026-04-19,7,1110.0,77.0,1187.0
2026-04-19 07:30:00,287,16,303,2026-04-19,7,1077.0,78.0,1155.0
2026-04-19 07:45:00,330,19,349,2026-04-19,7,1152.0,84.0,1236.0
2026-04-19 08:00:00,391,20,411,2026-04-19,8,1297.0,80.0,1377.0
2026-04-19 08:15:00,390,27,417,2026-04-19,8,1398.0,82.0,1480.0
2026-04-19 08:30:00,375,12,387,2026-04-19,8,1486.0,78.0,1564.0
2026-04-19 08:45:00,342,28,370,2026-04-19,8,1498.0,87.0,1585.0
2026-04-19 09:00:00,363,32,395,2026-04-19,9,1470.0,99.0,1569.0
2026-04-19 09:15:00,356,38,394,2026-04-19,9,1436.0,110.0,1546.0
2026-04-19 09:30:00,411,26,437,2026-04-19,9,1472.0,124.0,1596.0
2026-04-19 09:45:00,376,26,402,2026-04-19,9,1506.0,122.0,1628.0
2026-04-19 10:00:00,384,34,418,2026-04-19,10,1527.0,124.0,1651.0
2026-04-19 10:15:00,339,33,372,2026-04-19,10,1510.0,119.0,1629.0
2026-04-19 10:30:00,303,28,331,2026-04-19,10,1402.0,121.0,1523.0
2026-04-19 10:45:00,338,30,368,2026-04-19,10,1364.0,125.0,1489.0
2026-04-19 11:00:00,450,21,471,2026-04-19,11,1430.0,112.0,1542.0
2026-04-19 11:15:00,534,23,557,2026-04-19,11,1625.0,102.0,1727.0
2026-04-19 11:30:00,565,33,598,2026-04-19,11,1887.0,107.0,1994.0
2026-04-19 11:45:00,586,38,624,2026-04-19,11,2135.0,115.0,2250.0
2026-04-19 12:00:00,575,25,600,2026-04-19,12,2260.0,119.0,2379.0
2026-04-19 12:15:00,573,24,597,2026-04-19,12,2299.0,120.0,2419.0
2026-04-19 12:30:00,511,22,533,2026-04-19,12,2245.0,109.0,2354.0
2026-04-19 12:45:00,416,28,444,2026-04-19,12,2075.0,99.0,2174.0
2026-04-19 13:00:00,363,38,401,2026-04-19,13,1863.0,112.0,1975.0
2026-04-19 13:15:00,291,27,318,2026-04-19,13,1581.0,115.0,1696.0
2026-04-19 13:30:00,257,32,289,2026-04-19,13,1327.0,125.0,1452.0
2026-04-19 13:45:00,248,26,274,2026-04-19,13,1159.0,123.0,1282.0
2026-04-19 14:00:00,247,28,275,2026-04-19,14,1043.0,113.0,1156.0
2026-04-19 14:15:00,253,21,274,2026-04-19,14,1005.0,107.0,1112.0
2026-04-19 14:30:00,289,9,298,2026-04-19,14,1037.0,84.0,1121.0
2026-04-19 14:45:00,336,10,346,2026-04-19,14,1125.0,68.0,1193.0
2026-04-19 15:00:00,431,16,447,2026-04-19,15,1309.0,56.0,1365.0
2026-04-19 15:15:00,481,17,498,2026-04-19,15,1537.0,52.0,1589.0
2026-04-19 15:30:00,490,16,506,2026-04-19,15,1738.0,59.0,1797.0
2026-04-19 15:45:00,508,15,523,2026-04-19,15,1910.0,64.0,1974.0
2026-04-19 16:00:00,426,11,437,2026-04-19,16,1905.0,59.0,1964.0
2026-04-19 16:15:00,358,15,373,2026-04-19,16,1782.0,57.0,1839.0
2026-04-19 16:30:00,298,14,312,2026-04-19,16,1590.0,55.0,1645.0
2026-04-19 16:45:00,281,12,293,2026-04-19,16,1363.0,52.0,1415.0
2026-04-19 17:00:00,317,15,332,2026-04-19,17,1254.0,56.0,1310.0
2026-04-19 17:15:00,362,13,375,2026-04-19,17,1258.0,54.0,1312.0
2026-04-19 17:30:00,373,17,390,2026-04-19,17,1333.0,57.0,1390.0
2026-04-19 17:45:00,446,18,464,2026-04-19,17,1498.0,63.0,1561.0
2026-04-19 18:00:00,496,16,512,2026-04-19,18,1677.0,64.0,1741.0
2026-04-19 18:15:00,442,10,452,2026-04-19,18,1757.0,61.0,1818.0
2026-04-19 18:30:00,418,8,426,2026-04-19,18,1802.0,52.0,1854.0
2026-04-19 18:45:00,349,7,356,2026-04-19,18,1705.0,41.0,1746.0
2026-04-19 19:00:00,292,13,305,2026-04-19,19,1501.0,38.0,1539.0
2026-04-19 19:15:00,259,8,267,2026-04-19,19,1318.0,36.0,1354.0
2026-04-19 19:30:00,195,16,211,2026-04-19,19,1095.0,44.0,1139.0
2026-04-19 19:45:00,163,30,193,2026-04-19,19,909.0,67.0,976.0
2026-04-19 20:00:00,106,31,137,2026-04-19,20,723.0,85.0,808.0
2026-04-19 20:15:00,93,29,122,2026-04-19,20,557.0,106.0,663.0
2026-04-19 20:30:00,55,44,99,2026-04-19,20,417.0,134.0,551.0
2026-04-19 20:45:00,30,41,71,2026-04-19,20,284.0,145.0,429.0
2026-04-19 21:00:00,23,37,60,2026-04-19,21,201.0,151.0,352.0
2026-04-19 21:15:00,18,30,48,2026-04-19,21,126.0,152.0,278.0
2026-04-19 21:30:00,31,40,71,2026-04-19,21,102.0,148.0,250.0
2026-04-19 21:45:00,27,42,69,2026-04-19,21,99.0,149.0,248.0
2026-04-19 22:00:00,19,18,37,2026-04-19,22,95.0,130.0,225.0
2026-04-19 22:15:00,12,14,26,2026-04-19,22,89.0,114.0,203.0
2026-04-19 22:30:00,13,15,28,2026-04-19,22,71.0,89.0,160.0
2026-04-19 22:45:00,4,9,13,2026-04-19,22,48.0,56.0,104.0
2026-04-19 23:00:00,1,5,6,2026-04-19,23,30.0,43.0,73.0
2026-04-19 23:15:00,0,6,6,2026-04-19,23,18.0,35.0,53.0
2026-04-19 23:30:00,0,4,4,2026-04-19,23,5.0,24.0,29.0
2026-04-19 23:45:00,0,2,2,2026-04-19,23,1.0,17.0,18.0
2026-04-20 03:00:00,52,80,132,2026-04-20,3,52.0,80.0,132.0
2026-04-20 03:15:00,83,78,161,2026-04-20,3,135.0,158.0,293.0
2026-04-20 03:30:00,193,20,213,2026-04-20,3,328.0,178.0,506.0
2026-04-20 03:45:00,334,22,356,2026-04-20,3,662.0,200.0,862.0
2026-04-20 04:00:00,434,18,452,2026-04-20,4,1044.0,138.0,1182.0
2026-04-20 04:15:00,515,25,540,2026-04-20,4,1476.0,85.0,1561.0
2026-04-20 04:30:00,590,39,629,2026-04-20,4,1873.0,104.0,1977.0
2026-04-20 04:45:00,626,36,662,2026-04-20,4,2165.0,118.0,2283.0
2026-04-20 05:00:00,563,40,603,2026-04-20,5,2294.0,140.0,2434.0
2026-04-20 05:15:00,479,30,509,2026-04-20,5,2258.0,145.0,2403.0
2026-04-20 05:30:00,428,20,448,2026-04-20,5,2096.0,126.0,2222.0
2026-04-20 05:45:00,473,38,511,2026-04-20,5,1943.0,128.0,2071.0
2026-04-20 06:00:00,515,36,551,2026-04-20,6,1895.0,124.0,2019.0
2026-04-20 06:15:00,477,38,515,2026-04-20,6,1893.0,132.0,2025.0
2026-04-20 06:30:00,440,15,455,2026-04-20,6,1905.0,127.0,2032.0
2026-04-20 06:45:00,451,22,473,2026-04-20,6,1883.0,111.0,1994.0
2026-04-20 07:00:00,403,14,417,2026-04-20,7,1771.0,89.0,1860.0
2026-04-20 07:15:00,416,20,436,2026-04-20,7,1710.0,71.0,1781.0
2026-04-20 07:30:00,424,15,439,2026-04-20,7,1694.0,71.0,1765.0
2026-04-20 07:45:00,444,14,458,2026-04-20,7,1687.0,63.0,1750.0
2026-04-20 08:00:00,494,20,514,2026-04-20,8,1778.0,69.0,1847.0
2026-04-20 08:15:00,492,25,517,2026-04-20,8,1854.0,74.0,1928.0
2026-04-20 08:30:00,442,16,458,2026-04-20,8,1872.0,75.0,1947.0
2026-04-20 08:45:00,405,23,428,2026-04-20,8,1833.0,84.0,1917.0
2026-04-20 09:00:00,334,20,354,2026-04-20,9,1673.0,84.0,1757.0
2026-04-20 09:15:00,301,28,329,2026-04-20,9,1482.0,87.0,1569.0
2026-04-20 09:30:00,305,30,335,2026-04-20,9,1345.0,101.0,1446.0
2026-04-20 09:45:00,324,25,349,2026-04-20,9,1264.0,103.0,1367.0
2026-04-20 10:00:00,328,28,356,2026-04-20,10,1258.0,111.0,1369.0
2026-04-20 10:15:00,343,39,382,2026-04-20,10,1300.0,122.0,1422.0
2026-04-20 10:30:00,380,27,407,2026-04-20,10,1375.0,119.0,1494.0
2026-04-20 10:45:00,413,30,443,2026-04-20,10,1464.0,124.0,1588.0
2026-04-20 11:00:00,480,28,508,2026-04-20,11,1616.0,124.0,1740.0
2026-04-20 11:15:00,537,26,563,2026-04-20,11,1810.0,111.0,1921.0
2026-04-20 11:30:00,565,33,598,2026-04-20,11,1995.0,117.0,2112.0
2026-04-20 11:45:00,559,34,593,2026-04-20,11,2141.0,121.0,2262.0
2026-04-20 12:00:00,535,34,569,2026-04-20,12,2196.0,127.0,2323.0
2026-04-20 12:15:00,497,26,523,2026-04-20,12,2156.0,127.0,2283.0
2026-04-20 12:30:00,434,34,468,2026-04-20,12,2025.0,128.0,2153.0
2026-04-20 12:45:00,371,29,400,2026-04-20,12,1837.0,123.0,1960.0
2026-04-20 13:00:00,372,20,392,2026-04-20,13,1674.0,109.0,1783.0
2026-04-20 13:15:00,407,18,425,2026-04-20,13,1584.0,101.0,1685.0
2026-04-20 13:30:00,431,24,455,2026-04-20,13,1581.0,91.0,1672.0
2026-04-20 13:45:00,408,27,435,2026-04-20,13,1618.0,89.0,1707.0
2026-04-20 14:00:00,442,15,457,2026-04-20,14,1688.0,84.0,1772.0
2026-04-20 14:15:00,430,25,455,2026-04-20,14,1711.0,91.0,1802.0
2026-04-20 14:30:00,385,23,408,2026-04-20,14,1665.0,90.0,1755.0
2026-04-20 14:45:00,424,20,444,2026-04-20,14,1681.0,83.0,1764.0
2026-04-20 15:00:00,467,23,490,2026-04-20,15,1706.0,91.0,1797.0
2026-04-20 15:15:00,508,19,527,2026-04-20,15,1784.0,85.0,1869.0
2026-04-20 15:30:00,497,22,519,2026-04-20,15,1896.0,84.0,1980.0
2026-04-20 15:45:00,408,21,429,2026-04-20,15,1880.0,85.0,1965.0
2026-04-20 16:00:00,308,12,320,2026-04-20,16,1721.0,74.0,1795.0
2026-04-20 16:15:00,350,13,363,2026-04-20,16,1563.0,68.0,1631.0
2026-04-20 16:30:00,348,13,361,2026-04-20,16,1414.0,59.0,1473.0
2026-04-20 16:45:00,328,9,337,2026-04-20,16,1334.0,47.0,1381.0
2026-04-20 17:00:00,357,14,371,2026-04-20,17,1383.0,49.0,1432.0
2026-04-20 17:15:00,449,12,461,2026-04-20,17,1482.0,48.0,1530.0
2026-04-20 17:30:00,482,6,488,2026-04-20,17,1616.0,41.0,1657.0
2026-04-20 17:45:00,479,9,488,2026-04-20,17,1767.0,41.0,1808.0
2026-04-20 18:00:00,400,26,426,2026-04-20,18,1810.0,53.0,1863.0
2026-04-20 18:15:00,329,12,341,2026-04-20,18,1690.0,53.0,1743.0
2026-04-20 18:30:00,268,13,281,2026-04-20,18,1476.0,60.0,1536.0
2026-04-20 18:45:00,213,27,240,2026-04-20,18,1210.0,78.0,1288.0
2026-04-20 19:00:00,165,32,197,2026-04-20,19,975.0,84.0,1059.0
2026-04-20 19:15:00,160,24,184,2026-04-20,19,806.0,96.0,902.0
2026-04-20 19:30:00,129,24,153,2026-04-20,19,667.0,107.0,774.0
2026-04-20 19:45:00,108,29,137,2026-04-20,19,562.0,109.0,671.0
2026-04-20 20:00:00,87,32,119,2026-04-20,20,484.0,109.0,593.0
2026-04-20 20:15:00,64,21,85,2026-04-20,20,388.0,106.0,494.0
2026-04-20 20:30:00,36,34,70,2026-04-20,20,295.0,116.0,411.0
2026-04-20 20:45:00,20,29,49,2026-04-20,20,207.0,116.0,323.0
2026-04-20 21:00:00,16,32,48,2026-04-20,21,136.0,116.0,252.0
2026-04-20 21:15:00,3,20,23,2026-04-20,21,75.0,115.0,190.0
2026-04-20 21:30:00,1,21,22,2026-04-20,21,40.0,102.0,142.0
2026-04-20 21:45:00,2,19,21,2026-04-20,21,22.0,92.0,114.0
2026-04-20 22:00:00,0,7,7,2026-04-20,22,6.0,67.0,73.0
2026-04-20 22:15:00,0,6,6,2026-04-20,22,3.0,53.0,56.0
2026-04-20 22:30:00,0,4,4,2026-04-20,22,2.0,36.0,38.0
2026-04-20 22:45:00,1,4,5,2026-04-20,22,1.0,21.0,22.0
2026-04-20 23:00:00,0,9,9,2026-04-20,23,1.0,23.0,24.0
2026-04-20 23:15:00,1,5,6,2026-04-20,23,2.0,22.0,24.0
2026-04-20 23:30:00,0,2,2,2026-04-20,23,2.0,20.0,22.0
2026-04-20 23:45:00,1,2,3,2026-04-20,23,2.0,18.0,20.0
