datetime,baseline_entries,baseline_exits,booking_compliant_entries,adjusted_physical_entries,adjusted_exits,baseline_movements,booking_compliant_movements,adjusted_physical_movements,entry_change,exit_change,movement_change,date,time
2026-08-27 00:00:00,0,37,0.0,0.0,37,37,37.0,37.0,0.0,0,0.0,2026-08-27,00:00:00
2026-08-27 01:00:00,0,56,0.0,0.0,56,56,56.0,56.0,0.0,0,0.0,2026-08-27,01:00:00
2026-08-27 02:00:00,9,52,9.0,9.0,52,61,61.0,61.0,0.0,0,0.0,2026-08-27,02:00:00
2026-08-27 03:00:00,57,12,57.0,57.0,12,69,69.0,69.0,0.0,0,0.0,2026-08-27,03:00:00
2026-08-27 04:00:00,99,1,99.0,99.0,1,100,100.0,100.0,0.0,0,0.0,2026-08-27,04:00:00
2026-08-27 05:00:00,59,0,59.0,59.0,0,59,59.0,59.0,0.0,0,0.0,2026-08-27,05:00:00
2026-08-27 06:00:00,34,1,34.0,34.0,1,35,35.0,35.0,0.0,0,0.0,2026-08-27,06:00:00
2026-08-27 07:00:00,30,8,30.0,30.0,8,38,38.0,38.0,0.0,0,0.0,2026-08-27,07:00:00
2026-08-27 08:00:00,42,11,42.0,42.0,11,53,53.0,53.0,0.0,0,0.0,2026-08-27,08:00:00
2026-08-27 09:00:00,28,7,28.0,28.0,7,35,35.0,35.0,0.0,0,0.0,2026-08-27,09:00:00
2026-08-27 10:00:00,29,27,29.0,29.0,27,56,56.0,56.0,0.0,0,0.0,2026-08-27,10:00:00
2026-08-27 11:00:00,47,18,47.0,47.0,18,65,65.0,65.0,0.0,0,0.0,2026-08-27,11:00:00
2026-08-27 12:00:00,47,21,47.0,47.0,21,68,68.0,68.0,0.0,0,0.0,2026-08-27,12:00:00
2026-08-27 13:00:00,45,30,45.0,45.0,30,75,75.0,75.0,0.0,0,0.0,2026-08-27,13:00:00
2026-08-27 14:00:00,28,56,28.0,28.0,56,84,84.0,84.0,0.0,0,0.0,2026-08-27,14:00:00
2026-08-27 15:00:00,12,28,12.0,12.0,28,40,40.0,40.0,0.0,0,0.0,2026-08-27,15:00:00
2026-08-27 16:00:00,11,42,11.0,11.0,42,53,53.0,53.0,0.0,0,0.0,2026-08-27,16:00:00
2026-08-27 17:00:00,12,23,12.0,12.0,23,35,35.0,35.0,0.0,0,0.0,2026-08-27,17:00:00
2026-08-27 18:00:00,8,21,8.0,8.0,21,29,29.0,29.0,0.0,0,0.0,2026-08-27,18:00:00
2026-08-27 19:00:00,5,26,5.0,5.0,26,31,31.0,31.0,0.0,0,0.0,2026-08-27,19:00:00
2026-08-27 20:00:00,2,31,2.0,2.0,31,33,33.0,33.0,0.0,0,0.0,2026-08-27,20:00:00
2026-08-27 21:00:00,0,19,0.0,0.0,19,19,19.0,19.0,0.0,0,0.0,2026-08-27,21:00:00
2026-08-27 22:00:00,0,15,0.0,0.0,15,15,15.0,15.0,0.0,0,0.0,2026-08-27,22:00:00
2026-08-27 23:00:00,0,25,0.0,0.0,25,25,25.0,25.0,0.0,0,0.0,2026-08-27,23:00:00
2026-08-28 00:00:00,0,39,0.0,0.0,39,39,39.0,39.0,0.0,0,0.0,2026-08-28,00:00:00
2026-08-28 01:00:00,1,32,1.0,1.0,32,33,33.0,33.0,0.0,0,0.0,2026-08-28,01:00:00
2026-08-28 02:00:00,5,61,5.0,5.0,61,66,66.0,66.0,0.0,0,0.0,2026-08-28,02:00:00
2026-08-28 03:00:00,54,43,54.0,54.0,43,97,97.0,97.0,0.0,0,0.0,2026-08-28,03:00:00
2026-08-28 04:00:00,95,4,95.0,95.0,4,99,99.0,99.0,0.0,0,0.0,2026-08-28,04:00:00
2026-08-28 05:00:00,41,0,41.0,41.0,0,41,41.0,41.0,0.0,0,0.0,2026-08-28,05:00:00
2026-08-28 06:00:00,35,5,35.0,35.0,5,40,40.0,40.0,0.0,0,0.0,2026-08-28,06:00:00
2026-08-28 07:00:00,27,7,27.0,27.0,7,34,34.0,34.0,0.0,0,0.0,2026-08-28,07:00:00
2026-08-28 08:00:00,22,17,22.0,22.0,17,39,39.0,39.0,0.0,0,0.0,2026-08-28,08:00:00
2026-08-28 09:00:00,19,12,19.0,19.0,12,31,31.0,31.0,0.0,0,0.0,2026-08-28,09:00:00
2026-08-28 10:00:00,34,9,34.0,34.0,9,43,43.0,43.0,0.0,0,0.0,2026-08-28,10:00:00
2026-08-28 11:00:00,72,14,72.0,72.0,14,86,86.0,86.0,0.0,0,0.0,2026-08-28,11:00:00
2026-08-28 12:00:00,68,25,68.0,68.0,25,93,93.0,93.0,0.0,0,0.0,2026-08-28,12:00:00
2026-08-28 13:00:00,34,23,34.0,34.0,23,57,57.0,57.0,0.0,0,0.0,2026-08-28,13:00:00
2026-08-28 14:00:00,12,45,12.0,12.0,45,57,57.0,57.0,0.0,0,0.0,2026-08-28,14:00:00
2026-08-28 15:00:00,17,77,17.0,17.0,77,94,94.0,94.0,0.0,0,0.0,2026-08-28,15:00:00
2026-08-28 16:00:00,19,23,19.0,19.0,23,42,42.0,42.0,0.0,0,0.0,2026-08-28,16:00:00
2026-08-28 17:00:00,10,55,10.0,10.0,55,65,65.0,65.0,0.0,0,0.0,2026-08-28,17:00:00
2026-08-28 18:00:00,6,38,6.0,6.0,38,44,44.0,44.0,0.0,0,0.0,2026-08-28,18:00:00
2026-08-28 19:00:00,5,44,5.0,5.0,44,49,49.0,49.0,0.0,0,0.0,2026-08-28,19:00:00
2026-08-28 20:00:00,2,23,2.0,2.0,23,25,25.0,25.0,0.0,0,0.0,2026-08-28,20:00:00
2026-08-28 21:00:00,1,21,1.0,1.0,21,22,22.0,22.0,0.0,0,0.0,2026-08-28,21:00:00
2026-08-28 22:00:00,0,17,0.0,0.0,17,17,17.0,17.0,0.0,0,0.0,2026-08-28,22:00:00
2026-08-28 23:00:00,0,16,0.0,0.0,16,16,16.0,16.0,0.0,0,0.0,2026-08-28,23:00:00
2026-08-29 00:00:00,0,43,0.0,0.0,43,43,43.0,43.0,0.0,0,0.0,2026-08-29,00:00:00
2026-08-29 01:00:00,1,69,1.0,1.0,69,70,70.0,70.0,0.0,0,0.0,2026-08-29,01:00:00
2026-08-29 02:00:00,6,58,6.0,6.0,58,64,64.0,64.0,0.0,0,0.0,2026-08-29,02:00:00
2026-08-29 03:00:00,65,16,65.0,65.0,16,81,81.0,81.0,0.0,0,0.0,2026-08-29,03:00:00
2026-08-29 04:00:00,122,9,122.0,122.0,9,131,131.0,131.0,0.0,0,0.0,2026-08-29,04:00:00
2026-08-29 05:00:00,58,0,58.0,58.0,0,58,58.0,58.0,0.0,0,0.0,2026-08-29,05:00:00
2026-08-29 06:00:00,41,4,41.0,41.0,4,45,45.0,45.0,0.0,0,0.0,2026-08-29,06:00:00
2026-08-29 07:00:00,30,9,30.0,30.0,9,39,39.0,39.0,0.0,0,0.0,2026-08-29,07:00:00
2026-08-29 08:00:00,30,13,30.0,30.0,13,43,43.0,43.0,0.0,0,0.0,2026-08-29,08:00:00
2026-08-29 09:00:00,34,9,34.0,34.0,9,43,43.0,43.0,0.0,0,0.0,2026-08-29,09:00:00
2026-08-29 10:00:00,68,13,68.0,68.0,13,81,81.0,81.0,0.0,0,0.0,2026-08-29,10:00:00
2026-08-29 11:00:00,70,18,70.0,70.0,18,88,88.0,88.0,0.0,0,0.0,2026-08-29,11:00:00
2026-08-29 12:00:00,65,25,65.0,65.0,25,90,90.0,90.0,0.0,0,0.0,2026-08-29,12:00:00
2026-08-29 13:00:00,44,46,44.0,44.0,46,90,90.0,90.0,0.0,0,0.0,2026-08-29,13:00:00
2026-08-29 14:00:00,25,74,25.0,25.0,74,99,99.0,99.0,0.0,0,0.0,2026-08-29,14:00:00
2026-08-29 15:00:00,23,80,23.0,23.0,80,103,103.0,103.0,0.0,0,0.0,2026-08-29,15:00:00
2026-08-29 16:00:00,15,43,15.0,15.0,43,58,58.0,58.0,0.0,0,0.0,2026-08-29,16:00:00
2026-08-29 17:00:00,7,57,7.0,7.0,57,64,64.0,64.0,0.0,0,0.0,2026-08-29,17:00:00
2026-08-29 18:00:00,3,45,3.0,3.0,45,48,48.0,48.0,0.0,0,0.0,2026-08-29,18:00:00
2026-08-29 19:00:00,1,38,1.0,1.0,38,39,39.0,39.0,0.0,0,0.0,2026-08-29,19:00:00
2026-08-29 20:00:00,1,38,1.0,1.0,38,39,39.0,39.0,0.0,0,0.0,2026-08-29,20:00:00
2026-08-29 21:00:00,0,15,0.0,0.0,15,15,15.0,15.0,0.0,0,0.0,2026-08-29,21:00:00
2026-08-29 22:00:00,0,18,0.0,0.0,18,18,18.0,18.0,0.0,0,0.0,2026-08-29,22:00:00
2026-08-29 23:00:00,0,23,0.0,0.0,23,23,23.0,23.0,0.0,0,0.0,2026-08-29,23:00:00
2026-08-30 00:00:00,0,30,0.0,0.0,30,30,30.0,30.0,0.0,0,0.0,2026-08-30,00:00:00
2026-08-30 01:00:00,0,69,0.0,0.0,69,69,69.0,69.0,0.0,0,0.0,2026-08-30,01:00:00
2026-08-30 02:00:00,10,85,10.0,10.0,85,95,95.0,95.0,0.0,0,0.0,2026-08-30,02:00:00
2026-08-30 03:00:00,58,90,58.0,58.0,90,148,148.0,148.0,0.0,0,0.0,2026-08-30,03:00:00
2026-08-30 04:00:00,85,15,85.0,85.0,15,100,100.0,100.0,0.0,0,0.0,2026-08-30,04:00:00
2026-08-30 05:00:00,34,0,34.0,34.0,0,34,34.0,34.0,0.0,0,0.0,2026-08-30,05:00:00
2026-08-30 06:00:00,19,8,19.0,19.0,8,27,27.0,27.0,0.0,0,0.0,2026-08-30,06:00:00
2026-08-30 07:00:00,19,4,19.0,19.0,4,23,23.0,23.0,0.0,0,0.0,2026-08-30,07:00:00
2026-08-30 08:00:00,18,18,18.0,18.0,18,36,36.0,36.0,0.0,0,0.0,2026-08-30,08:00:00
2026-08-30 09:00:00,27,9,27.0,27.0,9,36,36.0,36.0,0.0,0,0.0,2026-08-30,09:00:00
2026-08-30 10:00:00,42,42,42.0,42.0,42,84,84.0,84.0,0.0,0,0.0,2026-08-30,10:00:00
2026-08-30 11:00:00,58,31,58.0,58.0,31,89,89.0,89.0,0.0,0,0.0,2026-08-30,11:00:00
2026-08-30 12:00:00,47,40,47.0,47.0,40,87,87.0,87.0,0.0,0,0.0,2026-08-30,12:00:00
2026-08-30 13:00:00,24,73,24.0,24.0,73,97,97.0,97.0,0.0,0,0.0,2026-08-30,13:00:00
2026-08-30 14:00:00,20,87,20.0,20.0,87,107,107.0,107.0,0.0,0,0.0,2026-08-30,14:00:00
2026-08-30 15:00:00,15,49,15.0,15.0,49,64,64.0,64.0,0.0,0,0.0,2026-08-30,15:00:00
2026-08-30 16:00:00,5,44,5.0,5.0,44,49,49.0,49.0,0.0,0,0.0,2026-08-30,16:00:00
2026-08-30 17:00:00,4,52,4.0,4.0,52,56,56.0,56.0,0.0,0,0.0,2026-08-30,17:00:00
2026-08-30 18:00:00,5,41,5.0,5.0,41,46,46.0,46.0,0.0,0,0.0,2026-08-30,18:00:00
2026-08-30 19:00:00,3,31,3.0,3.0,31,34,34.0,34.0,0.0,0,0.0,2026-08-30,19:00:00
2026-08-30 20:00:00,1,54,1.0,1.0,54,55,55.0,55.0,0.0,0,0.0,2026-08-30,20:00:00
2026-08-30 21:00:00,0,38,0.0,0.0,38,38,38.0,38.0,0.0,0,0.0,2026-08-30,21:00:00
2026-08-30 22:00:00,1,28,1.0,1.0,28,29,29.0,29.0,0.0,0,0.0,2026-08-30,22:00:00
2026-08-30 23:00:00,0,32,0.0,0.0,32,32,32.0,32.0,0.0,0,0.0,2026-08-30,23:00:00
2026-08-31 00:00:00,0,57,0.0,0.0,57,57,57.0,57.0,0.0,0,0.0,2026-08-31,00:00:00
2026-08-31 01:00:00,1,83,1.0,1.0,83,84,84.0,84.0,0.0,0,0.0,2026-08-31,01:00:00
2026-08-31 02:00:00,13,59,13.0,13.0,59,72,72.0,72.0,0.0,0,0.0,2026-08-31,02:00:00
2026-08-31 03:00:00,57,16,57.0,57.0,16,73,73.0,73.0,0.0,0,0.0,2026-08-31,03:00:00
2026-08-31 04:00:00,93,0,93.0,93.0,0,93,93.0,93.0,0.0,0,0.0,2026-08-31,04:00:00
2026-08-31 05:00:00,49,0,49.0,49.0,0,49,49.0,49.0,0.0,0,0.0,2026-08-31,05:00:00
2026-08-31 06:00:00,30,1,30.0,30.0,1,31,31.0,31.0,0.0,0,0.0,2026-08-31,06:00:00
2026-08-31 07:00:00,32,14,32.0,32.0,14,46,46.0,46.0,0.0,0,0.0,2026-08-31,07:00:00
2026-08-31 08:00:00,33,14,33.0,33.0,14,47,47.0,47.0,0.0,0,0.0,2026-08-31,08:00:00
2026-08-31 09:00:00,33,16,33.0,33.0,16,49,49.0,49.0,0.0,0,0.0,2026-08-31,09:00:00
2026-08-31 10:00:00,39,18,39.0,39.0,18,57,57.0,57.0,0.0,0,0.0,2026-08-31,10:00:00
2026-08-31 11:00:00,55,23,55.0,55.0,23,78,78.0,78.0,0.0,0,0.0,2026-08-31,11:00:00
2026-08-31 12:00:00,78,29,78.0,78.0,29,107,107.0,107.0,0.0,0,0.0,2026-08-31,12:00:00
2026-08-31 13:00:00,49,59,49.0,49.0,59,108,108.0,108.0,0.0,0,0.0,2026-08-31,13:00:00
2026-08-31 14:00:00,35,78,35.0,35.0,78,113,113.0,113.0,0.0,0,0.0,2026-08-31,14:00:00
2026-08-31 15:00:00,14,59,14.0,14.0,59,73,73.0,73.0,0.0,0,0.0,2026-08-31,15:00:00
2026-08-31 16:00:00,11,63,11.0,11.0,63,74,74.0,74.0,0.0,0,0.0,2026-08-31,16:00:00
2026-08-31 17:00:00,6,57,6.0,6.0,57,63,63.0,63.0,0.0,0,0.0,2026-08-31,17:00:00
2026-08-31 18:00:00,5,26,5.0,5.0,26,31,31.0,31.0,0.0,0,0.0,2026-08-31,18:00:00
2026-08-31 19:00:00,1,37,1.0,1.0,37,38,38.0,38.0,0.0,0,0.0,2026-08-31,19:00:00
2026-08-31 20:00:00,1,59,1.0,1.0,59,60,60.0,60.0,0.0,0,0.0,2026-08-31,20:00:00
2026-08-31 21:00:00,0,27,0.0,0.0,27,27,27.0,27.0,0.0,0,0.0,2026-08-31,21:00:00
2026-08-31 22:00:00,0,33,0.0,0.0,33,33,33.0,33.0,0.0,0,0.0,2026-08-31,22:00:00
2026-08-31 23:00:00,0,34,0.0,0.0,34,34,34.0,34.0,0.0,0,0.0,2026-08-31,23:00:00
2026-09-01 00:00:00,0,29,0.0,0.0,29,29,29.0,29.0,0.0,0,0.0,2026-09-01,00:00:00
2026-09-01 01:00:00,1,67,1.0,1.0,67,68,68.0,68.0,0.0,0,0.0,2026-09-01,01:00:00
2026-09-01 02:00:00,10,81,10.0,10.0,81,91,91.0,91.0,0.0,0,0.0,2026-09-01,02:00:00
2026-09-01 03:00:00,61,43,61.0,61.0,43,104,104.0,104.0,0.0,0,0.0,2026-09-01,03:00:00
2026-09-01 04:00:00,99,4,99.0,99.0,4,103,103.0,103.0,0.0,0,0.0,2026-09-01,04:00:00
2026-09-01 05:00:00,74,4,74.0,74.0,4,78,78.0,78.0,0.0,0,0.0,2026-09-01,05:00:00
2026-09-01 06:00:00,49,2,49.0,49.0,2,51,51.0,51.0,0.0,0,0.0,2026-09-01,06:00:00
2026-09-01 07:00:00,46,13,46.0,46.0,13,59,59.0,59.0,0.0,0,0.0,2026-09-01,07:00:00
2026-09-01 08:00:00,46,14,46.0,46.0,14,60,60.0,60.0,0.0,0,0.0,2026-09-01,08:00:00
2026-09-01 09:00:00,31,8,31.0,31.0,8,39,39.0,39.0,0.0,0,0.0,2026-09-01,09:00:00
2026-09-01 10:00:00,46,16,46.0,46.0,16,62,62.0,62.0,0.0,0,0.0,2026-09-01,10:00:00
2026-09-01 11:00:00,79,16,79.0,79.0,16,95,95.0,95.0,0.0,0,0.0,2026-09-01,11:00:00
2026-09-01 12:00:00,82,15,82.0,82.0,15,97,97.0,97.0,0.0,0,0.0,2026-09-01,12:00:00
2026-09-01 13:00:00,57,18,57.0,57.0,18,75,75.0,75.0,0.0,0,0.0,2026-09-01,13:00:00
2026-09-01 14:00:00,22,60,22.0,22.0,60,82,82.0,82.0,0.0,0,0.0,2026-09-01,14:00:00
2026-09-01 15:00:00,16,90,16.0,16.0,90,106,106.0,106.0,0.0,0,0.0,2026-09-01,15:00:00
2026-09-01 16:00:00,11,48,11.0,11.0,48,59,59.0,59.0,0.0,0,0.0,2026-09-01,16:00:00
2026-09-01 17:00:00,11,47,11.0,11.0,47,58,58.0,58.0,0.0,0,0.0,2026-09-01,17:00:00
2026-09-01 18:00:00,7,41,7.0,7.0,41,48,48.0,48.0,0.0,0,0.0,2026-09-01,18:00:00
2026-09-01 19:00:00,3,36,3.0,3.0,36,39,39.0,39.0,0.0,0,0.0,2026-09-01,19:00:00
2026-09-01 20:00:00,1,16,1.0,1.0,16,17,17.0,17.0,0.0,0,0.0,2026-09-01,20:00:00
2026-09-01 21:00:00,1,20,1.0,1.0,20,21,21.0,21.0,0.0,0,0.0,2026-09-01,21:00:00
2026-09-01 22:00:00,1,25,1.0,1.0,25,26,26.0,26.0,0.0,0,0.0,2026-09-01,22:00:00
2026-09-01 23:00:00,0,37,0.0,0.0,37,37,37.0,37.0,0.0,0,0.0,2026-09-01,23:00:00
2026-09-02 00:00:00,0,22,0.0,0.0,22,22,22.0,22.0,0.0,0,0.0,2026-09-02,00:00:00
2026-09-02 01:00:00,1,39,1.0,1.0,39,40,40.0,40.0,0.0,0,0.0,2026-09-02,01:00:00
2026-09-02 02:00:00,17,51,17.0,17.0,51,68,68.0,68.0,0.0,0,0.0,2026-09-02,02:00:00
2026-09-02 03:00:00,100,28,100.0,100.0,28,128,128.0,128.0,0.0,0,0.0,2026-09-02,03:00:00
2026-09-02 04:00:00,131,0,131.0,131.0,0,131,131.0,131.0,0.0,0,0.0,2026-09-02,04:00:00
2026-09-02 05:00:00,56,0,56.0,56.0,0,56,56.0,56.0,0.0,0,0.0,2026-09-02,05:00:00
2026-09-02 06:00:00,46,1,46.0,46.0,1,47,47.0,47.0,0.0,0,0.0,2026-09-02,06:00:00
2026-09-02 07:00:00,46,10,46.0,46.0,10,56,56.0,56.0,0.0,0,0.0,2026-09-02,07:00:00
2026-09-02 08:00:00,52,12,52.0,52.0,12,64,64.0,64.0,0.0,0,0.0,2026-09-02,08:00:00
2026-09-02 09:00:00,55,12,55.0,55.0,12,67,67.0,67.0,0.0,0,0.0,2026-09-02,09:00:00
2026-09-02 10:00:00,77,17,77.0,77.0,17,94,94.0,94.0,0.0,0,0.0,2026-09-02,10:00:00
2026-09-02 11:00:00,116,11,116.0,116.0,11,127,127.0,127.0,0.0,0,0.0,2026-09-02,11:00:00
2026-09-02 12:00:00,82,19,82.0,82.0,19,101,101.0,101.0,0.0,0,0.0,2026-09-02,12:00:00
2026-09-02 13:00:00,54,58,54.0,54.0,58,112,112.0,112.0,0.0,0,0.0,2026-09-02,13:00:00
2026-09-02 14:00:00,29,33,29.0,29.0,33,62,62.0,62.0,0.0,0,0.0,2026-09-02,14:00:00
2026-09-02 15:00:00,22,60,22.0,22.0,60,82,82.0,82.0,0.0,0,0.0,2026-09-02,15:00:00
2026-09-02 16:00:00,16,25,16.0,16.0,25,41,41.0,41.0,0.0,0,0.0,2026-09-02,16:00:00
2026-09-02 17:00:00,9,41,9.0,9.0,41,50,50.0,50.0,0.0,0,0.0,2026-09-02,17:00:00
2026-09-02 18:00:00,13,22,13.0,13.0,22,35,35.0,35.0,0.0,0,0.0,2026-09-02,18:00:00
2026-09-02 19:00:00,8,24,8.0,8.0,24,32,32.0,32.0,0.0,0,0.0,2026-09-02,19:00:00
2026-09-02 20:00:00,2,24,2.0,2.0,24,26,26.0,26.0,0.0,0,0.0,2026-09-02,20:00:00
2026-09-02 21:00:00,1,16,1.0,1.0,16,17,17.0,17.0,0.0,0,0.0,2026-09-02,21:00:00
2026-09-02 22:00:00,0,13,0.0,0.0,13,13,13.0,13.0,0.0,0,0.0,2026-09-02,22:00:00
2026-09-02 23:00:00,0,37,0.0,0.0,37,37,37.0,37.0,0.0,0,0.0,2026-09-02,23:00:00
2026-09-03 00:00:00,1,39,1.0,1.0,39,40,40.0,40.0,0.0,0,0.0,2026-09-03,00:00:00
2026-09-03 01:00:00,1,59,1.0,1.0,59,60,60.0,60.0,0.0,0,0.0,2026-09-03,01:00:00
2026-09-03 02:00:00,13,54,13.0,13.0,54,67,67.0,67.0,0.0,0,0.0,2026-09-03,02:00:00
2026-09-03 03:00:00,86,12,86.0,86.0,12,98,98.0,98.0,0.0,0,0.0,2026-09-03,03:00:00
2026-09-03 04:00:00,150,1,150.0,150.0,1,151,151.0,151.0,0.0,0,0.0,2026-09-03,04:00:00
2026-09-03 05:00:00,89,0,89.0,89.0,0,89,89.0,89.0,0.0,0,0.0,2026-09-03,05:00:00
2026-09-03 06:00:00,51,1,51.0,51.0,1,52,52.0,52.0,0.0,0,0.0,2026-09-03,06:00:00
2026-09-03 07:00:00,46,9,46.0,46.0,9,55,55.0,55.0,0.0,0,0.0,2026-09-03,07:00:00
2026-09-03 08:00:00,64,12,64.0,64.0,12,76,76.0,76.0,0.0,0,0.0,2026-09-03,08:00:00
2026-09-03 09:00:00,42,7,42.0,42.0,7,49,49.0,49.0,0.0,0,0.0,2026-09-03,09:00:00
2026-09-03 10:00:00,44,28,44.0,44.0,28,72,72.0,72.0,0.0,0,0.0,2026-09-03,10:00:00
2026-09-03 11:00:00,71,18,71.0,71.0,18,89,89.0,89.0,0.0,0,0.0,2026-09-03,11:00:00
2026-09-03 12:00:00,70,22,70.0,70.0,22,92,92.0,92.0,0.0,0,0.0,2026-09-03,12:00:00
2026-09-03 13:00:00,68,32,68.0,68.0,32,100,100.0,100.0,0.0,0,0.0,2026-09-03,13:00:00
2026-09-03 14:00:00,42,58,42.0,42.0,58,100,100.0,100.0,0.0,0,0.0,2026-09-03,14:00:00
2026-09-03 15:00:00,18,29,18.0,18.0,29,47,47.0,47.0,0.0,0,0.0,2026-09-03,15:00:00
2026-09-03 16:00:00,17,43,17.0,17.0,43,60,60.0,60.0,0.0,0,0.0,2026-09-03,16:00:00
2026-09-03 17:00:00,18,24,18.0,18.0,24,42,42.0,42.0,0.0,0,0.0,2026-09-03,17:00:00
2026-09-03 18:00:00,12,21,12.0,12.0,21,33,33.0,33.0,0.0,0,0.0,2026-09-03,18:00:00
2026-09-03 19:00:00,7,27,7.0,7.0,27,34,34.0,34.0,0.0,0,0.0,2026-09-03,19:00:00
2026-09-03 20:00:00,3,32,3.0,3.0,32,35,35.0,35.0,0.0,0,0.0,2026-09-03,20:00:00
2026-09-03 21:00:00,0,20,0.0,0.0,20,20,20.0,20.0,0.0,0,0.0,2026-09-03,21:00:00
2026-09-03 22:00:00,0,15,0.0,0.0,15,15,15.0,15.0,0.0,0,0.0,2026-09-03,22:00:00
2026-09-03 23:00:00,0,26,0.0,0.0,26,26,26.0,26.0,0.0,0,0.0,2026-09-03,23:00:00
2026-09-04 00:00:00,0,39,0.0,0.0,39,39,39.0,39.0,0.0,0,0.0,2026-09-04,00:00:00
2026-09-04 01:00:00,1,32,1.0,1.0,32,33,33.0,33.0,0.0,0,0.0,2026-09-04,01:00:00
2026-09-04 02:00:00,9,61,9.0,9.0,61,70,70.0,70.0,0.0,0,0.0,2026-09-04,02:00:00
2026-09-04 03:00:00,90,43,90.0,90.0,43,133,133.0,133.0,0.0,0,0.0,2026-09-04,03:00:00
2026-09-04 04:00:00,157,4,157.0,157.0,4,161,161.0,161.0,0.0,0,0.0,2026-09-04,04:00:00
2026-09-04 05:00:00,67,0,67.0,67.0,0,67,67.0,67.0,0.0,0,0.0,2026-09-04,05:00:00
2026-09-04 06:00:00,58,5,58.0,58.0,5,63,63.0,63.0,0.0,0,0.0,2026-09-04,06:00:00
2026-09-04 07:00:00,45,7,45.0,45.0,7,52,52.0,52.0,0.0,0,0.0,2026-09-04,07:00:00
2026-09-04 08:00:00,36,17,36.0,36.0,17,53,53.0,53.0,0.0,0,0.0,2026-09-04,08:00:00
2026-09-04 09:00:00,32,12,32.0,32.0,12,44,44.0,44.0,0.0,0,0.0,2026-09-04,09:00:00
2026-09-04 10:00:00,57,9,57.0,57.0,9,66,66.0,66.0,0.0,0,0.0,2026-09-04,10:00:00
2026-09-04 11:00:00,119,14,119.0,119.0,14,133,133.0,133.0,0.0,0,0.0,2026-09-04,11:00:00
2026-09-04 12:00:00,111,25,111.0,111.0,25,136,136.0,136.0,0.0,0,0.0,2026-09-04,12:00:00
2026-09-04 13:00:00,55,23,55.0,55.0,23,78,78.0,78.0,0.0,0,0.0,2026-09-04,13:00:00
2026-09-04 14:00:00,20,45,20.0,20.0,45,65,65.0,65.0,0.0,0,0.0,2026-09-04,14:00:00
2026-09-04 15:00:00,28,77,28.0,28.0,77,105,105.0,105.0,0.0,0,0.0,2026-09-04,15:00:00
2026-09-04 16:00:00,31,23,31.0,31.0,23,54,54.0,54.0,0.0,0,0.0,2026-09-04,16:00:00
2026-09-04 17:00:00,17,55,17.0,17.0,55,72,72.0,72.0,0.0,0,0.0,2026-09-04,17:00:00
2026-09-04 18:00:00,10,38,10.0,10.0,38,48,48.0,48.0,0.0,0,0.0,2026-09-04,18:00:00
2026-09-04 19:00:00,7,44,7.0,7.0,44,51,51.0,51.0,0.0,0,0.0,2026-09-04,19:00:00
2026-09-04 20:00:00,4,23,4.0,4.0,23,27,27.0,27.0,0.0,0,0.0,2026-09-04,20:00:00
2026-09-04 21:00:00,1,21,1.0,1.0,21,22,22.0,22.0,0.0,0,0.0,2026-09-04,21:00:00
2026-09-04 22:00:00,0,17,0.0,0.0,17,17,17.0,17.0,0.0,0,0.0,2026-09-04,22:00:00
2026-09-04 23:00:00,0,16,0.0,0.0,16,16,16.0,16.0,0.0,0,0.0,2026-09-04,23:00:00
2026-09-05 00:00:00,0,41,4.119635890767231,3.6183930419430776,41,41,45.11963589076723,44.61839304194308,3.6183930419430776,0,3.6183930419430794,2026-09-05,00:00:00
2026-09-05 01:00:00,1,67,4.7191157347204165,4.2666048295319445,67,68,71.71911573472042,71.26660482953194,3.2666048295319445,0,3.2666048295319428,2026-09-05,01:00:00
2026-09-05 02:00:00,11,56,47.16124837451236,42.76145003483368,56,67,103.16124837451235,98.76145003483367,31.76145003483368,0,31.761450034833672,2026-09-05,02:00:00
2026-09-05 03:00:00,107,15,92.46913580246913,93.88353104697522,15,122,107.46913580246913,108.88353104697522,-13.116468953024778,0,-13.116468953024778,2026-09-05,03:00:00
2026-09-05 04:00:00,202,9,174.5679012345679,177.23806795784108,9,211,183.5679012345679,186.23806795784108,-24.761932042158918,0,-24.761932042158918,2026-09-05,04:00:00
2026-09-05 05:00:00,96,0,82.96296296296296,84.23195308887497,0,96,82.96296296296296,84.23195308887497,-11.768046911125026,0,-11.768046911125026,2026-09-05,05:00:00
2026-09-05 06:00:00,67,4,67.0,67.0,4,71,71.0,71.0,0.0,0,0.0,2026-09-05,06:00:00
2026-09-05 07:00:00,49,8,51.028651162790695,50.75414971787708,8,57,59.028651162790695,58.75414971787708,1.7541497178770769,0,1.7541497178770769,2026-09-05,07:00:00
2026-09-05 08:00:00,49,13,56.25134883720931,55.27015218304997,13,62,69.2513488372093,68.27015218304997,6.270152183049973,0,6.270152183049973,2026-09-05,08:00:00
2026-09-05 09:00:00,57,8,94.12,89.09720760370823,8,65,102.12,97.09720760370823,32.09720760370823,0,32.09720760370823,2026-09-05,09:00:00
2026-09-05 10:00:00,112,13,96.07843137254903,97.80193856735504,13,125,109.07843137254903,110.80193856735504,-14.198061432644963,0,-14.198061432644963,2026-09-05,10:00:00
2026-09-05 11:00:00,116,18,99.50980392156862,101.29486494476056,18,134,117.50980392156862,119.29486494476056,-14.705135055239438,0,-14.705135055239438,2026-09-05,11:00:00
2026-09-05 12:00:00,108,25,92.6470588235294,94.30901218994948,25,133,117.6470588235294,119.30901218994948,-13.690987810050515,0,-13.690987810050515,2026-09-05,12:00:00
2026-09-05 13:00:00,72,44,61.76470588235294,62.872674793299666,44,116,105.76470588235294,106.87267479329967,-9.127325206700334,0,-9.127325206700334,2026-09-05,13:00:00
2026-09-05 14:00:00,42,72,42.0,42.0,72,114,114.0,114.0,0.0,0,0.0,2026-09-05,14:00:00
2026-09-05 15:00:00,38,78,38.0,38.0,78,116,116.0,116.0,0.0,0,0.0,2026-09-05,15:00:00
2026-09-05 16:00:00,25,42,25.0,25.0,42,67,67.0,67.0,0.0,0,0.0,2026-09-05,16:00:00
2026-09-05 17:00:00,11,55,11.0,11.0,55,66,66.0,66.0,0.0,0,0.0,2026-09-05,17:00:00
2026-09-05 18:00:00,5,44,5.0,5.0,44,49,49.0,49.0,0.0,0,0.0,2026-09-05,18:00:00
2026-09-05 19:00:00,2,37,2.0,2.0,37,39,39.0,39.0,0.0,0,0.0,2026-09-05,19:00:00
2026-09-05 20:00:00,2,37,2.0,2.0,37,39,39.0,39.0,0.0,0,0.0,2026-09-05,20:00:00
2026-09-05 21:00:00,0,14,0.0,0.0,14,14,14.0,14.0,0.0,0,0.0,2026-09-05,21:00:00
2026-09-05 22:00:00,0,18,0.0,0.0,18,18,18.0,18.0,0.0,0,0.0,2026-09-05,22:00:00
2026-09-05 23:00:00,0,23,0.0,0.0,23,23,23.0,23.0,0.0,0,0.0,2026-09-05,23:00:00
2026-09-06 00:00:00,0,29,0.0,0.0,29,29,29.0,29.0,0.0,0,0.0,2026-09-06,00:00:00
2026-09-06 01:00:00,1,65,1.0,1.0,65,66,66.0,66.0,0.0,0,0.0,2026-09-06,01:00:00
2026-09-06 02:00:00,18,81,18.0,18.0,81,99,99.0,99.0,0.0,0,0.0,2026-09-06,02:00:00
2026-09-06 03:00:00,103,85,103.0,103.0,85,188,188.0,188.0,0.0,0,0.0,2026-09-06,03:00:00
2026-09-06 04:00:00,150,14,150.0,150.0,14,164,164.0,164.0,0.0,0,0.0,2026-09-06,04:00:00
2026-09-06 05:00:00,59,0,59.0,59.0,0,59,59.0,59.0,0.0,0,0.0,2026-09-06,05:00:00
2026-09-06 06:00:00,34,8,34.0,34.0,8,42,42.0,42.0,0.0,0,0.0,2026-09-06,06:00:00
2026-09-06 07:00:00,34,4,34.0,34.0,4,38,38.0,38.0,0.0,0,0.0,2026-09-06,07:00:00
2026-09-06 08:00:00,32,17,32.0,32.0,17,49,49.0,49.0,0.0,0,0.0,2026-09-06,08:00:00
2026-09-06 09:00:00,48,8,48.0,48.0,8,56,56.0,56.0,0.0,0,0.0,2026-09-06,09:00:00
2026-09-06 10:00:00,73,40,73.0,73.0,40,113,113.0,113.0,0.0,0,0.0,2026-09-06,10:00:00
2026-09-06 11:00:00,103,30,103.0,103.0,30,133,133.0,133.0,0.0,0,0.0,2026-09-06,11:00:00
2026-09-06 12:00:00,82,38,82.0,82.0,38,120,120.0,120.0,0.0,0,0.0,2026-09-06,12:00:00
2026-09-06 13:00:00,41,69,41.0,41.0,69,110,110.0,110.0,0.0,0,0.0,2026-09-06,13:00:00
2026-09-06 14:00:00,35,83,35.0,35.0,83,118,118.0,118.0,0.0,0,0.0,2026-09-06,14:00:00
2026-09-06 15:00:00,26,46,26.0,26.0,46,72,72.0,72.0,0.0,0,0.0,2026-09-06,15:00:00
2026-09-06 16:00:00,9,42,9.0,9.0,42,51,51.0,51.0,0.0,0,0.0,2026-09-06,16:00:00
2026-09-06 17:00:00,7,49,7.0,7.0,49,56,56.0,56.0,0.0,0,0.0,2026-09-06,17:00:00
2026-09-06 18:00:00,9,39,9.0,9.0,39,48,48.0,48.0,0.0,0,0.0,2026-09-06,18:00:00
2026-09-06 19:00:00,6,30,6.0,6.0,30,36,36.0,36.0,0.0,0,0.0,2026-09-06,19:00:00
2026-09-06 20:00:00,1,52,1.0,1.0,52,53,53.0,53.0,0.0,0,0.0,2026-09-06,20:00:00
2026-09-06 21:00:00,0,36,0.0,0.0,36,36,36.0,36.0,0.0,0,0.0,2026-09-06,21:00:00
2026-09-06 22:00:00,2,27,2.0,2.0,27,29,29.0,29.0,0.0,0,0.0,2026-09-06,22:00:00
2026-09-06 23:00:00,0,30,0.0,0.0,30,30,30.0,30.0,0.0,0,0.0,2026-09-06,23:00:00
2026-09-07 00:00:00,1,47,1.0,1.0,47,48,48.0,48.0,0.0,0,0.0,2026-09-07,00:00:00
2026-09-07 01:00:00,1,70,1.0,1.0,70,71,71.0,71.0,0.0,0,0.0,2026-09-07,01:00:00
2026-09-07 02:00:00,20,50,20.0,20.0,50,70,70.0,70.0,0.0,0,0.0,2026-09-07,02:00:00
2026-09-07 03:00:00,88,13,88.0,88.0,13,101,101.0,101.0,0.0,0,0.0,2026-09-07,03:00:00
2026-09-07 04:00:00,144,0,144.0,144.0,0,144,144.0,144.0,0.0,0,0.0,2026-09-07,04:00:00
2026-09-07 05:00:00,76,0,76.0,76.0,0,76,76.0,76.0,0.0,0,0.0,2026-09-07,05:00:00
2026-09-07 06:00:00,46,1,46.0,46.0,1,47,47.0,47.0,0.0,0,0.0,2026-09-07,06:00:00
2026-09-07 07:00:00,49,12,49.0,49.0,12,61,61.0,61.0,0.0,0,0.0,2026-09-07,07:00:00
2026-09-07 08:00:00,51,12,51.0,51.0,12,63,63.0,63.0,0.0,0,0.0,2026-09-07,08:00:00
2026-09-07 09:00:00,51,13,51.0,51.0,13,64,64.0,64.0,0.0,0,0.0,2026-09-07,09:00:00
2026-09-07 10:00:00,61,15,61.0,61.0,15,76,76.0,76.0,0.0,0,0.0,2026-09-07,10:00:00
2026-09-07 11:00:00,86,20,86.0,86.0,20,106,106.0,106.0,0.0,0,0.0,2026-09-07,11:00:00
2026-09-07 12:00:00,120,24,120.0,120.0,24,144,144.0,144.0,0.0,0,0.0,2026-09-07,12:00:00
2026-09-07 13:00:00,76,49,76.0,76.0,49,125,125.0,125.0,0.0,0,0.0,2026-09-07,13:00:00
2026-09-07 14:00:00,55,65,55.0,55.0,65,120,120.0,120.0,0.0,0,0.0,2026-09-07,14:00:00
2026-09-07 15:00:00,22,49,22.0,22.0,49,71,71.0,71.0,0.0,0,0.0,2026-09-07,15:00:00
2026-09-07 16:00:00,16,53,16.0,16.0,53,69,69.0,69.0,0.0,0,0.0,2026-09-07,16:00:00
2026-09-07 17:00:00,9,47,9.0,9.0,47,56,56.0,56.0,0.0,0,0.0,2026-09-07,17:00:00
2026-09-07 18:00:00,8,21,8.0,8.0,21,29,29.0,29.0,0.0,0,0.0,2026-09-07,18:00:00
2026-09-07 19:00:00,1,31,1.0,1.0,31,32,32.0,32.0,0.0,0,0.0,2026-09-07,19:00:00
2026-09-07 20:00:00,2,50,2.0,2.0,50,52,52.0,52.0,0.0,0,0.0,2026-09-07,20:00:00
2026-09-07 21:00:00,0,22,0.0,0.0,22,22,22.0,22.0,0.0,0,0.0,2026-09-07,21:00:00
2026-09-07 22:00:00,0,27,0.0,0.0,27,27,27.0,27.0,0.0,0,0.0,2026-09-07,22:00:00
2026-09-07 23:00:00,0,29,0.0,0.0,29,29,29.0,29.0,0.0,0,0.0,2026-09-07,23:00:00
2026-09-08 00:00:00,0,26,0.0,0.0,26,26,26.0,26.0,0.0,0,0.0,2026-09-08,00:00:00
2026-09-08 01:00:00,1,59,1.0,1.0,59,60,60.0,60.0,0.0,0,0.0,2026-09-08,01:00:00
2026-09-08 02:00:00,10,72,10.0,10.0,72,82,82.0,82.0,0.0,0,0.0,2026-09-08,02:00:00
2026-09-08 03:00:00,57,38,57.0,57.0,38,95,95.0,95.0,0.0,0,0.0,2026-09-08,03:00:00
2026-09-08 04:00:00,94,3,94.0,94.0,3,97,97.0,97.0,0.0,0,0.0,2026-09-08,04:00:00
2026-09-08 05:00:00,70,3,70.0,70.0,3,73,73.0,73.0,0.0,0,0.0,2026-09-08,05:00:00
2026-09-08 06:00:00,46,1,46.0,46.0,1,47,47.0,47.0,0.0,0,0.0,2026-09-08,06:00:00
2026-09-08 07:00:00,44,12,44.0,44.0,12,56,56.0,56.0,0.0,0,0.0,2026-09-08,07:00:00
2026-09-08 08:00:00,44,12,44.0,44.0,12,56,56.0,56.0,0.0,0,0.0,2026-09-08,08:00:00
2026-09-08 09:00:00,29,7,29.0,29.0,7,36,36.0,36.0,0.0,0,0.0,2026-09-08,09:00:00
2026-09-08 10:00:00,43,15,43.0,43.0,15,58,58.0,58.0,0.0,0,0.0,2026-09-08,10:00:00
2026-09-08 11:00:00,75,14,75.0,75.0,14,89,89.0,89.0,0.0,0,0.0,2026-09-08,11:00:00
2026-09-08 12:00:00,78,13,78.0,78.0,13,91,91.0,91.0,0.0,0,0.0,2026-09-08,12:00:00
2026-09-08 13:00:00,54,16,54.0,54.0,16,70,70.0,70.0,0.0,0,0.0,2026-09-08,13:00:00
2026-09-08 14:00:00,21,53,21.0,21.0,53,74,74.0,74.0,0.0,0,0.0,2026-09-08,14:00:00
2026-09-08 15:00:00,15,80,15.0,15.0,80,95,95.0,95.0,0.0,0,0.0,2026-09-08,15:00:00
2026-09-08 16:00:00,11,43,11.0,11.0,43,54,54.0,54.0,0.0,0,0.0,2026-09-08,16:00:00
2026-09-08 17:00:00,11,42,11.0,11.0,42,53,53.0,53.0,0.0,0,0.0,2026-09-08,17:00:00
2026-09-08 18:00:00,7,37,7.0,7.0,37,44,44.0,44.0,0.0,0,0.0,2026-09-08,18:00:00
2026-09-08 19:00:00,2,32,2.0,2.0,32,34,34.0,34.0,0.0,0,0.0,2026-09-08,19:00:00
2026-09-08 20:00:00,1,15,1.0,1.0,15,16,16.0,16.0,0.0,0,0.0,2026-09-08,20:00:00
2026-09-08 21:00:00,1,17,1.0,1.0,17,18,18.0,18.0,0.0,0,0.0,2026-09-08,21:00:00
2026-09-08 22:00:00,1,22,1.0,1.0,22,23,23.0,23.0,0.0,0,0.0,2026-09-08,22:00:00
2026-09-08 23:00:00,0,33,0.0,0.0,32,33,32.0,32.0,0.0,-1,-1.0,2026-09-08,23:00:00
2026-09-09 00:00:00,0,22,0.0,0.0,22,22,22.0,22.0,0.0,0,0.0,2026-09-09,00:00:00
2026-09-09 01:00:00,1,40,1.0,1.0,40,41,41.0,41.0,0.0,0,0.0,2026-09-09,01:00:00
2026-09-09 02:00:00,17,51,17.0,17.0,51,68,68.0,68.0,0.0,0,0.0,2026-09-09,02:00:00
2026-09-09 03:00:00,100,28,100.0,100.0,28,128,128.0,128.0,0.0,0,0.0,2026-09-09,03:00:00
2026-09-09 04:00:00,131,0,131.0,131.0,0,131,131.0,131.0,0.0,0,0.0,2026-09-09,04:00:00
2026-09-09 05:00:00,56,0,56.0,56.0,0,56,56.0,56.0,0.0,0,0.0,2026-09-09,05:00:00
2026-09-09 06:00:00,46,1,46.0,46.0,1,47,47.0,47.0,0.0,0,0.0,2026-09-09,06:00:00
2026-09-09 07:00:00,46,10,46.0,46.0,10,56,56.0,56.0,0.0,0,0.0,2026-09-09,07:00:00
2026-09-09 08:00:00,52,12,52.0,52.0,12,64,64.0,64.0,0.0,0,0.0,2026-09-09,08:00:00
2026-09-09 09:00:00,55,12,55.0,55.0,12,67,67.0,67.0,0.0,0,0.0,2026-09-09,09:00:00
2026-09-09 10:00:00,77,17,77.0,77.0,17,94,94.0,94.0,0.0,0,0.0,2026-09-09,10:00:00
2026-09-09 11:00:00,116,11,116.0,116.0,11,127,127.0,127.0,0.0,0,0.0,2026-09-09,11:00:00
2026-09-09 12:00:00,82,19,82.0,82.0,19,101,101.0,101.0,0.0,0,0.0,2026-09-09,12:00:00
2026-09-09 13:00:00,54,59,54.0,54.0,58,113,112.0,112.0,0.0,-1,-1.0,2026-09-09,13:00:00
2026-09-09 14:00:00,29,33,29.0,29.0,33,62,62.0,62.0,0.0,0,0.0,2026-09-09,14:00:00
2026-09-09 15:00:00,22,60,22.0,22.0,60,82,82.0,82.0,0.0,0,0.0,2026-09-09,15:00:00
2026-09-09 16:00:00,16,25,16.0,16.0,25,41,41.0,41.0,0.0,0,0.0,2026-09-09,16:00:00
2026-09-09 17:00:00,9,41,9.0,9.0,41,50,50.0,50.0,0.0,0,0.0,2026-09-09,17:00:00
2026-09-09 18:00:00,13,22,13.0,13.0,22,35,35.0,35.0,0.0,0,0.0,2026-09-09,18:00:00
2026-09-09 19:00:00,8,24,8.0,8.0,24,32,32.0,32.0,0.0,0,0.0,2026-09-09,19:00:00
2026-09-09 20:00:00,2,24,2.0,2.0,24,26,26.0,26.0,0.0,0,0.0,2026-09-09,20:00:00
2026-09-09 21:00:00,1,16,1.0,1.0,16,17,17.0,17.0,0.0,0,0.0,2026-09-09,21:00:00
2026-09-09 22:00:00,0,14,0.0,0.0,13,14,13.0,13.0,0.0,-1,-1.0,2026-09-09,22:00:00
2026-09-09 23:00:00,0,37,0.0,0.0,37,37,37.0,37.0,0.0,0,0.0,2026-09-09,23:00:00
2026-09-10 00:00:00,1,39,1.0,1.0,39,40,40.0,40.0,0.0,0,0.0,2026-09-10,00:00:00
2026-09-10 01:00:00,1,60,1.0,1.0,60,61,61.0,61.0,0.0,0,0.0,2026-09-10,01:00:00
2026-09-10 02:00:00,14,55,14.0,14.0,55,69,69.0,69.0,0.0,0,0.0,2026-09-10,02:00:00
2026-09-10 03:00:00,92,12,92.0,92.0,13,104,105.0,105.0,0.0,1,1.0,2026-09-10,03:00:00
2026-09-10 04:00:00,160,1,160.0,160.0,1,161,161.0,161.0,0.0,0,0.0,2026-09-10,04:00:00
2026-09-10 05:00:00,94,0,94.0,94.0,0,94,94.0,94.0,0.0,0,0.0,2026-09-10,05:00:00
2026-09-10 06:00:00,54,1,54.0,54.0,1,55,55.0,55.0,0.0,0,0.0,2026-09-10,06:00:00
2026-09-10 07:00:00,49,9,49.0,49.0,9,58,58.0,58.0,0.0,0,0.0,2026-09-10,07:00:00
2026-09-10 08:00:00,68,12,68.0,68.0,12,80,80.0,80.0,0.0,0,0.0,2026-09-10,08:00:00
2026-09-10 09:00:00,44,7,44.0,44.0,8,51,52.0,52.0,0.0,1,1.0,2026-09-10,09:00:00
2026-09-10 10:00:00,47,29,47.0,47.0,29,76,76.0,76.0,0.0,0,0.0,2026-09-10,10:00:00
2026-09-10 11:00:00,76,19,76.0,76.0,19,95,95.0,95.0,0.0,0,0.0,2026-09-10,11:00:00
2026-09-10 12:00:00,75,23,75.0,75.0,22,98,97.0,97.0,0.0,-1,-1.0,2026-09-10,12:00:00
2026-09-10 13:00:00,73,33,73.0,73.0,32,106,105.0,105.0,0.0,-1,-1.0,2026-09-10,13:00:00
2026-09-10 14:00:00,44,59,44.0,44.0,59,103,103.0,103.0,0.0,0,0.0,2026-09-10,14:00:00
2026-09-10 15:00:00,19,30,19.0,19.0,30,49,49.0,49.0,0.0,0,0.0,2026-09-10,15:00:00
2026-09-10 16:00:00,18,44,18.0,18.0,44,62,62.0,62.0,0.0,0,0.0,2026-09-10,16:00:00
2026-09-10 17:00:00,19,24,19.0,19.0,24,43,43.0,43.0,0.0,0,0.0,2026-09-10,17:00:00
2026-09-10 18:00:00,13,22,13.0,13.0,22,35,35.0,35.0,0.0,0,0.0,2026-09-10,18:00:00
2026-09-10 19:00:00,7,28,7.0,7.0,27,35,34.0,34.0,0.0,-1,-1.0,2026-09-10,19:00:00
2026-09-10 20:00:00,3,33,3.0,3.0,32,36,35.0,35.0,0.0,-1,-1.0,2026-09-10,20:00:00
2026-09-10 21:00:00,1,21,1.0,1.0,21,22,22.0,22.0,0.0,0,0.0,2026-09-10,21:00:00
2026-09-10 22:00:00,1,16,1.0,1.0,16,17,17.0,17.0,0.0,0,0.0,2026-09-10,22:00:00
2026-09-10 23:00:00,0,27,0.0,0.0,27,27,27.0,27.0,0.0,0,0.0,2026-09-10,23:00:00
2026-09-11 00:00:00,0,33,0.7490247074122238,0.6578896439896504,33,33,33.749024707412225,33.65788964398965,0.6578896439896504,0,0.6578896439896482,2026-09-11,00:00:00
2026-09-11 01:00:00,1,27,1.6762028608582575,1.5939281508239898,27,28,28.676202860858258,28.59392815082399,0.5939281508239898,0,0.5939281508239915,2026-09-11,01:00:00
2026-09-11 02:00:00,10,53,16.57477243172952,15.774809097242487,52,63,68.57477243172951,67.77480909724248,5.774809097242487,-1,4.774809097242482,2026-09-11,02:00:00
2026-09-11 03:00:00,103,37,100.13888888888889,100.41738175032837,37,140,137.13888888888889,137.4173817503284,-2.5826182496716257,0,-2.5826182496716115,2026-09-11,03:00:00
2026-09-11 04:00:00,180,4,175.0,175.48668655397194,4,184,179.0,179.48668655397194,-4.513313446028064,0,-4.513313446028064,2026-09-11,04:00:00
2026-09-11 05:00:00,77,0,74.86111111111111,75.06930480364355,0,77,74.86111111111111,75.06930480364355,-1.930695196356453,0,-1.930695196356453,2026-09-11,05:00:00
2026-09-11 06:00:00,66,4,66.0,66.0,4,70,70.0,70.0,0.0,0,0.0,2026-09-11,06:00:00
2026-09-11 07:00:00,51,6,52.504,52.30049030808128,6,57,58.504,58.30049030808128,1.3004903080812795,0,1.3004903080812795,2026-09-11,07:00:00
2026-09-11 08:00:00,42,15,47.376,46.648561101226704,15,57,62.376,61.648561101226704,4.648561101226704,0,4.648561101226704,2026-09-11,08:00:00
2026-09-11 09:00:00,37,10,64.52,60.79620563723195,10,47,74.52,70.79620563723195,23.79620563723195,0,23.79620563723195,2026-09-11,09:00:00
2026-09-11 10:00:00,65,8,57.8880407124682,58.657909139885255,8,73,65.8880407124682,66.65790913988525,-6.3420908601147445,0,-6.342090860114752,2026-09-11,10:00:00
2026-09-11 11:00:00,136,12,121.11959287531806,122.7303945080676,12,148,133.11959287531806,134.7303945080676,-13.269605491932396,0,-13.269605491932396,2026-09-11,11:00:00
2026-09-11 12:00:00,128,22,113.99491094147584,115.51095953700482,22,150,135.99491094147584,137.51095953700482,-12.489040462995177,0,-12.489040462995177,2026-09-11,12:00:00
2026-09-11 13:00:00,64,20,56.99745547073792,57.75547976850241,20,84,76.99745547073792,77.75547976850241,-6.244520231497589,0,-6.244520231497589,2026-09-11,13:00:00
2026-09-11 14:00:00,24,38,24.0,24.0,38,62,62.0,62.0,0.0,0,0.0,2026-09-11,14:00:00
2026-09-11 15:00:00,32,66,32.0,32.0,66,98,98.0,98.0,0.0,0,0.0,2026-09-11,15:00:00
2026-09-11 16:00:00,36,20,36.0,36.0,20,56,56.0,56.0,0.0,0,0.0,2026-09-11,16:00:00
2026-09-11 17:00:00,19,47,19.0,19.0,47,66,66.0,66.0,0.0,0,0.0,2026-09-11,17:00:00
2026-09-11 18:00:00,11,32,11.0,11.0,32,43,43.0,43.0,0.0,0,0.0,2026-09-11,18:00:00
2026-09-11 19:00:00,9,38,9.0,9.0,38,47,47.0,47.0,0.0,0,0.0,2026-09-11,19:00:00
2026-09-11 20:00:00,4,20,4.0,4.0,20,24,24.0,24.0,0.0,0,0.0,2026-09-11,20:00:00
2026-09-11 21:00:00,1,18,1.0,1.0,18,19,19.0,19.0,0.0,0,0.0,2026-09-11,21:00:00
2026-09-11 22:00:00,0,14,0.0,0.0,14,14,14.0,14.0,0.0,0,0.0,2026-09-11,22:00:00
2026-09-11 23:00:00,0,14,0.0,0.0,14,14,14.0,14.0,0.0,0,0.0,2026-09-11,23:00:00
2026-09-12 00:00:00,1,35,6.243172951885566,5.605227507927553,35,36,41.24317295188557,40.60522750792755,4.605227507927553,0,4.605227507927552,2026-09-12,00:00:00
2026-09-12 01:00:00,1,58,5.733420026007803,5.157497055767929,57,59,62.733420026007806,62.15749705576793,4.157497055767929,-1,3.1574970557679265,2026-09-12,01:00:00
2026-09-12 02:00:00,11,48,57.02340702210664,51.42366368069741,48,59,105.02340702210664,99.42366368069742,40.42366368069741,0,40.423663680697416,2026-09-12,02:00:00
2026-09-12 03:00:00,111,13,92.5,94.30074024969616,13,124,105.5,107.30074024969616,-16.69925975030384,0,-16.69925975030384,2026-09-12,03:00:00
2026-09-12 04:00:00,210,8,175.0,178.40680587780355,8,218,183.0,186.40680587780355,-31.59319412219645,0,-31.59319412219645,2026-09-12,04:00:00
2026-09-12 05:00:00,99,0,82.5,84.10606562810739,0,99,82.5,84.10606562810739,-14.893934371892612,0,-14.893934371892612,2026-09-12,05:00:00
2026-09-12 06:00:00,70,4,70.0,70.0,4,74,74.0,74.0,0.0,0,0.0,2026-09-12,06:00:00
2026-09-12 07:00:00,51,7,53.62325581395349,53.26829704897898,7,58,60.62325581395349,60.26829704897898,2.2682970489789795,0,2.2682970489789795,2026-09-12,07:00:00
2026-09-12 08:00:00,51,11,60.376744186046515,59.10795540911635,11,62,71.37674418604652,70.10795540911636,8.10795540911635,0,8.107955409116357,2026-09-12,08:00:00
2026-09-12 09:00:00,59,7,107.00000000000001,100.50500983238132,7,66,114.00000000000001,107.50500983238132,41.50500983238132,0,41.50500983238132,2026-09-12,09:00:00
2026-09-12 10:00:00,117,11,96.35294117647058,98.58798191062172,11,128,107.35294117647058,109.58798191062172,-18.41201808937828,0,-18.41201808937828,2026-09-12,10:00:00
2026-09-12 11:00:00,121,15,99.64705882352942,101.95851120671136,15,136,114.64705882352942,116.95851120671136,-19.041488793288636,0,-19.041488793288636,2026-09-12,11:00:00
2026-09-12 12:00:00,112,21,92.23529411764707,94.37482029050969,21,133,113.23529411764707,115.37482029050969,-17.62517970949031,0,-17.62517970949031,2026-09-12,12:00:00
2026-09-12 13:00:00,75,38,61.76470588235294,63.1974243016806,38,113,99.76470588235294,101.1974243016806,-11.802575698319401,0,-11.802575698319401,2026-09-12,13:00:00
2026-09-12 14:00:00,43,62,43.0,43.0,61,105,104.0,104.0,0.0,-1,-1.0,2026-09-12,14:00:00
2026-09-12 15:00:00,39,67,39.0,39.0,66,106,105.0,105.0,0.0,-1,-1.0,2026-09-12,15:00:00
2026-09-12 16:00:00,26,36,26.0,26.0,36,62,62.0,62.0,0.0,0,0.0,2026-09-12,16:00:00
2026-09-12 17:00:00,11,48,11.0,11.0,47,59,58.0,58.0,0.0,-1,-1.0,2026-09-12,17:00:00
2026-09-12 18:00:00,6,37,6.0,6.0,37,43,43.0,43.0,0.0,0,0.0,2026-09-12,18:00:00
2026-09-12 19:00:00,2,32,2.0,2.0,32,34,34.0,34.0,0.0,0,0.0,2026-09-12,19:00:00
2026-09-12 20:00:00,2,31,2.0,2.0,31,33,33.0,33.0,0.0,0,0.0,2026-09-12,20:00:00
2026-09-12 21:00:00,1,12,1.0,1.0,12,13,13.0,13.0,0.0,0,0.0,2026-09-12,21:00:00
2026-09-12 22:00:00,0,15,0.0,0.0,15,15,15.0,15.0,0.0,0,0.0,2026-09-12,22:00:00
2026-09-12 23:00:00,0,19,0.0,0.0,19,19,19.0,19.0,0.0,0,0.0,2026-09-12,23:00:00
2026-09-13 00:00:00,0,26,2.3968790637191164,2.1052468607668815,25,26,27.396879063719116,27.105246860766883,2.1052468607668815,-1,1.1052468607668828,2026-09-13,00:00:00
2026-09-13 01:00:00,1,58,3.1638491547464236,2.9005700826367677,57,59,60.16384915474642,59.90057008263677,1.9005700826367677,-1,0.9005700826367686,2026-09-13,01:00:00
2026-09-13 02:00:00,22,71,43.03927178153447,40.47938911117596,71,93,114.03927178153447,111.47938911117596,18.479389111175962,0,18.479389111175962,2026-09-13,02:00:00
2026-09-13 03:00:00,126,75,115.44502617801048,116.4724189453481,75,201,190.4450261780105,191.4724189453481,-9.527581054651904,0,-9.527581054651904,2026-09-13,03:00:00
2026-09-13 04:00:00,184,13,168.58638743455498,170.08670703130198,13,197,181.58638743455498,183.08670703130198,-13.913292968698016,0,-13.913292968698016,2026-09-13,04:00:00
2026-09-13 05:00:00,72,0,65.96858638743456,66.55566796877034,0,72,65.96858638743456,66.55566796877034,-5.4443320312296635,0,-5.4443320312296635,2026-09-13,05:00:00
2026-09-13 06:00:00,41,7,41.0,41.0,7,48,48.0,48.0,0.0,0,0.0,2026-09-13,06:00:00
2026-09-13 07:00:00,42,3,42.59460465116279,42.5141473311019,3,45,45.59460465116279,45.5141473311019,0.5141473311019027,0,0.5141473311019027,2026-09-13,07:00:00
2026-09-13 08:00:00,39,15,41.12539534883721,40.83780322606637,15,54,56.12539534883721,55.83780322606637,1.8378032260663701,0,1.8378032260663701,2026-09-13,08:00:00
2026-09-13 09:00:00,59,7,69.88,68.40780222867309,7,66,76.88,75.40780222867309,9.407802228673091,0,9.407802228673091,2026-09-13,09:00:00
2026-09-13 10:00:00,90,35,85.83106267029973,86.28234945306343,35,125,120.83106267029973,121.28234945306343,-3.717650546936568,0,-3.717650546936568,2026-09-13,10:00:00
2026-09-13 11:00:00,125,26,119.20980926430516,119.83659646258809,26,151,145.20980926430516,145.8365964625881,-5.163403537411909,0,-5.163403537411909,2026-09-13,11:00:00
2026-09-13 12:00:00,101,34,96.32152588555859,96.82796994177119,33,135,129.32152588555857,129.8279699417712,-4.172030058228813,-1,-5.172030058228813,2026-09-13,12:00:00
2026-09-13 13:00:00,51,61,48.63760217983651,48.89333135673594,61,112,109.6376021798365,109.89333135673594,-2.106668643264058,0,-2.106668643264058,2026-09-13,13:00:00
2026-09-13 14:00:00,42,73,42.0,42.0,73,115,115.0,115.0,0.0,0,0.0,2026-09-13,14:00:00
2026-09-13 15:00:00,32,41,32.0,32.0,41,73,73.0,73.0,0.0,0,0.0,2026-09-13,15:00:00
2026-09-13 16:00:00,11,37,11.0,11.0,37,48,48.0,48.0,0.0,0,0.0,2026-09-13,16:00:00
2026-09-13 17:00:00,9,44,9.0,9.0,43,53,52.0,52.0,0.0,-1,-1.0,2026-09-13,17:00:00
2026-09-13 18:00:00,11,34,11.0,11.0,34,45,45.0,45.0,0.0,0,0.0,2026-09-13,18:00:00
2026-09-13 19:00:00,7,26,7.0,7.0,26,33,33.0,33.0,0.0,0,0.0,2026-09-13,19:00:00
2026-09-13 20:00:00,1,46,1.0,1.0,45,47,46.0,46.0,0.0,-1,-1.0,2026-09-13,20:00:00
2026-09-13 21:00:00,0,32,0.0,0.0,32,32,32.0,32.0,0.0,0,0.0,2026-09-13,21:00:00
2026-09-13 22:00:00,2,24,2.0,2.0,23,26,25.0,25.0,0.0,-1,-1.0,2026-09-13,22:00:00
2026-09-13 23:00:00,0,27,0.0,0.0,27,27,27.0,27.0,0.0,0,0.0,2026-09-13,23:00:00
2026-09-14 00:00:00,1,63,1.0,1.0,63,64,64.0,64.0,0.0,0,0.0,2026-09-14,00:00:00
2026-09-14 01:00:00,1,93,1.0,1.0,93,94,94.0,94.0,0.0,0,0.0,2026-09-14,01:00:00
2026-09-14 02:00:00,17,66,17.0,17.0,66,83,83.0,83.0,0.0,0,0.0,2026-09-14,02:00:00
2026-09-14 03:00:00,76,17,76.0,76.0,17,93,93.0,93.0,0.0,0,0.0,2026-09-14,03:00:00
2026-09-14 04:00:00,125,0,125.0,125.0,0,125,125.0,125.0,0.0,0,0.0,2026-09-14,04:00:00
2026-09-14 05:00:00,66,0,66.0,66.0,0,66,66.0,66.0,0.0,0,0.0,2026-09-14,05:00:00
2026-09-14 06:00:00,40,1,40.0,40.0,1,41,41.0,41.0,0.0,0,0.0,2026-09-14,06:00:00
2026-09-14 07:00:00,43,16,43.0,43.0,16,59,59.0,59.0,0.0,0,0.0,2026-09-14,07:00:00
2026-09-14 08:00:00,45,16,45.0,45.0,16,61,61.0,61.0,0.0,0,0.0,2026-09-14,08:00:00
2026-09-14 09:00:00,44,17,44.0,44.0,17,61,61.0,61.0,0.0,0,0.0,2026-09-14,09:00:00
2026-09-14 10:00:00,53,20,53.0,53.0,20,73,73.0,73.0,0.0,0,0.0,2026-09-14,10:00:00
2026-09-14 11:00:00,74,26,74.0,74.0,26,100,100.0,100.0,0.0,0,0.0,2026-09-14,11:00:00
2026-09-14 12:00:00,105,32,105.0,105.0,32,137,137.0,137.0,0.0,0,0.0,2026-09-14,12:00:00
2026-09-14 13:00:00,66,66,66.0,66.0,66,132,132.0,132.0,0.0,0,0.0,2026-09-14,13:00:00
2026-09-14 14:00:00,48,88,48.0,48.0,88,136,136.0,136.0,0.0,0,0.0,2026-09-14,14:00:00
2026-09-14 15:00:00,19,66,19.0,19.0,66,85,85.0,85.0,0.0,0,0.0,2026-09-14,15:00:00
2026-09-14 16:00:00,14,71,14.0,14.0,71,85,85.0,85.0,0.0,0,0.0,2026-09-14,16:00:00
2026-09-14 17:00:00,7,63,7.0,7.0,63,70,70.0,70.0,0.0,0,0.0,2026-09-14,17:00:00
2026-09-14 18:00:00,7,29,7.0,7.0,29,36,36.0,36.0,0.0,0,0.0,2026-09-14,18:00:00
2026-09-14 19:00:00,1,42,1.0,1.0,42,43,43.0,43.0,0.0,0,0.0,2026-09-14,19:00:00
2026-09-14 20:00:00,2,67,2.0,2.0,66,69,68.0,68.0,0.0,-1,-1.0,2026-09-14,20:00:00
2026-09-14 21:00:00,0,30,0.0,0.0,30,30,30.0,30.0,0.0,0,0.0,2026-09-14,21:00:00
2026-09-14 22:00:00,0,37,0.0,0.0,37,37,37.0,37.0,0.0,0,0.0,2026-09-14,22:00:00
2026-09-14 23:00:00,0,39,0.0,0.0,38,39,38.0,38.0,0.0,-1,-1.0,2026-09-14,23:00:00
2026-09-15 00:00:00,0,31,0.0,0.0,30,31,30.0,30.0,0.0,-1,-1.0,2026-09-15,00:00:00
2026-09-15 01:00:00,1,70,1.0,1.0,70,71,71.0,71.0,0.0,0,0.0,2026-09-15,01:00:00
2026-09-15 02:00:00,9,86,9.0,9.0,85,95,94.0,94.0,0.0,-1,-1.0,2026-09-15,02:00:00
2026-09-15 03:00:00,56,45,56.0,56.0,45,101,101.0,101.0,0.0,0,0.0,2026-09-15,03:00:00
2026-09-15 04:00:00,91,4,91.0,91.0,4,95,95.0,95.0,0.0,0,0.0,2026-09-15,04:00:00
2026-09-15 05:00:00,68,4,68.0,68.0,4,72,72.0,72.0,0.0,0,0.0,2026-09-15,05:00:00
2026-09-15 06:00:00,45,2,45.0,45.0,2,47,47.0,47.0,0.0,0,0.0,2026-09-15,06:00:00
2026-09-15 07:00:00,43,14,43.0,43.0,14,57,57.0,57.0,0.0,0,0.0,2026-09-15,07:00:00
2026-09-15 08:00:00,43,14,43.0,43.0,14,57,57.0,57.0,0.0,0,0.0,2026-09-15,08:00:00
2026-09-15 09:00:00,28,8,28.0,28.0,8,36,36.0,36.0,0.0,0,0.0,2026-09-15,09:00:00
2026-09-15 10:00:00,42,17,42.0,42.0,17,59,59.0,59.0,0.0,0,0.0,2026-09-15,10:00:00
2026-09-15 11:00:00,73,17,73.0,73.0,17,90,90.0,90.0,0.0,0,0.0,2026-09-15,11:00:00
2026-09-15 12:00:00,75,16,75.0,75.0,16,91,91.0,91.0,0.0,0,0.0,2026-09-15,12:00:00
2026-09-15 13:00:00,53,19,53.0,53.0,19,72,72.0,72.0,0.0,0,0.0,2026-09-15,13:00:00
2026-09-15 14:00:00,20,64,20.0,20.0,63,84,83.0,83.0,0.0,-1,-1.0,2026-09-15,14:00:00
2026-09-15 15:00:00,15,95,15.0,15.0,95,110,110.0,110.0,0.0,0,0.0,2026-09-15,15:00:00
2026-09-15 16:00:00,10,51,10.0,10.0,51,61,61.0,61.0,0.0,0,0.0,2026-09-15,16:00:00
2026-09-15 17:00:00,10,50,10.0,10.0,50,60,60.0,60.0,0.0,0,0.0,2026-09-15,17:00:00
2026-09-15 18:00:00,6,44,6.0,6.0,44,50,50.0,50.0,0.0,0,0.0,2026-09-15,18:00:00
2026-09-15 19:00:00,2,38,2.0,2.0,38,40,40.0,40.0,0.0,0,0.0,2026-09-15,19:00:00
2026-09-15 20:00:00,1,17,1.0,1.0,17,18,18.0,18.0,0.0,0,0.0,2026-09-15,20:00:00
2026-09-15 21:00:00,1,21,1.0,1.0,21,22,22.0,22.0,0.0,0,0.0,2026-09-15,21:00:00
2026-09-15 22:00:00,1,26,1.0,1.0,26,27,27.0,27.0,0.0,0,0.0,2026-09-15,22:00:00
2026-09-15 23:00:00,0,39,0.0,0.0,39,39,39.0,39.0,0.0,0,0.0,2026-09-15,23:00:00
2026-09-16 00:00:00,0,27,0.0,0.0,27,27,27.0,27.0,0.0,0,0.0,2026-09-16,00:00:00
2026-09-16 01:00:00,1,50,1.0,1.0,50,51,51.0,51.0,0.0,0,0.0,2026-09-16,01:00:00
2026-09-16 02:00:00,16,64,16.0,16.0,64,80,80.0,80.0,0.0,0,0.0,2026-09-16,02:00:00
2026-09-16 03:00:00,94,35,94.0,94.0,35,129,129.0,129.0,0.0,0,0.0,2026-09-16,03:00:00
2026-09-16 04:00:00,122,0,122.0,122.0,0,122,122.0,122.0,0.0,0,0.0,2026-09-16,04:00:00
2026-09-16 05:00:00,53,0,53.0,53.0,1,53,54.0,54.0,0.0,1,1.0,2026-09-16,05:00:00
2026-09-16 06:00:00,43,2,43.0,43.0,2,45,45.0,45.0,0.0,0,0.0,2026-09-16,06:00:00
2026-09-16 07:00:00,43,12,43.0,43.0,12,55,55.0,55.0,0.0,0,0.0,2026-09-16,07:00:00
2026-09-16 08:00:00,49,15,49.0,49.0,14,64,63.0,63.0,0.0,-1,-1.0,2026-09-16,08:00:00
2026-09-16 09:00:00,52,15,52.0,52.0,14,67,66.0,66.0,0.0,-1,-1.0,2026-09-16,09:00:00
2026-09-16 10:00:00,72,22,72.0,72.0,22,94,94.0,94.0,0.0,0,0.0,2026-09-16,10:00:00
2026-09-16 11:00:00,108,14,108.0,108.0,14,122,122.0,122.0,0.0,0,0.0,2026-09-16,11:00:00
2026-09-16 12:00:00,77,24,77.0,77.0,24,101,101.0,101.0,0.0,0,0.0,2026-09-16,12:00:00
2026-09-16 13:00:00,50,74,50.0,50.0,73,124,123.0,123.0,0.0,-1,-1.0,2026-09-16,13:00:00
2026-09-16 14:00:00,27,42,27.0,27.0,42,69,69.0,69.0,0.0,0,0.0,2026-09-16,14:00:00
2026-09-16 15:00:00,21,76,21.0,21.0,75,97,96.0,96.0,0.0,-1,-1.0,2026-09-16,15:00:00
2026-09-16 16:00:00,15,32,15.0,15.0,31,47,46.0,46.0,0.0,-1,-1.0,2026-09-16,16:00:00
2026-09-16 17:00:00,8,52,8.0,8.0,51,60,59.0,59.0,0.0,-1,-1.0,2026-09-16,17:00:00
2026-09-16 18:00:00,12,27,12.0,12.0,27,39,39.0,39.0,0.0,0,0.0,2026-09-16,18:00:00
2026-09-16 19:00:00,8,30,8.0,8.0,30,38,38.0,38.0,0.0,0,0.0,2026-09-16,19:00:00
2026-09-16 20:00:00,2,30,2.0,2.0,30,32,32.0,32.0,0.0,0,0.0,2026-09-16,20:00:00
2026-09-16 21:00:00,0,20,0.0,0.0,20,20,20.0,20.0,0.0,0,0.0,2026-09-16,21:00:00
2026-09-16 22:00:00,0,17,0.0,0.0,17,17,17.0,17.0,0.0,0,0.0,2026-09-16,22:00:00
2026-09-16 23:00:00,0,47,0.0,0.0,47,47,47.0,47.0,0.0,0,0.0,2026-09-16,23:00:00
2026-09-17 00:00:00,1,39,1.0749024707412225,1.065788964398965,38,40,39.07490247074122,39.06578896439896,0.06578896439896509,-1,-0.934211035601038,2026-09-17,00:00:00
2026-09-17 01:00:00,1,59,1.0676202860858257,1.059392815082399,59,60,60.06762028608583,60.0593928150824,0.05939281508239902,0,0.05939281508239702,2026-09-17,01:00:00
2026-09-17 02:00:00,14,54,14.657477243172952,14.57748090972425,54,68,68.65747724317295,68.57748090972424,0.5774809097242493,0,0.5774809097242439,2026-09-17,02:00:00
2026-09-17 03:00:00,93,12,92.73504273504274,92.76083296268911,12,105,104.73504273504274,104.76083296268911,-0.23916703731089228,0,-0.23916703731089228,2026-09-17,03:00:00
2026-09-17 04:00:00,162,1,161.53846153846155,161.58338645113588,1,163,162.53846153846155,162.58338645113588,-0.4166135488641203,0,-0.4166135488641203,2026-09-17,04:00:00
2026-09-17 05:00:00,96,0,95.72649572649574,95.75311789696941,0,96,95.72649572649574,95.75311789696941,-0.2468821030305861,0,-0.2468821030305861,2026-09-17,05:00:00
2026-09-17 06:00:00,55,1,55.0,55.0,1,56,56.0,56.0,0.0,0,0.0,2026-09-17,06:00:00
2026-09-17 07:00:00,50,9,50.0,50.0,9,59,59.0,59.0,0.0,0,0.0,2026-09-17,07:00:00
2026-09-17 08:00:00,69,12,69.0,69.0,12,81,81.0,81.0,0.0,0,0.0,2026-09-17,08:00:00
2026-09-17 09:00:00,45,7,45.0,45.0,7,52,52.0,52.0,0.0,0,0.0,2026-09-17,09:00:00
2026-09-17 10:00:00,48,28,48.0,48.0,28,76,76.0,76.0,0.0,0,0.0,2026-09-17,10:00:00
2026-09-17 11:00:00,77,19,77.0,77.0,18,96,95.0,95.0,0.0,-1,-1.0,2026-09-17,11:00:00
2026-09-17 12:00:00,76,22,76.0,76.0,22,98,98.0,98.0,0.0,0,0.0,2026-09-17,12:00:00
2026-09-17 13:00:00,74,32,74.0,74.0,32,106,106.0,106.0,0.0,0,0.0,2026-09-17,13:00:00
2026-09-17 14:00:00,45,58,45.0,45.0,58,103,103.0,103.0,0.0,0,0.0,2026-09-17,14:00:00
2026-09-17 15:00:00,19,30,19.0,19.0,29,49,48.0,48.0,0.0,-1,-1.0,2026-09-17,15:00:00
2026-09-17 16:00:00,19,44,19.0,19.0,43,63,62.0,62.0,0.0,-1,-1.0,2026-09-17,16:00:00
2026-09-17 17:00:00,19,24,19.0,19.0,24,43,43.0,43.0,0.0,0,0.0,2026-09-17,17:00:00
2026-09-17 18:00:00,13,22,13.0,13.0,21,35,34.0,34.0,0.0,-1,-1.0,2026-09-17,18:00:00
2026-09-17 19:00:00,7,27,7.0,7.0,27,34,34.0,34.0,0.0,0,0.0,2026-09-17,19:00:00
2026-09-17 20:00:00,3,32,3.0,3.0,32,35,35.0,35.0,0.0,0,0.0,2026-09-17,20:00:00
2026-09-17 21:00:00,1,20,1.0,1.0,20,21,21.0,21.0,0.0,0,0.0,2026-09-17,21:00:00
2026-09-17 22:00:00,1,15,1.0,1.0,15,16,16.0,16.0,0.0,0,0.0,2026-09-17,22:00:00
2026-09-17 23:00:00,0,26,0.0,0.0,26,26,26.0,26.0,0.0,0,0.0,2026-09-17,23:00:00
2026-09-18 00:00:00,0,33,0.8988296488946685,0.7894675727875805,33,33,33.89882964889467,33.78946757278758,0.7894675727875805,0,0.7894675727875793,2026-09-18,00:00:00
2026-09-18 01:00:00,1,27,1.811443433029909,1.7127137809887878,27,28,28.811443433029908,28.71271378098879,0.7127137809887878,0,0.7127137809887891,2026-09-18,01:00:00
2026-09-18 02:00:00,10,53,17.889726918075425,16.929770916690984,52,63,69.88972691807543,68.92977091669098,6.929770916690984,-1,5.929770916690984,2026-09-18,02:00:00
2026-09-18 03:00:00,104,37,100.5524861878453,100.88805791124695,37,141,137.55248618784532,137.88805791124696,-3.111942088753054,0,-3.1119420887530396,2026-09-18,03:00:00
2026-09-18 04:00:00,181,4,175.0,175.58402386476632,4,185,179.0,179.58402386476632,-5.415976135233677,0,-5.415976135233677,2026-09-18,04:00:00
2026-09-18 05:00:00,77,0,74.4475138121547,74.69596595351938,0,77,74.4475138121547,74.69596595351938,-2.3040340464806235,0,-2.3040340464806235,2026-09-18,05:00:00
2026-09-18 06:00:00,67,4,67.0,67.0,4,71,71.0,71.0,0.0,0,0.0,2026-09-18,06:00:00
2026-09-18 07:00:00,52,6,53.60893023255814,53.39122219004044,6,58,59.60893023255814,59.39122219004044,1.3912221900404376,0,1.3912221900404376,2026-09-18,07:00:00
2026-09-18 08:00:00,42,15,47.75106976744186,46.972879317591364,15,57,62.75106976744186,61.972879317591364,4.972879317591364,0,4.972879317591364,2026-09-18,08:00:00
2026-09-18 09:00:00,37,10,66.44,62.456406030527205,10,47,76.44,72.4564060305272,25.456406030527205,0,25.456406030527205,2026-09-18,09:00:00
2026-09-18 10:00:00,66,8,58.33333333333333,59.16324874364017,8,74,66.33333333333333,67.16324874364017,-6.8367512563598325,0,-6.8367512563598325,2026-09-18,10:00:00
2026-09-18 11:00:00,137,12,121.08585858585859,122.80856178604095,12,149,133.0858585858586,134.80856178604097,-14.191438213959046,0,-14.191438213959032,2026-09-18,11:00:00
2026-09-18 12:00:00,129,22,114.01515151515152,115.63725890802397,21,151,135.0151515151515,136.63725890802397,-13.362741091976034,-1,-14.362741091976034,2026-09-18,12:00:00
2026-09-18 13:00:00,64,20,56.56565656565657,57.370423024135924,20,84,76.56565656565657,77.37042302413593,-6.629576975864076,0,-6.629576975864069,2026-09-18,13:00:00
2026-09-18 14:00:00,24,38,24.0,24.0,38,62,62.0,62.0,0.0,0,0.0,2026-09-18,14:00:00
2026-09-18 15:00:00,32,66,32.0,32.0,66,98,98.0,98.0,0.0,0,0.0,2026-09-18,15:00:00
2026-09-18 16:00:00,36,20,36.0,36.0,20,56,56.0,56.0,0.0,0,0.0,2026-09-18,16:00:00
2026-09-18 17:00:00,19,47,19.0,19.0,47,66,66.0,66.0,0.0,0,0.0,2026-09-18,17:00:00
2026-09-18 18:00:00,11,32,11.0,11.0,32,43,43.0,43.0,0.0,0,0.0,2026-09-18,18:00:00
2026-09-18 19:00:00,9,38,9.0,9.0,37,47,46.0,46.0,0.0,-1,-1.0,2026-09-18,19:00:00
2026-09-18 20:00:00,4,20,4.0,4.0,20,24,24.0,24.0,0.0,0,0.0,2026-09-18,20:00:00
2026-09-18 21:00:00,1,18,1.0,1.0,18,19,19.0,19.0,0.0,0,0.0,2026-09-18,21:00:00
2026-09-18 22:00:00,0,14,0.0,0.0,14,14,14.0,14.0,0.0,0,0.0,2026-09-18,22:00:00
2026-09-18 23:00:00,0,14,0.0,0.0,13,14,13.0,13.0,0.0,-1,-1.0,2026-09-18,23:00:00
2026-09-19 00:00:00,1,36,6.767490247074123,6.065750258720309,35,37,41.76749024707412,41.06575025872031,5.065750258720309,-1,4.065750258720307,2026-09-19,00:00:00
2026-09-19 01:00:00,1,59,6.206762028608583,5.5732467613447225,58,60,64.20676202860858,63.57324676134472,4.5732467613447225,-1,3.57324676134472,2026-09-19,01:00:00
2026-09-19 02:00:00,11,49,61.62574772431731,55.46603004876715,48,60,109.6257477243173,103.46603004876715,44.46603004876715,-1,43.46603004876715,2026-09-19,02:00:00
2026-09-19 03:00:00,113,13,92.62295081967214,94.60639798881022,13,126,105.62295081967214,107.60639798881022,-18.393602011189785,0,-18.393602011189785,2026-09-19,03:00:00
2026-09-19 04:00:00,213,8,174.59016393442622,178.32887408510246,8,221,182.59016393442622,186.32887408510246,-34.671125914897544,0,-34.671125914897544,2026-09-19,04:00:00
2026-09-19 05:00:00,101,0,82.78688524590164,84.55970085725515,0,101,82.78688524590164,84.55970085725515,-16.44029914274485,0,-16.44029914274485,2026-09-19,05:00:00
2026-09-19 06:00:00,71,4,71.0,71.0,4,75,75.0,75.0,0.0,0,0.0,2026-09-19,06:00:00
2026-09-19 07:00:00,52,7,54.86809302325581,54.48000477355035,7,59,61.86809302325581,61.48000477355035,2.4800047735503483,0,2.4800047735503483,2026-09-19,07:00:00
2026-09-19 08:00:00,52,11,62.25190697674418,60.864697913967206,11,63,73.25190697674418,71.8646979139672,8.864697913967206,0,8.864697913967206,2026-09-19,08:00:00
2026-09-19 09:00:00,60,7,112.48000000000002,105.37881075007024,7,67,119.48000000000002,112.37881075007024,45.378810750070244,0,45.378810750070244,2026-09-19,09:00:00
2026-09-19 10:00:00,119,11,96.41203703703704,98.85718032622003,11,130,107.41203703703704,109.85718032622003,-20.142819673779968,0,-20.142819673779968,2026-09-19,10:00:00
2026-09-19 11:00:00,123,15,99.65277777777777,102.18011075735348,15,138,114.65277777777777,117.18011075735348,-20.819889242646525,0,-20.819889242646525,2026-09-19,11:00:00
2026-09-19 12:00:00,114,21,92.36111111111111,94.70351728730321,21,135,113.36111111111111,115.70351728730321,-19.296482712696786,0,-19.296482712696786,2026-09-19,12:00:00
2026-09-19 13:00:00,76,38,61.574074074074076,63.13567819153548,38,114,99.57407407407408,101.13567819153548,-12.864321808464517,0,-12.864321808464524,2026-09-19,13:00:00
2026-09-19 14:00:00,44,63,44.0,44.0,62,107,106.0,106.0,0.0,-1,-1.0,2026-09-19,14:00:00
2026-09-19 15:00:00,40,68,40.0,40.0,67,108,107.0,107.0,0.0,-1,-1.0,2026-09-19,15:00:00
2026-09-19 16:00:00,26,37,26.0,26.0,36,63,62.0,62.0,0.0,-1,-1.0,2026-09-19,16:00:00
2026-09-19 17:00:00,11,48,11.0,11.0,48,59,59.0,59.0,0.0,0,0.0,2026-09-19,17:00:00
2026-09-19 18:00:00,6,38,6.0,6.0,37,44,43.0,43.0,0.0,-1,-1.0,2026-09-19,18:00:00
2026-09-19 19:00:00,2,32,2.0,2.0,32,34,34.0,34.0,0.0,0,0.0,2026-09-19,19:00:00
2026-09-19 20:00:00,2,32,2.0,2.0,31,34,33.0,33.0,0.0,-1,-1.0,2026-09-19,20:00:00
2026-09-19 21:00:00,1,12,1.0,1.0,12,13,13.0,13.0,0.0,0,0.0,2026-09-19,21:00:00
2026-09-19 22:00:00,0,15,0.0,0.0,15,15,15.0,15.0,0.0,0,0.0,2026-09-19,22:00:00
2026-09-19 23:00:00,0,20,0.0,0.0,19,20,19.0,19.0,0.0,-1,-1.0,2026-09-19,23:00:00
2026-09-20 00:00:00,0,25,2.0972691807542265,1.8420910031710211,25,25,27.097269180754225,26.84209100317102,1.8420910031710211,0,1.8420910031710207,2026-09-20,00:00:00
2026-09-20 01:00:00,1,57,2.8933680104031207,2.6629988223071717,56,58,58.89336801040312,58.66299882230717,1.6629988223071717,-1,0.6629988223071734,2026-09-20,01:00:00
2026-09-20 02:00:00,22,71,40.40936280884266,38.169465472278965,70,93,110.40936280884266,108.16946547227897,16.169465472278965,-1,15.169465472278972,2026-09-20,02:00:00
2026-09-20 03:00:00,125,75,115.74074074074075,116.64201213698507,74,200,189.74074074074076,190.64201213698507,-8.357987863014927,-1,-9.357987863014927,2026-09-20,03:00:00
2026-09-20 04:00:00,182,13,168.5185185185185,169.83076967145024,12,195,180.5185185185185,181.83076967145024,-12.169230328549759,-1,-13.169230328549759,2026-09-20,04:00:00
2026-09-20 05:00:00,71,0,65.74074074074073,66.25266289380751,0,71,65.74074074074073,66.25266289380751,-4.747337106192489,0,-4.747337106192489,2026-09-20,05:00:00
2026-09-20 06:00:00,41,7,41.0,41.0,7,48,48.0,48.0,0.0,0,0.0,2026-09-20,06:00:00
2026-09-20 07:00:00,41,3,41.454697674418604,41.39317148848969,3,44,44.454697674418604,44.39317148848969,0.39317148848969197,0,0.39317148848969197,2026-09-20,07:00:00
2026-09-20 08:00:00,38,15,39.625302325581394,39.40537893758017,15,53,54.625302325581394,54.40537893758017,1.405378937580167,0,1.405378937580167,2026-09-20,08:00:00
2026-09-20 09:00:00,58,7,66.32,65.19420170427942,7,65,73.32,72.19420170427942,7.194201704279422,0,7.194201704279422,2026-09-20,09:00:00
2026-09-20 10:00:00,89,35,85.81267217630854,86.15769989090609,34,124,119.81267217630854,120.15769989090609,-2.8423001090939124,-1,-3.8423001090939124,2026-09-20,10:00:00
2026-09-20 11:00:00,124,26,119.55922865013774,120.03994142103771,26,150,145.55922865013775,146.03994142103772,-3.9600585789622897,0,-3.9600585789622755,2026-09-20,11:00:00
2026-09-20 12:00:00,100,33,96.41873278236915,96.8064043718046,33,133,129.41873278236915,129.8064043718046,-3.1935956281953963,0,-3.1935956281953963,2026-09-20,12:00:00
2026-09-20 13:00:00,50,61,48.209366391184574,48.4032021859023,60,111,108.20936639118457,108.4032021859023,-1.5967978140976982,-1,-2.596797814097698,2026-09-20,13:00:00
2026-09-20 14:00:00,42,73,42.0,42.0,72,115,114.0,114.0,0.0,-1,-1.0,2026-09-20,14:00:00
2026-09-20 15:00:00,31,41,31.0,31.0,40,72,71.0,71.0,0.0,-1,-1.0,2026-09-20,15:00:00
2026-09-20 16:00:00,11,37,11.0,11.0,36,48,47.0,47.0,0.0,-1,-1.0,2026-09-20,16:00:00
2026-09-20 17:00:00,9,43,9.0,9.0,43,52,52.0,52.0,0.0,0,0.0,2026-09-20,17:00:00
2026-09-20 18:00:00,11,34,11.0,11.0,33,45,44.0,44.0,0.0,-1,-1.0,2026-09-20,18:00:00
2026-09-20 19:00:00,7,26,7.0,7.0,26,33,33.0,33.0,0.0,0,0.0,2026-09-20,19:00:00
2026-09-20 20:00:00,1,45,1.0,1.0,45,46,46.0,46.0,0.0,0,0.0,2026-09-20,20:00:00
2026-09-20 21:00:00,0,32,0.0,0.0,32,32,32.0,32.0,0.0,0,0.0,2026-09-20,21:00:00
2026-09-20 22:00:00,2,23,2.0,2.0,23,25,25.0,25.0,0.0,0,0.0,2026-09-20,22:00:00
2026-09-20 23:00:00,0,27,0.0,0.0,26,27,26.0,26.0,0.0,-1,-1.0,2026-09-20,23:00:00
2026-09-21 00:00:00,1,62,1.0,1.0,61,63,62.0,62.0,0.0,-1,-1.0,2026-09-21,00:00:00
2026-09-21 01:00:00,1,91,1.0,1.0,90,92,91.0,91.0,0.0,-1,-1.0,2026-09-21,01:00:00
2026-09-21 02:00:00,17,65,17.0,17.0,65,82,82.0,82.0,0.0,0,0.0,2026-09-21,02:00:00
2026-09-21 03:00:00,75,17,75.0,75.0,17,92,92.0,92.0,0.0,0,0.0,2026-09-21,03:00:00
2026-09-21 04:00:00,122,0,122.0,122.0,0,122,122.0,122.0,0.0,0,0.0,2026-09-21,04:00:00
2026-09-21 05:00:00,65,0,65.0,65.0,0,65,65.0,65.0,0.0,0,0.0,2026-09-21,05:00:00
2026-09-21 06:00:00,39,1,39.0,39.0,1,40,40.0,40.0,0.0,0,0.0,2026-09-21,06:00:00
2026-09-21 07:00:00,42,16,42.0,42.0,16,58,58.0,58.0,0.0,0,0.0,2026-09-21,07:00:00
2026-09-21 08:00:00,44,15,44.0,44.0,15,59,59.0,59.0,0.0,0,0.0,2026-09-21,08:00:00
2026-09-21 09:00:00,43,17,43.0,43.0,17,60,60.0,60.0,0.0,0,0.0,2026-09-21,09:00:00
2026-09-21 10:00:00,51,20,51.0,51.0,20,71,71.0,71.0,0.0,0,0.0,2026-09-21,10:00:00
2026-09-21 11:00:00,73,25,73.0,73.0,25,98,98.0,98.0,0.0,0,0.0,2026-09-21,11:00:00
2026-09-21 12:00:00,102,31,102.0,102.0,31,133,133.0,133.0,0.0,0,0.0,2026-09-21,12:00:00
2026-09-21 13:00:00,64,64,64.0,64.0,64,128,128.0,128.0,0.0,0,0.0,2026-09-21,13:00:00
2026-09-21 14:00:00,47,86,47.0,47.0,85,133,132.0,132.0,0.0,-1,-1.0,2026-09-21,14:00:00
2026-09-21 15:00:00,19,64,19.0,19.0,64,83,83.0,83.0,0.0,0,0.0,2026-09-21,15:00:00
2026-09-21 16:00:00,14,69,14.0,14.0,69,83,83.0,83.0,0.0,0,0.0,2026-09-21,16:00:00
2026-09-21 17:00:00,7,62,7.0,7.0,62,69,69.0,69.0,0.0,0,0.0,2026-09-21,17:00:00
2026-09-21 18:00:00,7,28,7.0,7.0,28,35,35.0,35.0,0.0,0,0.0,2026-09-21,18:00:00
2026-09-21 19:00:00,1,41,1.0,1.0,40,42,41.0,41.0,0.0,-1,-1.0,2026-09-21,19:00:00
2026-09-21 20:00:00,2,65,2.0,2.0,65,67,67.0,67.0,0.0,0,0.0,2026-09-21,20:00:00
2026-09-21 21:00:00,0,29,0.0,0.0,29,29,29.0,29.0,0.0,0,0.0,2026-09-21,21:00:00
2026-09-21 22:00:00,0,36,0.0,0.0,36,36,36.0,36.0,0.0,0,0.0,2026-09-21,22:00:00
2026-09-21 23:00:00,0,38,0.0,0.0,37,38,37.0,37.0,0.0,-1,-1.0,2026-09-21,23:00:00
2026-09-22 00:00:00,0,30,0.0,0.0,29,30,29.0,29.0,0.0,-1,-1.0,2026-09-22,00:00:00
2026-09-22 01:00:00,1,68,1.0,1.0,67,69,68.0,68.0,0.0,-1,-1.0,2026-09-22,01:00:00
2026-09-22 02:00:00,9,82,9.0,9.0,82,91,91.0,91.0,0.0,0,0.0,2026-09-22,02:00:00
2026-09-22 03:00:00,54,43,54.0,54.0,43,97,97.0,97.0,0.0,0,0.0,2026-09-22,03:00:00
2026-09-22 04:00:00,90,4,90.0,90.0,4,94,94.0,94.0,0.0,0,0.0,2026-09-22,04:00:00
2026-09-22 05:00:00,67,4,67.0,67.0,4,71,71.0,71.0,0.0,0,0.0,2026-09-22,05:00:00
2026-09-22 06:00:00,44,2,44.0,44.0,2,46,46.0,46.0,0.0,0,0.0,2026-09-22,06:00:00
2026-09-22 07:00:00,42,13,42.0,42.0,13,55,55.0,55.0,0.0,0,0.0,2026-09-22,07:00:00
2026-09-22 08:00:00,42,14,42.0,42.0,14,56,56.0,56.0,0.0,0,0.0,2026-09-22,08:00:00
2026-09-22 09:00:00,28,8,28.0,28.0,8,36,36.0,36.0,0.0,0,0.0,2026-09-22,09:00:00
2026-09-22 10:00:00,41,17,41.0,41.0,17,58,58.0,58.0,0.0,0,0.0,2026-09-22,10:00:00
2026-09-22 11:00:00,71,16,71.0,71.0,16,87,87.0,87.0,0.0,0,0.0,2026-09-22,11:00:00
2026-09-22 12:00:00,74,15,74.0,74.0,15,89,89.0,89.0,0.0,0,0.0,2026-09-22,12:00:00
2026-09-22 13:00:00,52,18,52.0,52.0,18,70,70.0,70.0,0.0,0,0.0,2026-09-22,13:00:00
2026-09-22 14:00:00,20,61,20.0,20.0,61,81,81.0,81.0,0.0,0,0.0,2026-09-22,14:00:00
2026-09-22 15:00:00,14,92,14.0,14.0,91,106,105.0,105.0,0.0,-1,-1.0,2026-09-22,15:00:00
2026-09-22 16:00:00,10,49,10.0,10.0,49,59,59.0,59.0,0.0,0,0.0,2026-09-22,16:00:00
2026-09-22 17:00:00,10,49,10.0,10.0,48,59,58.0,58.0,0.0,-1,-1.0,2026-09-22,17:00:00
2026-09-22 18:00:00,6,42,6.0,6.0,42,48,48.0,48.0,0.0,0,0.0,2026-09-22,18:00:00
2026-09-22 19:00:00,2,37,2.0,2.0,36,39,38.0,38.0,0.0,-1,-1.0,2026-09-22,19:00:00
2026-09-22 20:00:00,1,17,1.0,1.0,17,18,18.0,18.0,0.0,0,0.0,2026-09-22,20:00:00
2026-09-22 21:00:00,1,20,1.0,1.0,20,21,21.0,21.0,0.0,0,0.0,2026-09-22,21:00:00
2026-09-22 22:00:00,1,25,1.0,1.0,25,26,26.0,26.0,0.0,0,0.0,2026-09-22,22:00:00
2026-09-22 23:00:00,0,37,0.0,0.0,37,37,37.0,37.0,0.0,0,0.0,2026-09-22,23:00:00
2026-09-23 00:00:00,0,27,0.0,0.0,26,27,26.0,26.0,0.0,-1,-1.0,2026-09-23,00:00:00
2026-09-23 01:00:00,1,49,1.0,1.0,48,50,49.0,49.0,0.0,-1,-1.0,2026-09-23,01:00:00
2026-09-23 02:00:00,15,62,15.0,15.0,62,77,77.0,77.0,0.0,0,0.0,2026-09-23,02:00:00
2026-09-23 03:00:00,91,34,91.0,91.0,34,125,125.0,125.0,0.0,0,0.0,2026-09-23,03:00:00
2026-09-23 04:00:00,119,0,119.0,119.0,0,119,119.0,119.0,0.0,0,0.0,2026-09-23,04:00:00
2026-09-23 05:00:00,52,1,52.0,52.0,1,53,53.0,53.0,0.0,0,0.0,2026-09-23,05:00:00
2026-09-23 06:00:00,42,2,42.0,42.0,2,44,44.0,44.0,0.0,0,0.0,2026-09-23,06:00:00
2026-09-23 07:00:00,42,12,42.0,42.0,12,54,54.0,54.0,0.0,0,0.0,2026-09-23,07:00:00
2026-09-23 08:00:00,47,14,47.0,47.0,14,61,61.0,61.0,0.0,0,0.0,2026-09-23,08:00:00
2026-09-23 09:00:00,50,14,50.0,50.0,14,64,64.0,64.0,0.0,0,0.0,2026-09-23,09:00:00
2026-09-23 10:00:00,70,21,70.0,70.0,21,91,91.0,91.0,0.0,0,0.0,2026-09-23,10:00:00
2026-09-23 11:00:00,105,14,105.0,105.0,13,119,118.0,118.0,0.0,-1,-1.0,2026-09-23,11:00:00
2026-09-23 12:00:00,75,23,75.0,75.0,23,98,98.0,98.0,0.0,0,0.0,2026-09-23,12:00:00
2026-09-23 13:00:00,49,72,49.0,49.0,71,121,120.0,120.0,0.0,-1,-1.0,2026-09-23,13:00:00
2026-09-23 14:00:00,26,41,26.0,26.0,41,67,67.0,67.0,0.0,0,0.0,2026-09-23,14:00:00
2026-09-23 15:00:00,20,73,20.0,20.0,73,93,93.0,93.0,0.0,0,0.0,2026-09-23,15:00:00
2026-09-23 16:00:00,15,31,15.0,15.0,31,46,46.0,46.0,0.0,0,0.0,2026-09-23,16:00:00
2026-09-23 17:00:00,8,50,8.0,8.0,50,58,58.0,58.0,0.0,0,0.0,2026-09-23,17:00:00
2026-09-23 18:00:00,12,27,12.0,12.0,26,39,38.0,38.0,0.0,-1,-1.0,2026-09-23,18:00:00
2026-09-23 19:00:00,8,29,8.0,8.0,29,37,37.0,37.0,0.0,0,0.0,2026-09-23,19:00:00
2026-09-23 20:00:00,2,29,2.0,2.0,29,31,31.0,31.0,0.0,0,0.0,2026-09-23,20:00:00
2026-09-23 21:00:00,1,19,1.0,1.0,19,20,20.0,20.0,0.0,0,0.0,2026-09-23,21:00:00
2026-09-23 22:00:00,0,17,0.0,0.0,16,17,16.0,16.0,0.0,-1,-1.0,2026-09-23,22:00:00
2026-09-23 23:00:00,0,46,0.0,0.0,45,46,45.0,45.0,0.0,-1,-1.0,2026-09-23,23:00:00
2026-09-24 00:00:00,1,39,1.374512353706112,1.3289448219948252,38,40,39.37451235370611,39.328944821994824,0.3289448219948252,-1,-0.6710551780051759,2026-09-24,00:00:00
2026-09-24 01:00:00,1,59,1.3381014304291288,1.2969640754119949,59,60,60.33810143042913,60.29696407541199,0.2969640754119949,0,0.2969640754119922,2026-09-24,01:00:00
2026-09-24 02:00:00,14,54,17.28738621586476,16.887404548621245,54,68,71.28738621586476,70.88740454862125,2.8874045486212445,0,2.887404548621248,2026-09-24,02:00:00
2026-09-24 03:00:00,94,12,92.67605633802816,92.80492545372778,12,106,104.67605633802816,104.80492545372778,-1.1950745462722239,0,-1.1950745462722239,2026-09-24,03:00:00
2026-09-24 04:00:00,164,1,161.69014084507043,161.91497632352505,1,165,162.69014084507043,162.91497632352505,-2.085023676474947,0,-2.085023676474947,2026-09-24,04:00:00
2026-09-24 05:00:00,97,0,95.63380281690142,95.7667847767191,0,97,95.63380281690142,95.7667847767191,-1.2332152232808937,0,-1.2332152232808937,2026-09-24,05:00:00
2026-09-24 06:00:00,56,1,56.0,56.0,1,57,57.0,57.0,0.0,0,0.0,2026-09-24,06:00:00
2026-09-24 07:00:00,50,9,50.0,50.0,9,59,59.0,59.0,0.0,0,0.0,2026-09-24,07:00:00
2026-09-24 08:00:00,70,12,70.0,70.0,12,82,82.0,82.0,0.0,0,0.0,2026-09-24,08:00:00
2026-09-24 09:00:00,46,7,46.0,46.0,7,53,53.0,53.0,0.0,0,0.0,2026-09-24,09:00:00
2026-09-24 10:00:00,48,28,48.0,48.0,28,76,76.0,76.0,0.0,0,0.0,2026-09-24,10:00:00
2026-09-24 11:00:00,78,18,78.0,78.0,18,96,96.0,96.0,0.0,0,0.0,2026-09-24,11:00:00
2026-09-24 12:00:00,77,22,77.0,77.0,22,99,99.0,99.0,0.0,0,0.0,2026-09-24,12:00:00
2026-09-24 13:00:00,74,32,74.0,74.0,32,106,106.0,106.0,0.0,0,0.0,2026-09-24,13:00:00
2026-09-24 14:00:00,46,59,46.0,46.0,58,105,104.0,104.0,0.0,-1,-1.0,2026-09-24,14:00:00
2026-09-24 15:00:00,19,30,19.0,19.0,29,49,48.0,48.0,0.0,-1,-1.0,2026-09-24,15:00:00
2026-09-24 16:00:00,19,44,19.0,19.0,43,63,62.0,62.0,0.0,-1,-1.0,2026-09-24,16:00:00
2026-09-24 17:00:00,19,24,19.0,19.0,24,43,43.0,43.0,0.0,0,0.0,2026-09-24,17:00:00
2026-09-24 18:00:00,13,22,13.0,13.0,21,35,34.0,34.0,0.0,-1,-1.0,2026-09-24,18:00:00
2026-09-24 19:00:00,7,27,7.0,7.0,27,34,34.0,34.0,0.0,0,0.0,2026-09-24,19:00:00
2026-09-24 20:00:00,3,32,3.0,3.0,32,35,35.0,35.0,0.0,0,0.0,2026-09-24,20:00:00
2026-09-24 21:00:00,1,20,1.0,1.0,20,21,21.0,21.0,0.0,0,0.0,2026-09-24,21:00:00
2026-09-24 22:00:00,1,15,1.0,1.0,15,16,16.0,16.0,0.0,0,0.0,2026-09-24,22:00:00
2026-09-24 23:00:00,0,27,0.0,0.0,26,27,26.0,26.0,0.0,-1,-1.0,2026-09-24,23:00:00
2026-09-25 00:00:00,0,33,1.1235370611183355,0.9868344659844756,33,33,34.123537061118334,33.98683446598447,0.9868344659844756,0,0.9868344659844723,2026-09-25,00:00:00
2026-09-25 01:00:00,1,27,2.0143042912873863,1.8908922262359846,27,28,29.014304291287388,28.890892226235984,0.8908922262359846,0,0.8908922262359837,2026-09-25,01:00:00
2026-09-25 02:00:00,10,52,19.862158647594278,18.66221364586373,52,62,71.86215864759427,70.66221364586373,8.66221364586373,0,8.66221364586373,2026-09-25,02:00:00
2026-09-25 03:00:00,105,37,100.68493150684931,101.10494866986619,37,142,137.6849315068493,138.1049486698662,-3.8950513301338106,0,-3.8950513301338106,2026-09-25,03:00:00
2026-09-25 04:00:00,182,4,174.5205479452055,175.24857769443474,4,186,178.5205479452055,179.24857769443474,-6.7514223055652565,0,-6.7514223055652565,2026-09-25,04:00:00
2026-09-25 05:00:00,78,0,74.79452054794521,75.10653329761489,0,78,74.79452054794521,75.10653329761489,-2.893466702385112,0,-2.893466702385112,2026-09-25,05:00:00
2026-09-25 06:00:00,67,4,67.0,67.0,4,71,71.0,71.0,0.0,0,0.0,2026-09-25,06:00:00
2026-09-25 07:00:00,52,6,53.713860465116284,53.4819540719996,6,58,59.713860465116284,59.4819540719996,1.4819540719996027,0,1.4819540719996027,2026-09-25,07:00:00
2026-09-25 08:00:00,42,15,48.12613953488372,47.297197533956016,15,57,63.12613953488372,62.297197533956016,5.297197533956016,0,5.297197533956016,2026-09-25,08:00:00
2026-09-25 09:00:00,37,10,68.36000000000001,64.11660642382246,10,47,78.36000000000001,74.11660642382246,27.11660642382246,0,27.11660642382246,2026-09-25,09:00:00
2026-09-25 10:00:00,66,8,57.89473684210526,58.7721302507134,8,74,65.89473684210526,66.7721302507134,-7.227869749286597,0,-7.227869749286597,2026-09-25,10:00:00
2026-09-25 11:00:00,138,12,121.05263157894736,122.88718143330983,12,150,133.05263157894734,134.88718143330982,-15.112818566690166,0,-15.11281856669018,2026-09-25,11:00:00
2026-09-25 12:00:00,130,22,114.03508771929823,115.76328685746579,21,152,135.03508771929825,136.7632868574658,-14.236713142534214,-1,-15.2367131425342,2026-09-25,12:00:00
2026-09-25 13:00:00,65,20,57.017543859649116,57.88164342873289,20,85,77.01754385964912,77.8816434287329,-7.118356571267107,0,-7.1183565712671,2026-09-25,13:00:00
2026-09-25 14:00:00,24,38,24.0,24.0,38,62,62.0,62.0,0.0,0,0.0,2026-09-25,14:00:00
2026-09-25 15:00:00,33,66,33.0,33.0,65,99,98.0,98.0,0.0,-1,-1.0,2026-09-25,15:00:00
2026-09-25 16:00:00,37,20,37.0,37.0,20,57,57.0,57.0,0.0,0,0.0,2026-09-25,16:00:00
2026-09-25 17:00:00,20,47,20.0,20.0,46,67,66.0,66.0,0.0,-1,-1.0,2026-09-25,17:00:00
2026-09-25 18:00:00,11,32,11.0,11.0,32,43,43.0,43.0,0.0,0,0.0,2026-09-25,18:00:00
2026-09-25 19:00:00,9,38,9.0,9.0,37,47,46.0,46.0,0.0,-1,-1.0,2026-09-25,19:00:00
2026-09-25 20:00:00,4,20,4.0,4.0,20,24,24.0,24.0,0.0,0,0.0,2026-09-25,20:00:00
2026-09-25 21:00:00,1,18,1.0,1.0,18,19,19.0,19.0,0.0,0,0.0,2026-09-25,21:00:00
2026-09-25 22:00:00,0,14,0.0,0.0,14,14,14.0,14.0,0.0,0,0.0,2026-09-25,22:00:00
2026-09-25 23:00:00,0,14,0.0,0.0,13,14,13.0,13.0,0.0,-1,-1.0,2026-09-25,23:00:00
2026-09-26 00:00:00,1,35,6.467880364109233,5.8025944011244475,34,36,40.467880364109234,39.802594401124445,4.8025944011244475,-1,3.802594401124445,2026-09-26,00:00:00
2026-09-26 01:00:00,1,57,5.936280884265279,5.3356755010151256,56,58,61.93628088426528,61.335675501015125,4.3356755010151256,-1,3.3356755010151247,2026-09-26,01:00:00
2026-09-26 02:00:00,11,47,58.99583875162549,53.156106409870155,47,58,105.99583875162548,100.15610640987015,42.156106409870155,0,42.15610640987015,2026-09-26,02:00:00
2026-09-26 03:00:00,112,13,92.67139479905437,94.55278925072082,13,125,105.67139479905437,107.55278925072082,-17.44721074927918,0,-17.44721074927918,2026-09-26,03:00:00
2026-09-26 04:00:00,211,8,174.58628841607566,178.13070117769726,8,219,182.58628841607566,186.13070117769726,-32.86929882230274,0,-32.86929882230274,2026-09-26,04:00:00
2026-09-26 05:00:00,100,0,82.74231678486998,84.42213325957216,0,100,82.74231678486998,84.42213325957216,-15.577866740427837,0,-15.577866740427837,2026-09-26,05:00:00
2026-09-26 06:00:00,70,3,70.0,70.0,3,73,73.0,73.0,0.0,0,0.0,2026-09-26,06:00:00
2026-09-26 07:00:00,51,7,53.72818604651163,53.35902893093814,7,58,60.72818604651163,60.35902893093814,2.3590289309381376,0,2.3590289309381376,2026-09-26,07:00:00
2026-09-26 08:00:00,52,11,61.75181395348837,60.432273625481,10,63,71.75181395348838,70.432273625481,8.432273625481002,-1,7.4322736254810025,2026-09-26,08:00:00
2026-09-26 09:00:00,59,7,108.92000000000002,102.16521022567656,7,66,115.92000000000002,109.16521022567656,43.16521022567656,0,43.16521022567656,2026-09-26,09:00:00
2026-09-26 10:00:00,117,11,95.67757009345794,97.9857196366701,10,128,105.67757009345794,107.9857196366701,-19.014280363329902,-1,-20.014280363329902,2026-09-26,10:00:00
2026-09-26 11:00:00,122,15,99.7663551401869,102.1731435527671,15,137,114.7663551401869,117.1731435527671,-19.8268564472329,0,-19.8268564472329,2026-09-26,11:00:00
2026-09-26 12:00:00,113,21,92.40654205607477,94.63578050379249,20,134,112.40654205607477,114.63578050379249,-18.36421949620751,-1,-19.36421949620751,2026-09-26,12:00:00
2026-09-26 13:00:00,76,37,62.14953271028037,63.6488435246746,37,113,99.14953271028037,100.64884352467459,-12.351156475325404,0,-12.35115647532541,2026-09-26,13:00:00
2026-09-26 14:00:00,44,61,44.0,44.0,60,105,104.0,104.0,0.0,-1,-1.0,2026-09-26,14:00:00
2026-09-26 15:00:00,39,66,39.0,39.0,65,105,104.0,104.0,0.0,-1,-1.0,2026-09-26,15:00:00
2026-09-26 16:00:00,26,36,26.0,26.0,35,62,61.0,61.0,0.0,-1,-1.0,2026-09-26,16:00:00
2026-09-26 17:00:00,11,47,11.0,11.0,46,58,57.0,57.0,0.0,-1,-1.0,2026-09-26,17:00:00
2026-09-26 18:00:00,6,37,6.0,6.0,36,43,42.0,42.0,0.0,-1,-1.0,2026-09-26,18:00:00
2026-09-26 19:00:00,2,31,2.0,2.0,31,33,33.0,33.0,0.0,0,0.0,2026-09-26,19:00:00
2026-09-26 20:00:00,2,31,2.0,2.0,30,33,32.0,32.0,0.0,-1,-1.0,2026-09-26,20:00:00
2026-09-26 21:00:00,1,12,1.0,1.0,12,13,13.0,13.0,0.0,0,0.0,2026-09-26,21:00:00
2026-09-26 22:00:00,0,15,0.0,0.0,15,15,15.0,15.0,0.0,0,0.0,2026-09-26,22:00:00
2026-09-26 23:00:00,0,19,0.0,0.0,19,19,19.0,19.0,0.0,0,0.0,2026-09-26,23:00:00
2026-09-27 00:00:00,0,25,1.4980494148244476,1.3157792879793009,25,25,26.498049414824447,26.3157792879793,1.3157792879793009,0,1.3157792879793,2026-09-27,00:00:00
2026-09-27 01:00:00,1,56,2.352405721716515,2.1878563016479795,56,57,58.352405721716515,58.18785630164798,1.1878563016479795,0,1.187856301647983,2026-09-27,01:00:00
2026-09-27 02:00:00,21,70,34.14954486345904,32.54961819448498,68,91,102.14954486345904,100.54961819448498,11.549618194484978,-2,9.549618194484978,2026-09-27,02:00:00
2026-09-27 03:00:00,122,73,115.40540540540542,116.04730550902245,72,195,187.40540540540542,188.04730550902246,-5.952694490977549,-1,-6.952694490977535,2026-09-27,03:00:00
2026-09-27 04:00:00,178,12,168.3783783783784,169.31492115250816,12,190,180.3783783783784,181.31492115250816,-8.685078847491837,0,-8.685078847491837,2026-09-27,04:00:00
2026-09-27 05:00:00,70,0,66.21621621621622,66.58451955435714,0,70,66.21621621621622,66.58451955435714,-3.4154804456428565,0,-3.4154804456428565,2026-09-27,05:00:00
2026-09-27 06:00:00,40,7,40.0,40.0,6,47,46.0,46.0,0.0,-1,-1.0,2026-09-27,06:00:00
2026-09-27 07:00:00,40,3,40.20986046511628,40.181463763918316,3,43,43.20986046511628,43.181463763918316,0.1814637639183161,0,0.1814637639183161,2026-09-27,07:00:00
2026-09-27 08:00:00,38,15,38.750139534883715,38.648636432729305,15,53,53.750139534883715,53.648636432729305,0.6486364327293046,0,0.6486364327293046,2026-09-27,08:00:00
2026-09-27 09:00:00,57,7,60.839999999999996,60.320400786590504,7,64,67.84,67.32040078659051,3.320400786590504,0,3.320400786590511,2026-09-27,09:00:00
2026-09-27 10:00:00,87,34,85.53370786516854,85.69243374847832,34,121,119.53370786516854,119.69243374847832,-1.3075662515216777,0,-1.3075662515216777,2026-09-27,10:00:00
2026-09-27 11:00:00,122,26,119.9438202247191,120.16640134844087,25,148,144.9438202247191,145.16640134844087,-1.8335986515591287,-1,-2.8335986515591287,2026-09-27,11:00:00
2026-09-27 12:00:00,98,33,96.34831460674158,96.52710927989513,32,131,128.34831460674158,128.52710927989511,-1.4728907201048713,-1,-2.4728907201048855,2026-09-27,12:00:00
2026-09-27 13:00:00,49,60,48.17415730337079,48.263554639947564,59,109,107.17415730337079,107.26355463994756,-0.7364453600524357,-1,-1.7364453600524428,2026-09-27,13:00:00
2026-09-27 14:00:00,41,71,41.0,41.0,70,112,111.0,111.0,0.0,-1,-1.0,2026-09-27,14:00:00
2026-09-27 15:00:00,31,40,31.0,31.0,39,71,70.0,70.0,0.0,-1,-1.0,2026-09-27,15:00:00
2026-09-27 16:00:00,11,36,11.0,11.0,36,47,47.0,47.0,0.0,0,0.0,2026-09-27,16:00:00
2026-09-27 17:00:00,9,43,9.0,9.0,42,52,51.0,51.0,0.0,-1,-1.0,2026-09-27,17:00:00
2026-09-27 18:00:00,11,33,11.0,11.0,33,44,44.0,44.0,0.0,0,0.0,2026-09-27,18:00:00
2026-09-27 19:00:00,7,26,7.0,7.0,25,33,32.0,32.0,0.0,-1,-1.0,2026-09-27,19:00:00
2026-09-27 20:00:00,1,45,1.0,1.0,44,46,45.0,45.0,0.0,-1,-1.0,2026-09-27,20:00:00
2026-09-27 21:00:00,0,31,0.0,0.0,31,31,31.0,31.0,0.0,0,0.0,2026-09-27,21:00:00
2026-09-27 22:00:00,2,23,2.0,2.0,23,25,25.0,25.0,0.0,0,0.0,2026-09-27,22:00:00
2026-09-27 23:00:00,0,26,0.0,0.0,26,26,26.0,26.0,0.0,0,0.0,2026-09-27,23:00:00
2026-09-28 00:00:00,1,63,1.0,1.0,63,64,64.0,64.0,0.0,0,0.0,2026-09-28,00:00:00
2026-09-28 01:00:00,1,93,1.0,1.0,93,94,94.0,94.0,0.0,0,0.0,2026-09-28,01:00:00
2026-09-28 02:00:00,17,66,17.0,17.0,66,83,83.0,83.0,0.0,0,0.0,2026-09-28,02:00:00
2026-09-28 03:00:00,76,17,76.0,76.0,17,93,93.0,93.0,0.0,0,0.0,2026-09-28,03:00:00
2026-09-28 04:00:00,125,0,125.0,125.0,0,125,125.0,125.0,0.0,0,0.0,2026-09-28,04:00:00
2026-09-28 05:00:00,66,0,66.0,66.0,0,66,66.0,66.0,0.0,0,0.0,2026-09-28,05:00:00
2026-09-28 06:00:00,40,1,40.0,40.0,1,41,41.0,41.0,0.0,0,0.0,2026-09-28,06:00:00
2026-09-28 07:00:00,43,16,43.0,43.0,16,59,59.0,59.0,0.0,0,0.0,2026-09-28,07:00:00
2026-09-28 08:00:00,45,16,45.0,45.0,16,61,61.0,61.0,0.0,0,0.0,2026-09-28,08:00:00
2026-09-28 09:00:00,44,17,44.0,44.0,17,61,61.0,61.0,0.0,0,0.0,2026-09-28,09:00:00
2026-09-28 10:00:00,53,20,53.0,53.0,20,73,73.0,73.0,0.0,0,0.0,2026-09-28,10:00:00
2026-09-28 11:00:00,75,26,75.0,75.0,26,101,101.0,101.0,0.0,0,0.0,2026-09-28,11:00:00
2026-09-28 12:00:00,105,32,105.0,105.0,32,137,137.0,137.0,0.0,0,0.0,2026-09-28,12:00:00
2026-09-28 13:00:00,66,66,66.0,66.0,65,132,131.0,131.0,0.0,-1,-1.0,2026-09-28,13:00:00
2026-09-28 14:00:00,48,87,48.0,48.0,87,135,135.0,135.0,0.0,0,0.0,2026-09-28,14:00:00
2026-09-28 15:00:00,19,66,19.0,19.0,65,85,84.0,84.0,0.0,-1,-1.0,2026-09-28,15:00:00
2026-09-28 16:00:00,14,71,14.0,14.0,70,85,84.0,84.0,0.0,-1,-1.0,2026-09-28,16:00:00
2026-09-28 17:00:00,7,63,7.0,7.0,63,70,70.0,70.0,0.0,0,0.0,2026-09-28,17:00:00
2026-09-28 18:00:00,7,29,7.0,7.0,28,36,35.0,35.0,0.0,-1,-1.0,2026-09-28,18:00:00
2026-09-28 19:00:00,1,42,1.0,1.0,41,43,42.0,42.0,0.0,-1,-1.0,2026-09-28,19:00:00
2026-09-28 20:00:00,2,66,2.0,2.0,66,68,68.0,68.0,0.0,0,0.0,2026-09-28,20:00:00
2026-09-28 21:00:00,0,30,0.0,0.0,30,30,30.0,30.0,0.0,0,0.0,2026-09-28,21:00:00
2026-09-28 22:00:00,0,37,0.0,0.0,37,37,37.0,37.0,0.0,0,0.0,2026-09-28,22:00:00
2026-09-28 23:00:00,0,38,0.0,0.0,38,38,38.0,38.0,0.0,0,0.0,2026-09-28,23:00:00
2026-09-29 00:00:00,0,30,0.0,0.0,30,30,30.0,30.0,0.0,0,0.0,2026-09-29,00:00:00
2026-09-29 01:00:00,1,69,1.0,1.0,69,70,70.0,70.0,0.0,0,0.0,2026-09-29,01:00:00
2026-09-29 02:00:00,9,84,9.0,9.0,83,93,92.0,92.0,0.0,-1,-1.0,2026-09-29,02:00:00
2026-09-29 03:00:00,55,44,55.0,55.0,44,99,99.0,99.0,0.0,0,0.0,2026-09-29,03:00:00
2026-09-29 04:00:00,91,4,91.0,91.0,4,95,95.0,95.0,0.0,0,0.0,2026-09-29,04:00:00
2026-09-29 05:00:00,67,4,67.0,67.0,4,71,71.0,71.0,0.0,0,0.0,2026-09-29,05:00:00
2026-09-29 06:00:00,45,2,45.0,45.0,2,47,47.0,47.0,0.0,0,0.0,2026-09-29,06:00:00
2026-09-29 07:00:00,42,14,42.0,42.0,13,56,55.0,55.0,0.0,-1,-1.0,2026-09-29,07:00:00
2026-09-29 08:00:00,42,14,42.0,42.0,14,56,56.0,56.0,0.0,0,0.0,2026-09-29,08:00:00
2026-09-29 09:00:00,28,8,28.0,28.0,8,36,36.0,36.0,0.0,0,0.0,2026-09-29,09:00:00
2026-09-29 10:00:00,42,17,42.0,42.0,17,59,59.0,59.0,0.0,0,0.0,2026-09-29,10:00:00
2026-09-29 11:00:00,72,16,72.0,72.0,16,88,88.0,88.0,0.0,0,0.0,2026-09-29,11:00:00
2026-09-29 12:00:00,75,15,75.0,75.0,15,90,90.0,90.0,0.0,0,0.0,2026-09-29,12:00:00
2026-09-29 13:00:00,52,19,52.0,52.0,19,71,71.0,71.0,0.0,0,0.0,2026-09-29,13:00:00
2026-09-29 14:00:00,20,62,20.0,20.0,62,82,82.0,82.0,0.0,0,0.0,2026-09-29,14:00:00
2026-09-29 15:00:00,15,94,15.0,15.0,93,109,108.0,108.0,0.0,-1,-1.0,2026-09-29,15:00:00
2026-09-29 16:00:00,10,50,10.0,10.0,49,60,59.0,59.0,0.0,-1,-1.0,2026-09-29,16:00:00
2026-09-29 17:00:00,10,49,10.0,10.0,49,59,59.0,59.0,0.0,0,0.0,2026-09-29,17:00:00
2026-09-29 18:00:00,6,43,6.0,6.0,43,49,49.0,49.0,0.0,0,0.0,2026-09-29,18:00:00
2026-09-29 19:00:00,2,37,2.0,2.0,37,39,39.0,39.0,0.0,0,0.0,2026-09-29,19:00:00
2026-09-29 20:00:00,1,17,1.0,1.0,17,18,18.0,18.0,0.0,0,0.0,2026-09-29,20:00:00
2026-09-29 21:00:00,1,20,1.0,1.0,20,21,21.0,21.0,0.0,0,0.0,2026-09-29,21:00:00
2026-09-29 22:00:00,1,26,1.0,1.0,25,27,26.0,26.0,0.0,-1,-1.0,2026-09-29,22:00:00
2026-09-29 23:00:00,0,38,0.0,0.0,38,38,38.0,38.0,0.0,0,0.0,2026-09-29,23:00:00
2026-09-30 00:00:00,0,27,0.0,0.0,27,27,27.0,27.0,0.0,0,0.0,2026-09-30,00:00:00
2026-09-30 01:00:00,1,50,1.0,1.0,49,51,50.0,50.0,0.0,-1,-1.0,2026-09-30,01:00:00
2026-09-30 02:00:00,15,63,15.0,15.0,63,78,78.0,78.0,0.0,0,0.0,2026-09-30,02:00:00
2026-09-30 03:00:00,90,35,90.0,90.0,35,125,125.0,125.0,0.0,0,0.0,2026-09-30,03:00:00
2026-09-30 04:00:00,117,0,117.0,117.0,0,117,117.0,117.0,0.0,0,0.0,2026-09-30,04:00:00
2026-09-30 05:00:00,51,1,51.0,51.0,1,52,52.0,52.0,0.0,0,0.0,2026-09-30,05:00:00
2026-09-30 06:00:00,41,2,41.0,41.0,2,43,43.0,43.0,0.0,0,0.0,2026-09-30,06:00:00
2026-09-30 07:00:00,41,12,41.0,41.0,12,53,53.0,53.0,0.0,0,0.0,2026-09-30,07:00:00
2026-09-30 08:00:00,47,14,47.0,47.0,14,61,61.0,61.0,0.0,0,0.0,2026-09-30,08:00:00
2026-09-30 09:00:00,50,14,50.0,50.0,14,64,64.0,64.0,0.0,0,0.0,2026-09-30,09:00:00
2026-09-30 10:00:00,69,22,69.0,69.0,22,91,91.0,91.0,0.0,0,0.0,2026-09-30,10:00:00
2026-09-30 11:00:00,104,14,104.0,104.0,14,118,118.0,118.0,0.0,0,0.0,2026-09-30,11:00:00
2026-09-30 12:00:00,74,24,74.0,74.0,23,98,97.0,97.0,0.0,-1,-1.0,2026-09-30,12:00:00
2026-09-30 13:00:00,48,73,48.0,48.0,73,121,121.0,121.0,0.0,0,0.0,2026-09-30,13:00:00
2026-09-30 14:00:00,26,42,26.0,26.0,41,68,67.0,67.0,0.0,-1,-1.0,2026-09-30,14:00:00
2026-09-30 15:00:00,20,75,20.0,20.0,74,95,94.0,94.0,0.0,-1,-1.0,2026-09-30,15:00:00
2026-09-30 16:00:00,15,31,15.0,15.0,31,46,46.0,46.0,0.0,0,0.0,2026-09-30,16:00:00
2026-09-30 17:00:00,8,51,8.0,8.0,51,59,59.0,59.0,0.0,0,0.0,2026-09-30,17:00:00
2026-09-30 18:00:00,12,27,12.0,12.0,27,39,39.0,39.0,0.0,0,0.0,2026-09-30,18:00:00
2026-09-30 19:00:00,8,30,8.0,8.0,29,38,37.0,37.0,0.0,-1,-1.0,2026-09-30,19:00:00
2026-09-30 20:00:00,2,30,2.0,2.0,29,32,31.0,31.0,0.0,-1,-1.0,2026-09-30,20:00:00
2026-09-30 21:00:00,1,20,1.0,1.0,20,21,21.0,21.0,0.0,0,0.0,2026-09-30,21:00:00
2026-09-30 22:00:00,0,17,0.0,0.0,17,17,17.0,17.0,0.0,0,0.0,2026-09-30,22:00:00
2026-09-30 23:00:00,0,47,0.0,0.0,46,47,46.0,46.0,0.0,-1,-1.0,2026-09-30,23:00:00
2026-10-01 00:00:00,0,31,0.0,0.0,30,31,30.0,30.0,0.0,-1,-1.0,2026-10-01,00:00:00
2026-10-01 01:00:00,0,47,0.0,0.0,46,47,46.0,46.0,0.0,-1,-1.0,2026-10-01,01:00:00
2026-10-01 02:00:00,11,43,11.0,11.0,42,54,53.0,53.0,0.0,-1,-1.0,2026-10-01,02:00:00
2026-10-01 03:00:00,71,10,71.0,71.0,10,81,81.0,81.0,0.0,0,0.0,2026-10-01,03:00:00
2026-10-01 04:00:00,123,1,123.0,123.0,1,124,124.0,124.0,0.0,0,0.0,2026-10-01,04:00:00
2026-10-01 05:00:00,73,0,73.0,73.0,0,73,73.0,73.0,0.0,0,0.0,2026-10-01,05:00:00
2026-10-01 06:00:00,42,1,42.0,42.0,1,43,43.0,43.0,0.0,0,0.0,2026-10-01,06:00:00
2026-10-01 07:00:00,37,7,37.0,37.0,7,44,44.0,44.0,0.0,0,0.0,2026-10-01,07:00:00
2026-10-01 08:00:00,52,9,52.0,52.0,9,61,61.0,61.0,0.0,0,0.0,2026-10-01,08:00:00
2026-10-01 09:00:00,34,6,34.0,34.0,6,40,40.0,40.0,0.0,0,0.0,2026-10-01,09:00:00
2026-10-01 10:00:00,36,22,36.0,36.0,22,58,58.0,58.0,0.0,0,0.0,2026-10-01,10:00:00
2026-10-01 11:00:00,58,15,58.0,58.0,14,73,72.0,72.0,0.0,-1,-1.0,2026-10-01,11:00:00
2026-10-01 12:00:00,58,18,58.0,58.0,17,76,75.0,75.0,0.0,-1,-1.0,2026-10-01,12:00:00
2026-10-01 13:00:00,56,25,56.0,56.0,25,81,81.0,81.0,0.0,0,0.0,2026-10-01,13:00:00
2026-10-01 14:00:00,34,46,34.0,34.0,46,80,80.0,80.0,0.0,0,0.0,2026-10-01,14:00:00
2026-10-01 15:00:00,15,23,15.0,15.0,23,38,38.0,38.0,0.0,0,0.0,2026-10-01,15:00:00
2026-10-01 16:00:00,14,35,14.0,14.0,34,49,48.0,48.0,0.0,-1,-1.0,2026-10-01,16:00:00
2026-10-01 17:00:00,15,19,15.0,15.0,19,34,34.0,34.0,0.0,0,0.0,2026-10-01,17:00:00
2026-10-01 18:00:00,10,17,10.0,10.0,17,27,27.0,27.0,0.0,0,0.0,2026-10-01,18:00:00
2026-10-01 19:00:00,6,21,6.0,6.0,21,27,27.0,27.0,0.0,0,0.0,2026-10-01,19:00:00
2026-10-01 20:00:00,2,25,2.0,2.0,25,27,27.0,27.0,0.0,0,0.0,2026-10-01,20:00:00
2026-10-01 21:00:00,0,16,0.0,0.0,16,16,16.0,16.0,0.0,0,0.0,2026-10-01,21:00:00
2026-10-01 22:00:00,0,12,0.0,0.0,12,12,12.0,12.0,0.0,0,0.0,2026-10-01,22:00:00
2026-10-01 23:00:00,0,21,0.0,0.0,21,21,21.0,21.0,0.0,0,0.0,2026-10-01,23:00:00
2026-10-02 00:00:00,0,26,0.0,0.0,26,26,26.0,26.0,0.0,0,0.0,2026-10-02,00:00:00
2026-10-02 01:00:00,1,21,1.0,1.0,21,22,22.0,22.0,0.0,0,0.0,2026-10-02,01:00:00
2026-10-02 02:00:00,8,41,8.0,8.0,41,49,49.0,49.0,0.0,0,0.0,2026-10-02,02:00:00
2026-10-02 03:00:00,80,29,80.0,80.0,29,109,109.0,109.0,0.0,0,0.0,2026-10-02,03:00:00
2026-10-02 04:00:00,140,3,140.0,140.0,3,143,143.0,143.0,0.0,0,0.0,2026-10-02,04:00:00
2026-10-02 05:00:00,60,0,60.0,60.0,0,60,60.0,60.0,0.0,0,0.0,2026-10-02,05:00:00
2026-10-02 06:00:00,51,3,51.0,51.0,3,54,54.0,54.0,0.0,0,0.0,2026-10-02,06:00:00
2026-10-02 07:00:00,40,5,40.0,40.0,5,45,45.0,45.0,0.0,0,0.0,2026-10-02,07:00:00
2026-10-02 08:00:00,32,12,32.0,32.0,12,44,44.0,44.0,0.0,0,0.0,2026-10-02,08:00:00
2026-10-02 09:00:00,28,8,28.0,28.0,8,36,36.0,36.0,0.0,0,0.0,2026-10-02,09:00:00
2026-10-02 10:00:00,50,6,50.0,50.0,6,56,56.0,56.0,0.0,0,0.0,2026-10-02,10:00:00
2026-10-02 11:00:00,106,9,106.0,106.0,9,115,115.0,115.0,0.0,0,0.0,2026-10-02,11:00:00
2026-10-02 12:00:00,99,17,99.0,99.0,17,116,116.0,116.0,0.0,0,0.0,2026-10-02,12:00:00
2026-10-02 13:00:00,50,16,50.0,50.0,15,66,65.0,65.0,0.0,-1,-1.0,2026-10-02,13:00:00
2026-10-02 14:00:00,18,30,18.0,18.0,30,48,48.0,48.0,0.0,0,0.0,2026-10-02,14:00:00
2026-10-02 15:00:00,25,52,25.0,25.0,51,77,76.0,76.0,0.0,-1,-1.0,2026-10-02,15:00:00
2026-10-02 16:00:00,28,15,28.0,28.0,15,43,43.0,43.0,0.0,0,0.0,2026-10-02,16:00:00
2026-10-02 17:00:00,15,37,15.0,15.0,36,52,51.0,51.0,0.0,-1,-1.0,2026-10-02,17:00:00
2026-10-02 18:00:00,9,25,9.0,9.0,25,34,34.0,34.0,0.0,0,0.0,2026-10-02,18:00:00
2026-10-02 19:00:00,7,30,7.0,7.0,29,37,36.0,36.0,0.0,-1,-1.0,2026-10-02,19:00:00
2026-10-02 20:00:00,3,16,3.0,3.0,15,19,18.0,18.0,0.0,-1,-1.0,2026-10-02,20:00:00
2026-10-02 21:00:00,1,14,1.0,1.0,14,15,15.0,15.0,0.0,0,0.0,2026-10-02,21:00:00
2026-10-02 22:00:00,0,11,0.0,0.0,11,11,11.0,11.0,0.0,0,0.0,2026-10-02,22:00:00
2026-10-02 23:00:00,0,11,0.0,0.0,11,11,11.0,11.0,0.0,0,0.0,2026-10-02,23:00:00
2026-10-03 00:00:00,1,27,1.0,1.0,27,28,28.0,28.0,0.0,0,0.0,2026-10-03,00:00:00
2026-10-03 01:00:00,1,45,1.0,1.0,44,46,45.0,45.0,0.0,-1,-1.0,2026-10-03,01:00:00
2026-10-03 02:00:00,9,37,9.0,9.0,36,46,45.0,45.0,0.0,-1,-1.0,2026-10-03,02:00:00
2026-10-03 03:00:00,90,10,90.0,90.0,10,100,100.0,100.0,0.0,0,0.0,2026-10-03,03:00:00
2026-10-03 04:00:00,171,6,171.0,171.0,6,177,177.0,177.0,0.0,0,0.0,2026-10-03,04:00:00
2026-10-03 05:00:00,81,0,81.0,81.0,0,81,81.0,81.0,0.0,0,0.0,2026-10-03,05:00:00
2026-10-03 06:00:00,57,3,57.0,57.0,3,60,60.0,60.0,0.0,0,0.0,2026-10-03,06:00:00
2026-10-03 07:00:00,42,6,42.0,42.0,6,48,48.0,48.0,0.0,0,0.0,2026-10-03,07:00:00
2026-10-03 08:00:00,42,8,42.0,42.0,8,50,50.0,50.0,0.0,0,0.0,2026-10-03,08:00:00
2026-10-03 09:00:00,48,6,48.0,48.0,5,54,53.0,53.0,0.0,-1,-1.0,2026-10-03,09:00:00
2026-10-03 10:00:00,95,8,95.0,95.0,8,103,103.0,103.0,0.0,0,0.0,2026-10-03,10:00:00
2026-10-03 11:00:00,98,12,98.0,98.0,11,110,109.0,109.0,0.0,-1,-1.0,2026-10-03,11:00:00
2026-10-03 12:00:00,91,16,91.0,91.0,16,107,107.0,107.0,0.0,0,0.0,2026-10-03,12:00:00
2026-10-03 13:00:00,61,29,61.0,61.0,29,90,90.0,90.0,0.0,0,0.0,2026-10-03,13:00:00
2026-10-03 14:00:00,35,48,35.0,35.0,47,83,82.0,82.0,0.0,-1,-1.0,2026-10-03,14:00:00
2026-10-03 15:00:00,32,52,32.0,32.0,51,84,83.0,83.0,0.0,-1,-1.0,2026-10-03,15:00:00
2026-10-03 16:00:00,21,28,21.0,21.0,27,49,48.0,48.0,0.0,-1,-1.0,2026-10-03,16:00:00
2026-10-03 17:00:00,9,37,9.0,9.0,36,46,45.0,45.0,0.0,-1,-1.0,2026-10-03,17:00:00
2026-10-03 18:00:00,5,29,5.0,5.0,28,34,33.0,33.0,0.0,-1,-1.0,2026-10-03,18:00:00
2026-10-03 19:00:00,2,25,2.0,2.0,24,27,26.0,26.0,0.0,-1,-1.0,2026-10-03,19:00:00
2026-10-03 20:00:00,1,24,1.0,1.0,24,25,25.0,25.0,0.0,0,0.0,2026-10-03,20:00:00
2026-10-03 21:00:00,1,9,1.0,1.0,9,10,10.0,10.0,0.0,0,0.0,2026-10-03,21:00:00
2026-10-03 22:00:00,0,12,0.0,0.0,11,12,11.0,11.0,0.0,-1,-1.0,2026-10-03,22:00:00
2026-10-03 23:00:00,0,15,0.0,0.0,15,15,15.0,15.0,0.0,0,0.0,2026-10-03,23:00:00
2026-10-04 00:00:00,0,19,0.0,0.0,19,19,19.0,19.0,0.0,0,0.0,2026-10-04,00:00:00
2026-10-04 01:00:00,1,43,1.0,1.0,42,44,43.0,43.0,0.0,-1,-1.0,2026-10-04,01:00:00
2026-10-04 02:00:00,18,53,18.0,18.0,52,71,70.0,70.0,0.0,-1,-1.0,2026-10-04,02:00:00
2026-10-04 03:00:00,101,56,101.0,101.0,55,157,156.0,156.0,0.0,-1,-1.0,2026-10-04,03:00:00
2026-10-04 04:00:00,147,10,147.0,147.0,9,157,156.0,156.0,0.0,-1,-1.0,2026-10-04,04:00:00
2026-10-04 05:00:00,58,0,58.0,58.0,0,58,58.0,58.0,0.0,0,0.0,2026-10-04,05:00:00
2026-10-04 06:00:00,33,5,33.0,33.0,5,38,38.0,38.0,0.0,0,0.0,2026-10-04,06:00:00
2026-10-04 07:00:00,33,3,33.0,33.0,2,36,35.0,35.0,0.0,-1,-1.0,2026-10-04,07:00:00
2026-10-04 08:00:00,31,12,31.0,31.0,11,43,42.0,42.0,0.0,-1,-1.0,2026-10-04,08:00:00
2026-10-04 09:00:00,47,6,47.0,47.0,5,53,52.0,52.0,0.0,-1,-1.0,2026-10-04,09:00:00
2026-10-04 10:00:00,72,26,72.0,72.0,26,98,98.0,98.0,0.0,0,0.0,2026-10-04,10:00:00
2026-10-04 11:00:00,100,19,100.0,100.0,19,119,119.0,119.0,0.0,0,0.0,2026-10-04,11:00:00
2026-10-04 12:00:00,81,25,81.0,81.0,25,106,106.0,106.0,0.0,0,0.0,2026-10-04,12:00:00
2026-10-04 13:00:00,41,45,41.0,41.0,45,86,86.0,86.0,0.0,0,0.0,2026-10-04,13:00:00
2026-10-04 14:00:00,34,54,34.0,34.0,53,88,87.0,87.0,0.0,-1,-1.0,2026-10-04,14:00:00
2026-10-04 15:00:00,25,30,25.0,25.0,30,55,55.0,55.0,0.0,0,0.0,2026-10-04,15:00:00
2026-10-04 16:00:00,9,27,9.0,9.0,27,36,36.0,36.0,0.0,0,0.0,2026-10-04,16:00:00
2026-10-04 17:00:00,7,32,7.0,7.0,32,39,39.0,39.0,0.0,0,0.0,2026-10-04,17:00:00
2026-10-04 18:00:00,9,25,9.0,9.0,25,34,34.0,34.0,0.0,0,0.0,2026-10-04,18:00:00
2026-10-04 19:00:00,6,20,6.0,6.0,19,26,25.0,25.0,0.0,-1,-1.0,2026-10-04,19:00:00
2026-10-04 20:00:00,1,34,1.0,1.0,33,35,34.0,34.0,0.0,-1,-1.0,2026-10-04,20:00:00
2026-10-04 21:00:00,0,24,0.0,0.0,24,24,24.0,24.0,0.0,0,0.0,2026-10-04,21:00:00
2026-10-04 22:00:00,2,18,2.0,2.0,17,20,19.0,19.0,0.0,-1,-1.0,2026-10-04,22:00:00
2026-10-04 23:00:00,0,20,0.0,0.0,20,20,20.0,20.0,0.0,0,0.0,2026-10-04,23:00:00
2026-10-05 00:00:00,0,46,0.0,0.0,46,46,46.0,46.0,0.0,0,0.0,2026-10-05,00:00:00
2026-10-05 01:00:00,1,68,1.0,1.0,68,69,69.0,69.0,0.0,0,0.0,2026-10-05,01:00:00
2026-10-05 02:00:00,14,49,14.0,14.0,48,63,62.0,62.0,0.0,-1,-1.0,2026-10-05,02:00:00
2026-10-05 03:00:00,62,13,62.0,62.0,13,75,75.0,75.0,0.0,0,0.0,2026-10-05,03:00:00
2026-10-05 04:00:00,103,0,103.0,103.0,0,103,103.0,103.0,0.0,0,0.0,2026-10-05,04:00:00
2026-10-05 05:00:00,54,0,54.0,54.0,0,54,54.0,54.0,0.0,0,0.0,2026-10-05,05:00:00
2026-10-05 06:00:00,32,0,32.0,32.0,0,32,32.0,32.0,0.0,0,0.0,2026-10-05,06:00:00
2026-10-05 07:00:00,35,12,35.0,35.0,12,47,47.0,47.0,0.0,0,0.0,2026-10-05,07:00:00
2026-10-05 08:00:00,37,11,37.0,37.0,11,48,48.0,48.0,0.0,0,0.0,2026-10-05,08:00:00
2026-10-05 09:00:00,36,13,36.0,36.0,13,49,49.0,49.0,0.0,0,0.0,2026-10-05,09:00:00
2026-10-05 10:00:00,43,15,43.0,43.0,15,58,58.0,58.0,0.0,0,0.0,2026-10-05,10:00:00
2026-10-05 11:00:00,61,19,61.0,61.0,19,80,80.0,80.0,0.0,0,0.0,2026-10-05,11:00:00
2026-10-05 12:00:00,86,24,86.0,86.0,23,110,109.0,109.0,0.0,-1,-1.0,2026-10-05,12:00:00
2026-10-05 13:00:00,54,48,54.0,54.0,48,102,102.0,102.0,0.0,0,0.0,2026-10-05,13:00:00
2026-10-05 14:00:00,39,64,39.0,39.0,64,103,103.0,103.0,0.0,0,0.0,2026-10-05,14:00:00
2026-10-05 15:00:00,16,48,16.0,16.0,48,64,64.0,64.0,0.0,0,0.0,2026-10-05,15:00:00
2026-10-05 16:00:00,12,52,12.0,12.0,51,64,63.0,63.0,0.0,-1,-1.0,2026-10-05,16:00:00
2026-10-05 17:00:00,6,46,6.0,6.0,46,52,52.0,52.0,0.0,0,0.0,2026-10-05,17:00:00
2026-10-05 18:00:00,6,21,6.0,6.0,21,27,27.0,27.0,0.0,0,0.0,2026-10-05,18:00:00
2026-10-05 19:00:00,1,30,1.0,1.0,30,31,31.0,31.0,0.0,0,0.0,2026-10-05,19:00:00
2026-10-05 20:00:00,2,49,2.0,2.0,48,51,50.0,50.0,0.0,-1,-1.0,2026-10-05,20:00:00
2026-10-05 21:00:00,0,22,0.0,0.0,22,22,22.0,22.0,0.0,0,0.0,2026-10-05,21:00:00
2026-10-05 22:00:00,0,27,0.0,0.0,27,27,27.0,27.0,0.0,0,0.0,2026-10-05,22:00:00
2026-10-05 23:00:00,0,28,0.0,0.0,28,28,28.0,28.0,0.0,0,0.0,2026-10-05,23:00:00
2026-10-06 00:00:00,0,22,0.0,0.0,21,22,21.0,21.0,0.0,-1,-1.0,2026-10-06,00:00:00
2026-10-06 01:00:00,0,50,0.0,0.0,50,50,50.0,50.0,0.0,0,0.0,2026-10-06,01:00:00
2026-10-06 02:00:00,8,61,8.0,8.0,60,69,68.0,68.0,0.0,-1,-1.0,2026-10-06,02:00:00
2026-10-06 03:00:00,45,32,45.0,45.0,32,77,77.0,77.0,0.0,0,0.0,2026-10-06,03:00:00
2026-10-06 04:00:00,74,3,74.0,74.0,3,77,77.0,77.0,0.0,0,0.0,2026-10-06,04:00:00
2026-10-06 05:00:00,55,3,55.0,55.0,3,58,58.0,58.0,0.0,0,0.0,2026-10-06,05:00:00
2026-10-06 06:00:00,36,1,36.0,36.0,1,37,37.0,37.0,0.0,0,0.0,2026-10-06,06:00:00
2026-10-06 07:00:00,35,10,35.0,35.0,10,45,45.0,45.0,0.0,0,0.0,2026-10-06,07:00:00
2026-10-06 08:00:00,35,10,35.0,35.0,10,45,45.0,45.0,0.0,0,0.0,2026-10-06,08:00:00
2026-10-06 09:00:00,23,6,23.0,23.0,6,29,29.0,29.0,0.0,0,0.0,2026-10-06,09:00:00
2026-10-06 10:00:00,34,12,34.0,34.0,12,46,46.0,46.0,0.0,0,0.0,2026-10-06,10:00:00
2026-10-06 11:00:00,59,12,59.0,59.0,12,71,71.0,71.0,0.0,0,0.0,2026-10-06,11:00:00
2026-10-06 12:00:00,61,11,61.0,61.0,11,72,72.0,72.0,0.0,0,0.0,2026-10-06,12:00:00
2026-10-06 13:00:00,43,13,43.0,43.0,13,56,56.0,56.0,0.0,0,0.0,2026-10-06,13:00:00
2026-10-06 14:00:00,17,45,17.0,17.0,45,62,62.0,62.0,0.0,0,0.0,2026-10-06,14:00:00
2026-10-06 15:00:00,12,67,12.0,12.0,67,79,79.0,79.0,0.0,0,0.0,2026-10-06,15:00:00
2026-10-06 16:00:00,8,36,8.0,8.0,36,44,44.0,44.0,0.0,0,0.0,2026-10-06,16:00:00
2026-10-06 17:00:00,8,36,8.0,8.0,35,44,43.0,43.0,0.0,-1,-1.0,2026-10-06,17:00:00
2026-10-06 18:00:00,5,31,5.0,5.0,31,36,36.0,36.0,0.0,0,0.0,2026-10-06,18:00:00
2026-10-06 19:00:00,2,27,2.0,2.0,27,29,29.0,29.0,0.0,0,0.0,2026-10-06,19:00:00
2026-10-06 20:00:00,0,12,0.0,0.0,12,12,12.0,12.0,0.0,0,0.0,2026-10-06,20:00:00
2026-10-06 21:00:00,0,15,0.0,0.0,15,15,15.0,15.0,0.0,0,0.0,2026-10-06,21:00:00
2026-10-06 22:00:00,0,18,0.0,0.0,18,18,18.0,18.0,0.0,0,0.0,2026-10-06,22:00:00
2026-10-06 23:00:00,0,27,0.0,0.0,27,27,27.0,27.0,0.0,0,0.0,2026-10-06,23:00:00
2026-10-07 00:00:00,0,20,0.0,0.0,20,20,20.0,20.0,0.0,0,0.0,2026-10-07,00:00:00
2026-10-07 01:00:00,1,37,1.0,1.0,37,38,38.0,38.0,0.0,0,0.0,2026-10-07,01:00:00
2026-10-07 02:00:00,13,47,13.0,13.0,47,60,60.0,60.0,0.0,0,0.0,2026-10-07,02:00:00
2026-10-07 03:00:00,77,26,77.0,77.0,26,103,103.0,103.0,0.0,0,0.0,2026-10-07,03:00:00
2026-10-07 04:00:00,100,0,100.0,100.0,0,100,100.0,100.0,0.0,0,0.0,2026-10-07,04:00:00
2026-10-07 05:00:00,43,0,43.0,43.0,0,43,43.0,43.0,0.0,0,0.0,2026-10-07,05:00:00
2026-10-07 06:00:00,35,1,35.0,35.0,1,36,36.0,36.0,0.0,0,0.0,2026-10-07,06:00:00
2026-10-07 07:00:00,35,9,35.0,35.0,9,44,44.0,44.0,0.0,0,0.0,2026-10-07,07:00:00
2026-10-07 08:00:00,40,11,40.0,40.0,11,51,51.0,51.0,0.0,0,0.0,2026-10-07,08:00:00
2026-10-07 09:00:00,42,11,42.0,42.0,11,53,53.0,53.0,0.0,0,0.0,2026-10-07,09:00:00
2026-10-07 10:00:00,59,16,59.0,59.0,16,75,75.0,75.0,0.0,0,0.0,2026-10-07,10:00:00
2026-10-07 11:00:00,89,10,89.0,89.0,10,99,99.0,99.0,0.0,0,0.0,2026-10-07,11:00:00
2026-10-07 12:00:00,63,17,63.0,63.0,17,80,80.0,80.0,0.0,0,0.0,2026-10-07,12:00:00
2026-10-07 13:00:00,41,54,41.0,41.0,54,95,95.0,95.0,0.0,0,0.0,2026-10-07,13:00:00
2026-10-07 14:00:00,22,31,22.0,22.0,31,53,53.0,53.0,0.0,0,0.0,2026-10-07,14:00:00
2026-10-07 15:00:00,17,56,17.0,17.0,55,73,72.0,72.0,0.0,-1,-1.0,2026-10-07,15:00:00
2026-10-07 16:00:00,13,23,13.0,13.0,23,36,36.0,36.0,0.0,0,0.0,2026-10-07,16:00:00
2026-10-07 17:00:00,7,38,7.0,7.0,38,45,45.0,45.0,0.0,0,0.0,2026-10-07,17:00:00
2026-10-07 18:00:00,10,20,10.0,10.0,20,30,30.0,30.0,0.0,0,0.0,2026-10-07,18:00:00
2026-10-07 19:00:00,7,22,7.0,7.0,22,29,29.0,29.0,0.0,0,0.0,2026-10-07,19:00:00
2026-10-07 20:00:00,2,22,2.0,2.0,22,24,24.0,24.0,0.0,0,0.0,2026-10-07,20:00:00
2026-10-07 21:00:00,1,15,1.0,1.0,15,16,16.0,16.0,0.0,0,0.0,2026-10-07,21:00:00
2026-10-07 22:00:00,0,13,0.0,0.0,12,13,12.0,12.0,0.0,-1,-1.0,2026-10-07,22:00:00
2026-10-07 23:00:00,0,35,0.0,0.0,34,35,34.0,34.0,0.0,-1,-1.0,2026-10-07,23:00:00
