Forecast DateTime,Pax,Staff,Total,Date,Hour,Rolling Hour Pax,Rolling Hour Staff,Rolling Hour Total
2026-05-13 03:00:00,51,71,122,2026-05-13,3,51.0,71.0,122.0
2026-05-13 03:15:00,102,27,129,2026-05-13,3,153.0,98.0,251.0
2026-05-13 03:30:00,245,28,273,2026-05-13,3,398.0,126.0,524.0
2026-05-13 03:45:00,353,29,382,2026-05-13,3,751.0,155.0,906.0
2026-05-13 04:00:00,460,31,491,2026-05-13,4,1160.0,115.0,1275.0
2026-05-13 04:15:00,502,39,541,2026-05-13,4,1560.0,127.0,1687.0
2026-05-13 04:30:00,560,48,608,2026-05-13,4,1875.0,147.0,2022.0
2026-05-13 04:45:00,545,50,595,2026-05-13,4,2067.0,168.0,2235.0
2026-05-13 05:00:00,511,43,554,2026-05-13,5,2118.0,180.0,2298.0
2026-05-13 05:15:00,502,41,543,2026-05-13,5,2118.0,182.0,2300.0
2026-05-13 05:30:00,444,30,474,2026-05-13,5,2002.0,164.0,2166.0
2026-05-13 05:45:00,422,41,463,2026-05-13,5,1879.0,155.0,2034.0
2026-05-13 06:00:00,392,49,441,2026-05-13,6,1760.0,161.0,1921.0
2026-05-13 06:15:00,337,43,380,2026-05-13,6,1595.0,163.0,1758.0
2026-05-13 06:30:00,359,34,393,2026-05-13,6,1510.0,167.0,1677.0
2026-05-13 06:45:00,444,29,473,2026-05-13,6,1532.0,155.0,1687.0
2026-05-13 07:00:00,472,27,499,2026-05-13,7,1612.0,133.0,1745.0
2026-05-13 07:15:00,481,19,500,2026-05-13,7,1756.0,109.0,1865.0
2026-05-13 07:30:00,446,21,467,2026-05-13,7,1843.0,96.0,1939.0
2026-05-13 07:45:00,405,34,439,2026-05-13,7,1804.0,101.0,1905.0
2026-05-13 08:00:00,344,46,390,2026-05-13,8,1676.0,120.0,1796.0
2026-05-13 08:15:00,349,23,372,2026-05-13,8,1544.0,124.0,1668.0
2026-05-13 08:30:00,406,41,447,2026-05-13,8,1504.0,144.0,1648.0
2026-05-13 08:45:00,435,44,479,2026-05-13,8,1534.0,154.0,1688.0
2026-05-13 09:00:00,455,54,509,2026-05-13,9,1645.0,162.0,1807.0
2026-05-13 09:15:00,405,46,451,2026-05-13,9,1701.0,185.0,1886.0
2026-05-13 09:30:00,362,50,412,2026-05-13,9,1657.0,194.0,1851.0
2026-05-13 09:45:00,312,77,389,2026-05-13,9,1534.0,227.0,1761.0
2026-05-13 10:00:00,297,55,352,2026-05-13,10,1376.0,228.0,1604.0
2026-05-13 10:15:00,280,37,317,2026-05-13,10,1251.0,219.0,1470.0
2026-05-13 10:30:00,314,34,348,2026-05-13,10,1203.0,203.0,1406.0
2026-05-13 10:45:00,399,30,429,2026-05-13,10,1290.0,156.0,1446.0
2026-05-13 11:00:00,415,44,459,2026-05-13,11,1408.0,145.0,1553.0
2026-05-13 11:15:00,463,39,502,2026-05-13,11,1591.0,147.0,1738.0
2026-05-13 11:30:00,466,34,500,2026-05-13,11,1743.0,147.0,1890.0
2026-05-13 11:45:00,476,37,513,2026-05-13,11,1820.0,154.0,1974.0
2026-05-13 12:00:00,498,41,539,2026-05-13,12,1903.0,151.0,2054.0
2026-05-13 12:15:00,424,52,476,2026-05-13,12,1864.0,164.0,2028.0
2026-05-13 12:30:00,422,53,475,2026-05-13,12,1820.0,183.0,2003.0
2026-05-13 12:45:00,443,55,498,2026-05-13,12,1787.0,201.0,1988.0
2026-05-13 13:00:00,419,42,461,2026-05-13,13,1708.0,202.0,1910.0
2026-05-13 13:15:00,379,40,419,2026-05-13,13,1663.0,190.0,1853.0
2026-05-13 13:30:00,323,37,360,2026-05-13,13,1564.0,174.0,1738.0
2026-05-13 13:45:00,310,23,333,2026-05-13,13,1431.0,142.0,1573.0
2026-05-13 14:00:00,249,50,299,2026-05-13,14,1261.0,150.0,1411.0
2026-05-13 14:15:00,269,32,301,2026-05-13,14,1151.0,142.0,1293.0
2026-05-13 14:30:00,274,26,300,2026-05-13,14,1102.0,131.0,1233.0
2026-05-13 14:45:00,317,32,349,2026-05-13,14,1109.0,140.0,1249.0
2026-05-13 15:00:00,361,23,384,2026-05-13,15,1221.0,113.0,1334.0
2026-05-13 15:15:00,429,22,451,2026-05-13,15,1381.0,103.0,1484.0
2026-05-13 15:30:00,425,28,453,2026-05-13,15,1532.0,105.0,1637.0
2026-05-13 15:45:00,359,26,385,2026-05-13,15,1574.0,99.0,1673.0
2026-05-13 16:00:00,316,16,332,2026-05-13,16,1529.0,92.0,1621.0
2026-05-13 16:15:00,276,10,286,2026-05-13,16,1376.0,80.0,1456.0
2026-05-13 16:30:00,250,11,261,2026-05-13,16,1201.0,63.0,1264.0
2026-05-13 16:45:00,240,28,268,2026-05-13,16,1082.0,65.0,1147.0
2026-05-13 17:00:00,249,11,260,2026-05-13,17,1015.0,60.0,1075.0
2026-05-13 17:15:00,257,7,264,2026-05-13,17,996.0,57.0,1053.0
2026-05-13 17:30:00,222,11,233,2026-05-13,17,968.0,57.0,1025.0
2026-05-13 17:45:00,206,17,223,2026-05-13,17,934.0,46.0,980.0
2026-05-13 18:00:00,194,41,235,2026-05-13,18,879.0,76.0,955.0
2026-05-13 18:15:00,176,19,195,2026-05-13,18,798.0,88.0,886.0
2026-05-13 18:30:00,139,34,173,2026-05-13,18,715.0,111.0,826.0
2026-05-13 18:45:00,131,53,184,2026-05-13,18,640.0,147.0,787.0
2026-05-13 19:00:00,121,38,159,2026-05-13,19,567.0,144.0,711.0
2026-05-13 19:15:00,126,41,167,2026-05-13,19,517.0,166.0,683.0
2026-05-13 19:30:00,105,29,134,2026-05-13,19,483.0,161.0,644.0
2026-05-13 19:45:00,93,29,122,2026-05-13,19,445.0,137.0,582.0
2026-05-13 20:00:00,58,45,103,2026-05-13,20,382.0,144.0,526.0
2026-05-13 20:15:00,42,49,91,2026-05-13,20,298.0,152.0,450.0
2026-05-13 20:30:00,11,48,59,2026-05-13,20,204.0,171.0,375.0
2026-05-13 20:45:00,11,44,55,2026-05-13,20,122.0,186.0,308.0
2026-05-13 21:00:00,3,28,31,2026-05-13,21,67.0,169.0,236.0
2026-05-13 21:15:00,2,25,27,2026-05-13,21,27.0,145.0,172.0
2026-05-13 21:30:00,1,26,27,2026-05-13,21,17.0,123.0,140.0
2026-05-13 21:45:00,0,28,28,2026-05-13,21,6.0,107.0,113.0
2026-05-13 22:00:00,0,16,16,2026-05-13,22,3.0,95.0,98.0
2026-05-13 22:15:00,0,26,26,2026-05-13,22,1.0,96.0,97.0
2026-05-13 22:30:00,1,10,11,2026-05-13,22,1.0,80.0,81.0
2026-05-13 22:45:00,1,11,12,2026-05-13,22,2.0,63.0,65.0
2026-05-13 23:00:00,0,1,1,2026-05-13,23,2.0,48.0,50.0
2026-05-13 23:15:00,0,0,0,2026-05-13,23,2.0,22.0,24.0
2026-05-13 23:30:00,0,0,0,2026-05-13,23,1.0,12.0,13.0
2026-05-13 23:45:00,0,0,0,2026-05-13,23,0.0,1.0,1.0
2026-05-14 03:00:00,45,79,124,2026-05-14,3,45.0,79.0,124.0
2026-05-14 03:15:00,98,28,126,2026-05-14,3,143.0,107.0,250.0
2026-05-14 03:30:00,227,38,265,2026-05-14,3,370.0,145.0,515.0
2026-05-14 03:45:00,384,42,426,2026-05-14,3,754.0,187.0,941.0
2026-05-14 04:00:00,495,28,523,2026-05-14,4,1204.0,136.0,1340.0
2026-05-14 04:15:00,599,32,631,2026-05-14,4,1705.0,140.0,1845.0
2026-05-14 04:30:00,618,34,652,2026-05-14,4,2096.0,136.0,2232.0
2026-05-14 04:45:00,604,49,653,2026-05-14,4,2316.0,143.0,2459.0
2026-05-14 05:00:00,539,57,596,2026-05-14,5,2360.0,172.0,2532.0
2026-05-14 05:15:00,528,44,572,2026-05-14,5,2289.0,184.0,2473.0
2026-05-14 05:30:00,487,28,515,2026-05-14,5,2158.0,178.0,2336.0
2026-05-14 05:45:00,413,37,450,2026-05-14,5,1967.0,166.0,2133.0
2026-05-14 06:00:00,361,59,420,2026-05-14,6,1789.0,168.0,1957.0
2026-05-14 06:15:00,334,29,363,2026-05-14,6,1595.0,153.0,1748.0
2026-05-14 06:30:00,418,31,449,2026-05-14,6,1526.0,156.0,1682.0
2026-05-14 06:45:00,427,41,468,2026-05-14,6,1540.0,160.0,1700.0
2026-05-14 07:00:00,410,31,441,2026-05-14,7,1589.0,132.0,1721.0
2026-05-14 07:15:00,436,39,475,2026-05-14,7,1691.0,142.0,1833.0
2026-05-14 07:30:00,407,26,433,2026-05-14,7,1680.0,137.0,1817.0
2026-05-14 07:45:00,430,29,459,2026-05-14,7,1683.0,125.0,1808.0
2026-05-14 08:00:00,415,21,436,2026-05-14,8,1688.0,115.0,1803.0
2026-05-14 08:15:00,399,26,425,2026-05-14,8,1651.0,102.0,1753.0
2026-05-14 08:30:00,410,27,437,2026-05-14,8,1654.0,103.0,1757.0
2026-05-14 08:45:00,417,30,447,2026-05-14,8,1641.0,104.0,1745.0
2026-05-14 09:00:00,427,34,461,2026-05-14,9,1653.0,117.0,1770.0
2026-05-14 09:15:00,428,25,453,2026-05-14,9,1682.0,116.0,1798.0
2026-05-14 09:30:00,421,24,445,2026-05-14,9,1693.0,113.0,1806.0
2026-05-14 09:45:00,400,32,432,2026-05-14,9,1676.0,115.0,1791.0
2026-05-14 10:00:00,332,41,373,2026-05-14,10,1581.0,122.0,1703.0
2026-05-14 10:15:00,377,48,425,2026-05-14,10,1530.0,145.0,1675.0
2026-05-14 10:30:00,379,33,412,2026-05-14,10,1488.0,154.0,1642.0
2026-05-14 10:45:00,398,50,448,2026-05-14,10,1486.0,172.0,1658.0
2026-05-14 11:00:00,429,50,479,2026-05-14,11,1583.0,181.0,1764.0
2026-05-14 11:15:00,446,36,482,2026-05-14,11,1652.0,169.0,1821.0
2026-05-14 11:30:00,466,47,513,2026-05-14,11,1739.0,183.0,1922.0
2026-05-14 11:45:00,419,54,473,2026-05-14,11,1760.0,187.0,1947.0
2026-05-14 12:00:00,387,40,427,2026-05-14,12,1718.0,177.0,1895.0
2026-05-14 12:15:00,426,40,466,2026-05-14,12,1698.0,181.0,1879.0
2026-05-14 12:30:00,388,45,433,2026-05-14,12,1620.0,179.0,1799.0
2026-05-14 12:45:00,395,51,446,2026-05-14,12,1596.0,176.0,1772.0
2026-05-14 13:00:00,398,49,447,2026-05-14,13,1607.0,185.0,1792.0
2026-05-14 13:15:00,405,47,452,2026-05-14,13,1586.0,192.0,1778.0
2026-05-14 13:30:00,433,35,468,2026-05-14,13,1631.0,182.0,1813.0
2026-05-14 13:45:00,389,41,430,2026-05-14,13,1625.0,172.0,1797.0
2026-05-14 14:00:00,365,37,402,2026-05-14,14,1592.0,160.0,1752.0
2026-05-14 14:15:00,408,34,442,2026-05-14,14,1595.0,147.0,1742.0
2026-05-14 14:30:00,329,49,378,2026-05-14,14,1491.0,161.0,1652.0
2026-05-14 14:45:00,374,50,424,2026-05-14,14,1476.0,170.0,1646.0
2026-05-14 15:00:00,472,35,507,2026-05-14,15,1583.0,168.0,1751.0
2026-05-14 15:15:00,460,21,481,2026-05-14,15,1635.0,155.0,1790.0
2026-05-14 15:30:00,406,32,438,2026-05-14,15,1712.0,138.0,1850.0
2026-05-14 15:45:00,404,28,432,2026-05-14,15,1742.0,116.0,1858.0
2026-05-14 16:00:00,385,24,409,2026-05-14,16,1655.0,105.0,1760.0
2026-05-14 16:15:00,400,25,425,2026-05-14,16,1595.0,109.0,1704.0
2026-05-14 16:30:00,356,18,374,2026-05-14,16,1545.0,95.0,1640.0
2026-05-14 16:45:00,375,21,396,2026-05-14,16,1516.0,88.0,1604.0
2026-05-14 17:00:00,416,23,439,2026-05-14,17,1547.0,87.0,1634.0
2026-05-14 17:15:00,369,13,382,2026-05-14,17,1516.0,75.0,1591.0
2026-05-14 17:30:00,353,14,367,2026-05-14,17,1513.0,71.0,1584.0
2026-05-14 17:45:00,312,30,342,2026-05-14,17,1450.0,80.0,1530.0
2026-05-14 18:00:00,262,25,287,2026-05-14,18,1296.0,82.0,1378.0
2026-05-14 18:15:00,203,20,223,2026-05-14,18,1130.0,89.0,1219.0
2026-05-14 18:30:00,168,38,206,2026-05-14,18,945.0,113.0,1058.0
2026-05-14 18:45:00,158,51,209,2026-05-14,18,791.0,134.0,925.0
2026-05-14 19:00:00,146,28,174,2026-05-14,19,675.0,137.0,812.0
2026-05-14 19:15:00,160,37,197,2026-05-14,19,632.0,154.0,786.0
2026-05-14 19:30:00,152,42,194,2026-05-14,19,616.0,158.0,774.0
2026-05-14 19:45:00,150,56,206,2026-05-14,19,608.0,163.0,771.0
2026-05-14 20:00:00,113,30,143,2026-05-14,20,575.0,165.0,740.0
2026-05-14 20:15:00,88,44,132,2026-05-14,20,503.0,172.0,675.0
2026-05-14 20:30:00,54,46,100,2026-05-14,20,405.0,176.0,581.0
2026-05-14 20:45:00,32,46,78,2026-05-14,20,287.0,166.0,453.0
2026-05-14 21:00:00,26,58,84,2026-05-14,21,200.0,194.0,394.0
2026-05-14 21:15:00,5,31,36,2026-05-14,21,117.0,181.0,298.0
2026-05-14 21:30:00,1,46,47,2026-05-14,21,64.0,181.0,245.0
2026-05-14 21:45:00,1,41,42,2026-05-14,21,33.0,176.0,209.0
2026-05-14 22:00:00,1,28,29,2026-05-14,22,8.0,146.0,154.0
2026-05-14 22:15:00,0,23,23,2026-05-14,22,3.0,138.0,141.0
2026-05-14 22:30:00,0,4,4,2026-05-14,22,2.0,96.0,98.0
2026-05-14 22:45:00,0,4,4,2026-05-14,22,1.0,59.0,60.0
2026-05-14 23:00:00,0,24,24,2026-05-14,23,0.0,55.0,55.0
2026-05-14 23:15:00,0,8,8,2026-05-14,23,0.0,40.0,40.0
2026-05-14 23:30:00,0,0,0,2026-05-14,23,0.0,36.0,36.0
2026-05-14 23:45:00,0,0,0,2026-05-14,23,0.0,32.0,32.0
2026-05-15 03:00:00,67,34,101,2026-05-15,3,67.0,34.0,101.0
2026-05-15 03:15:00,113,44,157,2026-05-15,3,180.0,78.0,258.0
2026-05-15 03:30:00,196,58,254,2026-05-15,3,376.0,136.0,512.0
2026-05-15 03:45:00,378,69,447,2026-05-15,3,754.0,205.0,959.0
2026-05-15 04:00:00,591,38,629,2026-05-15,4,1278.0,209.0,1487.0
2026-05-15 04:15:00,773,32,805,2026-05-15,4,1938.0,197.0,2135.0
2026-05-15 04:30:00,711,77,788,2026-05-15,4,2453.0,216.0,2669.0
2026-05-15 04:45:00,694,83,777,2026-05-15,4,2769.0,230.0,2999.0
2026-05-15 05:00:00,662,58,720,2026-05-15,5,2840.0,250.0,3090.0
2026-05-15 05:15:00,551,46,597,2026-05-15,5,2618.0,264.0,2882.0
2026-05-15 05:30:00,376,44,420,2026-05-15,5,2283.0,231.0,2514.0
2026-05-15 05:45:00,336,53,389,2026-05-15,5,1925.0,201.0,2126.0
2026-05-15 06:00:00,396,40,436,2026-05-15,6,1659.0,183.0,1842.0
2026-05-15 06:15:00,425,51,476,2026-05-15,6,1533.0,188.0,1721.0
2026-05-15 06:30:00,420,40,460,2026-05-15,6,1577.0,184.0,1761.0
2026-05-15 06:45:00,505,32,537,2026-05-15,6,1746.0,163.0,1909.0
2026-05-15 07:00:00,497,30,527,2026-05-15,7,1847.0,153.0,2000.0
2026-05-15 07:15:00,451,37,488,2026-05-15,7,1873.0,139.0,2012.0
2026-05-15 07:30:00,448,24,472,2026-05-15,7,1901.0,123.0,2024.0
2026-05-15 07:45:00,417,24,441,2026-05-15,7,1813.0,115.0,1928.0
2026-05-15 08:00:00,472,38,510,2026-05-15,8,1788.0,123.0,1911.0
2026-05-15 08:15:00,464,38,502,2026-05-15,8,1801.0,124.0,1925.0
2026-05-15 08:30:00,396,30,426,2026-05-15,8,1749.0,130.0,1879.0
2026-05-15 08:45:00,341,29,370,2026-05-15,8,1673.0,135.0,1808.0
2026-05-15 09:00:00,375,32,407,2026-05-15,9,1576.0,129.0,1705.0
2026-05-15 09:15:00,361,36,397,2026-05-15,9,1473.0,127.0,1600.0
2026-05-15 09:30:00,383,46,429,2026-05-15,9,1460.0,143.0,1603.0
2026-05-15 09:45:00,367,47,414,2026-05-15,9,1486.0,161.0,1647.0
2026-05-15 10:00:00,374,58,432,2026-05-15,10,1485.0,187.0,1672.0
2026-05-15 10:15:00,388,43,431,2026-05-15,10,1512.0,194.0,1706.0
2026-05-15 10:30:00,374,65,439,2026-05-15,10,1503.0,213.0,1716.0
2026-05-15 10:45:00,360,54,414,2026-05-15,10,1496.0,220.0,1716.0
2026-05-15 11:00:00,400,43,443,2026-05-15,11,1522.0,205.0,1727.0
2026-05-15 11:15:00,471,54,525,2026-05-15,11,1605.0,216.0,1821.0
2026-05-15 11:30:00,522,63,585,2026-05-15,11,1753.0,214.0,1967.0
2026-05-15 11:45:00,580,67,647,2026-05-15,11,1973.0,227.0,2200.0
2026-05-15 12:00:00,601,69,670,2026-05-15,12,2174.0,253.0,2427.0
2026-05-15 12:15:00,627,59,686,2026-05-15,12,2330.0,258.0,2588.0
2026-05-15 12:30:00,571,51,622,2026-05-15,12,2379.0,246.0,2625.0
2026-05-15 12:45:00,528,62,590,2026-05-15,12,2327.0,241.0,2568.0
2026-05-15 13:00:00,448,49,497,2026-05-15,13,2174.0,221.0,2395.0
2026-05-15 13:15:00,416,36,452,2026-05-15,13,1963.0,198.0,2161.0
2026-05-15 13:30:00,352,52,404,2026-05-15,13,1744.0,199.0,1943.0
2026-05-15 13:45:00,294,47,341,2026-05-15,13,1510.0,184.0,1694.0
2026-05-15 14:00:00,310,32,342,2026-05-15,14,1372.0,167.0,1539.0
2026-05-15 14:15:00,309,34,343,2026-05-15,14,1265.0,165.0,1430.0
2026-05-15 14:30:00,284,30,314,2026-05-15,14,1197.0,143.0,1340.0
2026-05-15 14:45:00,316,36,352,2026-05-15,14,1219.0,132.0,1351.0
2026-05-15 15:00:00,358,32,390,2026-05-15,15,1267.0,132.0,1399.0
2026-05-15 15:15:00,404,18,422,2026-05-15,15,1362.0,116.0,1478.0
2026-05-15 15:30:00,464,18,482,2026-05-15,15,1542.0,104.0,1646.0
2026-05-15 15:45:00,513,19,532,2026-05-15,15,1739.0,87.0,1826.0
2026-05-15 16:00:00,445,16,461,2026-05-15,16,1826.0,71.0,1897.0
2026-05-15 16:15:00,448,19,467,2026-05-15,16,1870.0,72.0,1942.0
2026-05-15 16:30:00,403,14,417,2026-05-15,16,1809.0,68.0,1877.0
2026-05-15 16:45:00,383,27,410,2026-05-15,16,1679.0,76.0,1755.0
2026-05-15 17:00:00,404,27,431,2026-05-15,17,1638.0,87.0,1725.0
2026-05-15 17:15:00,417,15,432,2026-05-15,17,1607.0,83.0,1690.0
2026-05-15 17:30:00,344,14,358,2026-05-15,17,1548.0,83.0,1631.0
2026-05-15 17:45:00,323,20,343,2026-05-15,17,1488.0,76.0,1564.0
2026-05-15 18:00:00,239,20,259,2026-05-15,18,1323.0,69.0,1392.0
2026-05-15 18:15:00,199,8,207,2026-05-15,18,1105.0,62.0,1167.0
2026-05-15 18:30:00,148,11,159,2026-05-15,18,909.0,59.0,968.0
2026-05-15 18:45:00,135,11,146,2026-05-15,18,721.0,50.0,771.0
2026-05-15 19:00:00,131,11,142,2026-05-15,19,613.0,41.0,654.0
2026-05-15 19:15:00,105,11,116,2026-05-15,19,519.0,44.0,563.0
2026-05-15 19:30:00,112,13,125,2026-05-15,19,483.0,46.0,529.0
2026-05-15 19:45:00,110,11,121,2026-05-15,19,458.0,46.0,504.0
2026-05-15 20:00:00,105,9,114,2026-05-15,20,432.0,44.0,476.0
2026-05-15 20:15:00,80,11,91,2026-05-15,20,407.0,44.0,451.0
2026-05-15 20:30:00,45,8,53,2026-05-15,20,340.0,39.0,379.0
2026-05-15 20:45:00,32,12,44,2026-05-15,20,262.0,40.0,302.0
2026-05-15 21:00:00,12,7,19,2026-05-15,21,169.0,38.0,207.0
2026-05-15 21:15:00,6,5,11,2026-05-15,21,95.0,32.0,127.0
2026-05-15 21:30:00,8,13,21,2026-05-15,21,58.0,37.0,95.0
2026-05-15 21:45:00,12,12,24,2026-05-15,21,38.0,37.0,75.0
2026-05-15 22:00:00,10,6,16,2026-05-15,22,36.0,36.0,72.0
2026-05-15 22:15:00,9,4,13,2026-05-15,22,39.0,35.0,74.0
2026-05-15 22:30:00,6,3,9,2026-05-15,22,37.0,25.0,62.0
2026-05-15 22:45:00,2,1,3,2026-05-15,22,27.0,14.0,41.0
2026-05-15 23:00:00,1,3,4,2026-05-15,23,18.0,11.0,29.0
2026-05-15 23:15:00,0,3,3,2026-05-15,23,9.0,10.0,19.0
2026-05-15 23:30:00,0,4,4,2026-05-15,23,3.0,11.0,14.0
2026-05-15 23:45:00,0,6,6,2026-05-15,23,1.0,16.0,17.0
2026-05-16 03:00:00,46,40,86,2026-05-16,3,46.0,40.0,86.0
2026-05-16 03:15:00,80,47,127,2026-05-16,3,126.0,87.0,213.0
2026-05-16 03:30:00,240,72,312,2026-05-16,3,366.0,159.0,525.0
2026-05-16 03:45:00,424,66,490,2026-05-16,3,790.0,225.0,1015.0
2026-05-16 04:00:00,558,50,608,2026-05-16,4,1302.0,235.0,1537.0
2026-05-16 04:15:00,747,34,781,2026-05-16,4,1969.0,222.0,2191.0
2026-05-16 04:30:00,744,63,807,2026-05-16,4,2473.0,213.0,2686.0
2026-05-16 04:45:00,706,70,776,2026-05-16,4,2755.0,217.0,2972.0
2026-05-16 05:00:00,564,75,639,2026-05-16,5,2761.0,242.0,3003.0
2026-05-16 05:15:00,518,37,555,2026-05-16,5,2532.0,245.0,2777.0
2026-05-16 05:30:00,466,41,507,2026-05-16,5,2254.0,223.0,2477.0
2026-05-16 05:45:00,461,60,521,2026-05-16,5,2009.0,213.0,2222.0
2026-05-16 06:00:00,437,59,496,2026-05-16,6,1882.0,197.0,2079.0
2026-05-16 06:15:00,447,44,491,2026-05-16,6,1811.0,204.0,2015.0
2026-05-16 06:30:00,424,38,462,2026-05-16,6,1769.0,201.0,1970.0
2026-05-16 06:45:00,471,29,500,2026-05-16,6,1779.0,170.0,1949.0
2026-05-16 07:00:00,499,25,524,2026-05-16,7,1841.0,136.0,1977.0
2026-05-16 07:15:00,499,37,536,2026-05-16,7,1893.0,129.0,2022.0
2026-05-16 07:30:00,497,28,525,2026-05-16,7,1966.0,119.0,2085.0
2026-05-16 07:45:00,423,30,453,2026-05-16,7,1918.0,120.0,2038.0
2026-05-16 08:00:00,338,25,363,2026-05-16,8,1757.0,120.0,1877.0
2026-05-16 08:15:00,331,26,357,2026-05-16,8,1589.0,109.0,1698.0
2026-05-16 08:30:00,349,20,369,2026-05-16,8,1441.0,101.0,1542.0
2026-05-16 08:45:00,422,33,455,2026-05-16,8,1440.0,104.0,1544.0
2026-05-16 09:00:00,459,31,490,2026-05-16,9,1561.0,110.0,1671.0
2026-05-16 09:15:00,418,26,444,2026-05-16,9,1648.0,110.0,1758.0
2026-05-16 09:30:00,354,31,385,2026-05-16,9,1653.0,121.0,1774.0
2026-05-16 09:45:00,330,36,366,2026-05-16,9,1561.0,124.0,1685.0
2026-05-16 10:00:00,319,30,349,2026-05-16,10,1421.0,123.0,1544.0
2026-05-16 10:15:00,324,47,371,2026-05-16,10,1327.0,144.0,1471.0
2026-05-16 10:30:00,333,50,383,2026-05-16,10,1306.0,163.0,1469.0
2026-05-16 10:45:00,380,52,432,2026-05-16,10,1356.0,179.0,1535.0
2026-05-16 11:00:00,418,46,464,2026-05-16,11,1455.0,195.0,1650.0
2026-05-16 11:15:00,482,52,534,2026-05-16,11,1613.0,200.0,1813.0
2026-05-16 11:30:00,447,67,514,2026-05-16,11,1727.0,217.0,1944.0
2026-05-16 11:45:00,473,76,549,2026-05-16,11,1820.0,241.0,2061.0
2026-05-16 12:00:00,425,48,473,2026-05-16,12,1827.0,243.0,2070.0
2026-05-16 12:15:00,395,38,433,2026-05-16,12,1740.0,229.0,1969.0
2026-05-16 12:30:00,377,49,426,2026-05-16,12,1670.0,211.0,1881.0
2026-05-16 12:45:00,367,53,420,2026-05-16,12,1564.0,188.0,1752.0
2026-05-16 13:00:00,356,44,400,2026-05-16,13,1495.0,184.0,1679.0
2026-05-16 13:15:00,306,41,347,2026-05-16,13,1406.0,187.0,1593.0
2026-05-16 13:30:00,335,40,375,2026-05-16,13,1364.0,178.0,1542.0
2026-05-16 13:45:00,311,38,349,2026-05-16,13,1308.0,163.0,1471.0
2026-05-16 14:00:00,289,33,322,2026-05-16,14,1241.0,152.0,1393.0
2026-05-16 14:15:00,294,29,323,2026-05-16,14,1229.0,140.0,1369.0
2026-05-16 14:30:00,247,31,278,2026-05-16,14,1141.0,131.0,1272.0
2026-05-16 14:45:00,288,26,314,2026-05-16,14,1118.0,119.0,1237.0
2026-05-16 15:00:00,347,25,372,2026-05-16,15,1176.0,111.0,1287.0
2026-05-16 15:15:00,369,25,394,2026-05-16,15,1251.0,107.0,1358.0
2026-05-16 15:30:00,341,28,369,2026-05-16,15,1345.0,104.0,1449.0
2026-05-16 15:45:00,346,26,372,2026-05-16,15,1403.0,104.0,1507.0
2026-05-16 16:00:00,341,24,365,2026-05-16,16,1397.0,103.0,1500.0
2026-05-16 16:15:00,324,11,335,2026-05-16,16,1352.0,89.0,1441.0
2026-05-16 16:30:00,283,12,295,2026-05-16,16,1294.0,73.0,1367.0
2026-05-16 16:45:00,251,21,272,2026-05-16,16,1199.0,68.0,1267.0
2026-05-16 17:00:00,219,20,239,2026-05-16,17,1077.0,64.0,1141.0
2026-05-16 17:15:00,168,10,178,2026-05-16,17,921.0,63.0,984.0
2026-05-16 17:30:00,160,8,168,2026-05-16,17,798.0,59.0,857.0
2026-05-16 17:45:00,170,11,181,2026-05-16,17,717.0,49.0,766.0
2026-05-16 18:00:00,172,17,189,2026-05-16,18,670.0,46.0,716.0
2026-05-16 18:15:00,150,12,162,2026-05-16,18,652.0,48.0,700.0
2026-05-16 18:30:00,124,14,138,2026-05-16,18,616.0,54.0,670.0
2026-05-16 18:45:00,103,14,117,2026-05-16,18,549.0,57.0,606.0
2026-05-16 19:00:00,101,11,112,2026-05-16,19,478.0,51.0,529.0
2026-05-16 19:15:00,115,7,122,2026-05-16,19,443.0,46.0,489.0
2026-05-16 19:30:00,132,8,140,2026-05-16,19,451.0,40.0,491.0
2026-05-16 19:45:00,126,12,138,2026-05-16,19,474.0,38.0,512.0
2026-05-16 20:00:00,107,16,123,2026-05-16,20,480.0,43.0,523.0
2026-05-16 20:15:00,75,8,83,2026-05-16,20,440.0,44.0,484.0
2026-05-16 20:30:00,43,12,55,2026-05-16,20,351.0,48.0,399.0
2026-05-16 20:45:00,24,10,34,2026-05-16,20,249.0,46.0,295.0
2026-05-16 21:00:00,6,15,21,2026-05-16,21,148.0,45.0,193.0
2026-05-16 21:15:00,2,5,7,2026-05-16,21,75.0,42.0,117.0
2026-05-16 21:30:00,2,11,13,2026-05-16,21,34.0,41.0,75.0
2026-05-16 21:45:00,1,8,9,2026-05-16,21,11.0,39.0,50.0
2026-05-16 22:00:00,1,7,8,2026-05-16,22,6.0,31.0,37.0
2026-05-16 22:15:00,0,6,6,2026-05-16,22,4.0,32.0,36.0
2026-05-16 22:30:00,0,4,4,2026-05-16,22,2.0,25.0,27.0
2026-05-16 22:45:00,0,6,6,2026-05-16,22,1.0,23.0,24.0
2026-05-16 23:00:00,0,1,1,2026-05-16,23,0.0,17.0,17.0
2026-05-16 23:15:00,0,0,0,2026-05-16,23,0.0,11.0,11.0
2026-05-16 23:30:00,0,0,0,2026-05-16,23,0.0,7.0,7.0
2026-05-16 23:45:00,1,0,1,2026-05-16,23,1.0,1.0,2.0
2026-05-17 03:00:00,49,82,131,2026-05-17,3,49.0,82.0,131.0
2026-05-17 03:15:00,107,35,142,2026-05-17,3,156.0,117.0,273.0
2026-05-17 03:30:00,214,27,241,2026-05-17,3,370.0,144.0,514.0
2026-05-17 03:45:00,358,28,386,2026-05-17,3,728.0,172.0,900.0
2026-05-17 04:00:00,466,26,492,2026-05-17,4,1145.0,116.0,1261.0
2026-05-17 04:15:00,506,26,532,2026-05-17,4,1544.0,107.0,1651.0
2026-05-17 04:30:00,601,34,635,2026-05-17,4,1931.0,114.0,2045.0
2026-05-17 04:45:00,645,41,686,2026-05-17,4,2218.0,127.0,2345.0
2026-05-17 05:00:00,639,55,694,2026-05-17,5,2391.0,156.0,2547.0
2026-05-17 05:15:00,581,30,611,2026-05-17,5,2466.0,160.0,2626.0
2026-05-17 05:30:00,561,26,587,2026-05-17,5,2426.0,152.0,2578.0
2026-05-17 05:45:00,435,32,467,2026-05-17,5,2216.0,143.0,2359.0
2026-05-17 06:00:00,438,37,475,2026-05-17,6,2015.0,125.0,2140.0
2026-05-17 06:15:00,436,40,476,2026-05-17,6,1870.0,135.0,2005.0
2026-05-17 06:30:00,437,19,456,2026-05-17,6,1746.0,128.0,1874.0
2026-05-17 06:45:00,340,16,356,2026-05-17,6,1651.0,112.0,1763.0
2026-05-17 07:00:00,329,32,361,2026-05-17,7,1542.0,107.0,1649.0
2026-05-17 07:15:00,372,33,405,2026-05-17,7,1478.0,100.0,1578.0
2026-05-17 07:30:00,362,21,383,2026-05-17,7,1403.0,102.0,1505.0
2026-05-17 07:45:00,401,24,425,2026-05-17,7,1464.0,110.0,1574.0
2026-05-17 08:00:00,451,26,477,2026-05-17,8,1586.0,104.0,1690.0
2026-05-17 08:15:00,461,36,497,2026-05-17,8,1675.0,107.0,1782.0
2026-05-17 08:30:00,466,16,482,2026-05-17,8,1779.0,102.0,1881.0
2026-05-17 08:45:00,444,37,481,2026-05-17,8,1822.0,115.0,1937.0
2026-05-17 09:00:00,486,42,528,2026-05-17,9,1857.0,131.0,1988.0
2026-05-17 09:15:00,483,50,533,2026-05-17,9,1879.0,145.0,2024.0
2026-05-17 09:30:00,528,34,562,2026-05-17,9,1941.0,163.0,2104.0
2026-05-17 09:45:00,461,34,495,2026-05-17,9,1958.0,160.0,2118.0
2026-05-17 10:00:00,478,44,522,2026-05-17,10,1950.0,162.0,2112.0
2026-05-17 10:15:00,442,43,485,2026-05-17,10,1909.0,155.0,2064.0
2026-05-17 10:30:00,395,37,432,2026-05-17,10,1776.0,158.0,1934.0
2026-05-17 10:45:00,429,39,468,2026-05-17,10,1744.0,163.0,1907.0
2026-05-17 11:00:00,519,27,546,2026-05-17,11,1785.0,146.0,1931.0
2026-05-17 11:15:00,542,30,572,2026-05-17,11,1885.0,133.0,2018.0
2026-05-17 11:30:00,555,44,599,2026-05-17,11,2045.0,140.0,2185.0
2026-05-17 11:45:00,530,50,580,2026-05-17,11,2146.0,151.0,2297.0
2026-05-17 12:00:00,518,33,551,2026-05-17,12,2145.0,157.0,2302.0
2026-05-17 12:15:00,524,31,555,2026-05-17,12,2127.0,158.0,2285.0
2026-05-17 12:30:00,508,29,537,2026-05-17,12,2080.0,143.0,2223.0
2026-05-17 12:45:00,403,37,440,2026-05-17,12,1953.0,130.0,2083.0
2026-05-17 13:00:00,368,49,417,2026-05-17,13,1803.0,146.0,1949.0
2026-05-17 13:15:00,318,36,354,2026-05-17,13,1597.0,151.0,1748.0
2026-05-17 13:30:00,306,42,348,2026-05-17,13,1395.0,164.0,1559.0
2026-05-17 13:45:00,309,35,344,2026-05-17,13,1301.0,162.0,1463.0
2026-05-17 14:00:00,323,37,360,2026-05-17,14,1256.0,150.0,1406.0
2026-05-17 14:15:00,316,28,344,2026-05-17,14,1254.0,142.0,1396.0
2026-05-17 14:30:00,333,12,345,2026-05-17,14,1281.0,112.0,1393.0
2026-05-17 14:45:00,410,13,423,2026-05-17,14,1382.0,90.0,1472.0
2026-05-17 15:00:00,514,21,535,2026-05-17,15,1573.0,74.0,1647.0
2026-05-17 15:15:00,526,22,548,2026-05-17,15,1783.0,68.0,1851.0
2026-05-17 15:30:00,513,21,534,2026-05-17,15,1963.0,77.0,2040.0
2026-05-17 15:45:00,526,19,545,2026-05-17,15,2079.0,83.0,2162.0
2026-05-17 16:00:00,464,14,478,2026-05-17,16,2029.0,76.0,2105.0
2026-05-17 16:15:00,395,20,415,2026-05-17,16,1898.0,74.0,1972.0
2026-05-17 16:30:00,327,19,346,2026-05-17,16,1712.0,72.0,1784.0
2026-05-17 16:45:00,329,15,344,2026-05-17,16,1515.0,68.0,1583.0
2026-05-17 17:00:00,391,19,410,2026-05-17,17,1442.0,73.0,1515.0
2026-05-17 17:15:00,428,17,445,2026-05-17,17,1475.0,70.0,1545.0
2026-05-17 17:30:00,398,22,420,2026-05-17,17,1546.0,73.0,1619.0
2026-05-17 17:45:00,449,24,473,2026-05-17,17,1666.0,82.0,1748.0
2026-05-17 18:00:00,509,21,530,2026-05-17,18,1784.0,84.0,1868.0
2026-05-17 18:15:00,486,13,499,2026-05-17,18,1842.0,80.0,1922.0
2026-05-17 18:30:00,476,10,486,2026-05-17,18,1920.0,68.0,1988.0
2026-05-17 18:45:00,404,9,413,2026-05-17,18,1875.0,53.0,1928.0
2026-05-17 19:00:00,319,17,336,2026-05-17,19,1685.0,49.0,1734.0
2026-05-17 19:15:00,263,10,273,2026-05-17,19,1462.0,46.0,1508.0
2026-05-17 19:30:00,204,21,225,2026-05-17,19,1190.0,57.0,1247.0
2026-05-17 19:45:00,150,40,190,2026-05-17,19,936.0,88.0,1024.0
2026-05-17 20:00:00,105,41,146,2026-05-17,20,722.0,112.0,834.0
2026-05-17 20:15:00,79,38,117,2026-05-17,20,538.0,140.0,678.0
2026-05-17 20:30:00,44,58,102,2026-05-17,20,378.0,177.0,555.0
2026-05-17 20:45:00,21,53,74,2026-05-17,20,249.0,190.0,439.0
2026-05-17 21:00:00,17,48,65,2026-05-17,21,161.0,197.0,358.0
2026-05-17 21:15:00,15,39,54,2026-05-17,21,97.0,198.0,295.0
2026-05-17 21:30:00,29,52,81,2026-05-17,21,82.0,192.0,274.0
2026-05-17 21:45:00,25,55,80,2026-05-17,21,86.0,194.0,280.0
2026-05-17 22:00:00,18,24,42,2026-05-17,22,87.0,170.0,257.0
2026-05-17 22:15:00,11,18,29,2026-05-17,22,83.0,149.0,232.0
2026-05-17 22:30:00,12,19,31,2026-05-17,22,66.0,116.0,182.0
2026-05-17 22:45:00,4,11,15,2026-05-17,22,45.0,72.0,117.0
2026-05-17 23:00:00,1,6,7,2026-05-17,23,28.0,54.0,82.0
2026-05-17 23:15:00,0,8,8,2026-05-17,23,17.0,44.0,61.0
2026-05-17 23:30:00,0,5,5,2026-05-17,23,5.0,30.0,35.0
2026-05-17 23:45:00,0,3,3,2026-05-17,23,1.0,22.0,23.0
2026-05-18 03:00:00,51,119,170,2026-05-18,3,51.0,119.0,170.0
2026-05-18 03:15:00,99,115,214,2026-05-18,3,150.0,234.0,384.0
2026-05-18 03:30:00,240,30,270,2026-05-18,3,390.0,264.0,654.0
2026-05-18 03:45:00,389,33,422,2026-05-18,3,779.0,297.0,1076.0
2026-05-18 04:00:00,498,26,524,2026-05-18,4,1226.0,204.0,1430.0
2026-05-18 04:15:00,585,37,622,2026-05-18,4,1712.0,126.0,1838.0
2026-05-18 04:30:00,657,57,714,2026-05-18,4,2129.0,153.0,2282.0
2026-05-18 04:45:00,674,53,727,2026-05-18,4,2414.0,173.0,2587.0
2026-05-18 05:00:00,627,59,686,2026-05-18,5,2543.0,206.0,2749.0
2026-05-18 05:15:00,557,44,601,2026-05-18,5,2515.0,213.0,2728.0
2026-05-18 05:30:00,480,29,509,2026-05-18,5,2338.0,185.0,2523.0
2026-05-18 05:45:00,509,57,566,2026-05-18,5,2173.0,189.0,2362.0
2026-05-18 06:00:00,507,53,560,2026-05-18,6,2053.0,183.0,2236.0
2026-05-18 06:15:00,455,56,511,2026-05-18,6,1951.0,195.0,2146.0
2026-05-18 06:30:00,392,22,414,2026-05-18,6,1863.0,188.0,2051.0
2026-05-18 06:45:00,405,32,437,2026-05-18,6,1759.0,163.0,1922.0
2026-05-18 07:00:00,398,21,419,2026-05-18,7,1650.0,131.0,1781.0
2026-05-18 07:15:00,418,30,448,2026-05-18,7,1613.0,105.0,1718.0
2026-05-18 07:30:00,436,22,458,2026-05-18,7,1657.0,105.0,1762.0
2026-05-18 07:45:00,468,21,489,2026-05-18,7,1720.0,94.0,1814.0
2026-05-18 08:00:00,563,30,593,2026-05-18,8,1885.0,103.0,1988.0
2026-05-18 08:15:00,583,37,620,2026-05-18,8,2050.0,110.0,2160.0
2026-05-18 08:30:00,571,23,594,2026-05-18,8,2185.0,111.0,2296.0
2026-05-18 08:45:00,569,34,603,2026-05-18,8,2286.0,124.0,2410.0
2026-05-18 09:00:00,503,29,532,2026-05-18,9,2226.0,123.0,2349.0
2026-05-18 09:15:00,483,41,524,2026-05-18,9,2126.0,127.0,2253.0
2026-05-18 09:30:00,488,44,532,2026-05-18,9,2043.0,148.0,2191.0
2026-05-18 09:45:00,469,37,506,2026-05-18,9,1943.0,151.0,2094.0
2026-05-18 10:00:00,449,41,490,2026-05-18,10,1889.0,163.0,2052.0
2026-05-18 10:15:00,429,58,487,2026-05-18,10,1835.0,180.0,2015.0
2026-05-18 10:30:00,424,40,464,2026-05-18,10,1771.0,176.0,1947.0
2026-05-18 10:45:00,435,45,480,2026-05-18,10,1737.0,184.0,1921.0
2026-05-18 11:00:00,500,42,542,2026-05-18,11,1788.0,185.0,1973.0
2026-05-18 11:15:00,574,39,613,2026-05-18,11,1933.0,166.0,2099.0
2026-05-18 11:30:00,595,48,643,2026-05-18,11,2104.0,174.0,2278.0
2026-05-18 11:45:00,614,50,664,2026-05-18,11,2283.0,179.0,2462.0
2026-05-18 12:00:00,617,50,667,2026-05-18,12,2400.0,187.0,2587.0
2026-05-18 12:15:00,547,39,586,2026-05-18,12,2373.0,187.0,2560.0
2026-05-18 12:30:00,447,50,497,2026-05-18,12,2225.0,189.0,2414.0
2026-05-18 12:45:00,389,42,431,2026-05-18,12,2000.0,181.0,2181.0
2026-05-18 13:00:00,406,30,436,2026-05-18,13,1789.0,161.0,1950.0
2026-05-18 13:15:00,415,27,442,2026-05-18,13,1657.0,149.0,1806.0
2026-05-18 13:30:00,396,36,432,2026-05-18,13,1606.0,135.0,1741.0
2026-05-18 13:45:00,373,39,412,2026-05-18,13,1590.0,132.0,1722.0
2026-05-18 14:00:00,394,22,416,2026-05-18,14,1578.0,124.0,1702.0
2026-05-18 14:15:00,399,37,436,2026-05-18,14,1562.0,134.0,1696.0
2026-05-18 14:30:00,361,35,396,2026-05-18,14,1527.0,133.0,1660.0
2026-05-18 14:45:00,392,29,421,2026-05-18,14,1546.0,123.0,1669.0
2026-05-18 15:00:00,442,34,476,2026-05-18,15,1594.0,135.0,1729.0
2026-05-18 15:15:00,492,29,521,2026-05-18,15,1687.0,127.0,1814.0
2026-05-18 15:30:00,480,33,513,2026-05-18,15,1806.0,125.0,1931.0
2026-05-18 15:45:00,391,31,422,2026-05-18,15,1805.0,127.0,1932.0
2026-05-18 16:00:00,296,18,314,2026-05-18,16,1659.0,111.0,1770.0
2026-05-18 16:15:00,336,19,355,2026-05-18,16,1503.0,101.0,1604.0
2026-05-18 16:30:00,330,19,349,2026-05-18,16,1353.0,87.0,1440.0
2026-05-18 16:45:00,329,14,343,2026-05-18,16,1291.0,70.0,1361.0
2026-05-18 17:00:00,354,20,374,2026-05-18,17,1349.0,72.0,1421.0
2026-05-18 17:15:00,413,17,430,2026-05-18,17,1426.0,70.0,1496.0
2026-05-18 17:30:00,432,9,441,2026-05-18,17,1528.0,60.0,1588.0
2026-05-18 17:45:00,424,12,436,2026-05-18,17,1623.0,58.0,1681.0
2026-05-18 18:00:00,342,39,381,2026-05-18,18,1611.0,77.0,1688.0
2026-05-18 18:15:00,283,18,301,2026-05-18,18,1481.0,78.0,1559.0
2026-05-18 18:30:00,226,19,245,2026-05-18,18,1275.0,88.0,1363.0
2026-05-18 18:45:00,183,40,223,2026-05-18,18,1034.0,116.0,1150.0
2026-05-18 19:00:00,151,47,198,2026-05-18,19,843.0,124.0,967.0
2026-05-18 19:15:00,151,36,187,2026-05-18,19,711.0,142.0,853.0
2026-05-18 19:30:00,122,35,157,2026-05-18,19,607.0,158.0,765.0
2026-05-18 19:45:00,97,43,140,2026-05-18,19,521.0,161.0,682.0
2026-05-18 20:00:00,67,47,114,2026-05-18,20,437.0,161.0,598.0
2026-05-18 20:15:00,53,31,84,2026-05-18,20,339.0,156.0,495.0
2026-05-18 20:30:00,29,51,80,2026-05-18,20,246.0,172.0,418.0
2026-05-18 20:45:00,14,42,56,2026-05-18,20,163.0,171.0,334.0
2026-05-18 21:00:00,11,48,59,2026-05-18,21,107.0,172.0,279.0
2026-05-18 21:15:00,2,29,31,2026-05-18,21,56.0,170.0,226.0
2026-05-18 21:30:00,1,31,32,2026-05-18,21,28.0,150.0,178.0
2026-05-18 21:45:00,1,28,29,2026-05-18,21,15.0,136.0,151.0
2026-05-18 22:00:00,0,10,10,2026-05-18,22,4.0,98.0,102.0
2026-05-18 22:15:00,0,9,9,2026-05-18,22,2.0,78.0,80.0
2026-05-18 22:30:00,0,6,6,2026-05-18,22,1.0,53.0,54.0
2026-05-18 22:45:00,1,6,7,2026-05-18,22,1.0,31.0,32.0
2026-05-18 23:00:00,0,13,13,2026-05-18,23,1.0,34.0,35.0
2026-05-18 23:15:00,1,8,9,2026-05-18,23,2.0,33.0,35.0
2026-05-18 23:30:00,0,3,3,2026-05-18,23,2.0,30.0,32.0
2026-05-18 23:45:00,1,3,4,2026-05-18,23,2.0,27.0,29.0
2026-05-19 03:00:00,84,79,163,2026-05-19,3,84.0,79.0,163.0
2026-05-19 03:15:00,150,29,179,2026-05-19,3,234.0,108.0,342.0
2026-05-19 03:30:00,277,35,312,2026-05-19,3,511.0,143.0,654.0
2026-05-19 03:45:00,445,31,476,2026-05-19,3,956.0,174.0,1130.0
2026-05-19 04:00:00,559,28,587,2026-05-19,4,1431.0,123.0,1554.0
2026-05-19 04:15:00,677,31,708,2026-05-19,4,1958.0,125.0,2083.0
2026-05-19 04:30:00,719,34,753,2026-05-19,4,2400.0,124.0,2524.0
2026-05-19 04:45:00,677,46,723,2026-05-19,4,2632.0,139.0,2771.0
2026-05-19 05:00:00,627,56,683,2026-05-19,5,2700.0,167.0,2867.0
2026-05-19 05:15:00,462,33,495,2026-05-19,5,2485.0,169.0,2654.0
2026-05-19 05:30:00,402,33,435,2026-05-19,5,2168.0,168.0,2336.0
2026-05-19 05:45:00,385,49,434,2026-05-19,5,1876.0,171.0,2047.0
2026-05-19 06:00:00,331,60,391,2026-05-19,6,1580.0,175.0,1755.0
2026-05-19 06:15:00,305,41,346,2026-05-19,6,1423.0,183.0,1606.0
2026-05-19 06:30:00,304,33,337,2026-05-19,6,1325.0,183.0,1508.0
2026-05-19 06:45:00,361,29,390,2026-05-19,6,1301.0,163.0,1464.0
2026-05-19 07:00:00,350,28,378,2026-05-19,7,1320.0,131.0,1451.0
2026-05-19 07:15:00,367,39,406,2026-05-19,7,1382.0,129.0,1511.0
2026-05-19 07:30:00,426,31,457,2026-05-19,7,1504.0,127.0,1631.0
2026-05-19 07:45:00,429,23,452,2026-05-19,7,1572.0,121.0,1693.0
2026-05-19 08:00:00,380,31,411,2026-05-19,8,1602.0,124.0,1726.0
2026-05-19 08:15:00,365,34,399,2026-05-19,8,1600.0,119.0,1719.0
2026-05-19 08:30:00,367,30,397,2026-05-19,8,1541.0,118.0,1659.0
2026-05-19 08:45:00,337,18,355,2026-05-19,8,1449.0,113.0,1562.0
2026-05-19 09:00:00,319,34,353,2026-05-19,9,1388.0,116.0,1504.0
2026-05-19 09:15:00,316,26,342,2026-05-19,9,1339.0,108.0,1447.0
2026-05-19 09:30:00,326,38,364,2026-05-19,9,1298.0,116.0,1414.0
2026-05-19 09:45:00,298,21,319,2026-05-19,9,1259.0,119.0,1378.0
2026-05-19 10:00:00,275,33,308,2026-05-19,10,1215.0,118.0,1333.0
2026-05-19 10:15:00,309,43,352,2026-05-19,10,1208.0,135.0,1343.0
2026-05-19 10:30:00,384,32,416,2026-05-19,10,1266.0,129.0,1395.0
2026-05-19 10:45:00,436,55,491,2026-05-19,10,1404.0,163.0,1567.0
2026-05-19 11:00:00,466,31,497,2026-05-19,11,1595.0,161.0,1756.0
2026-05-19 11:15:00,472,39,511,2026-05-19,11,1758.0,157.0,1915.0
2026-05-19 11:30:00,481,44,525,2026-05-19,11,1855.0,169.0,2024.0
2026-05-19 11:45:00,500,41,541,2026-05-19,11,1919.0,155.0,2074.0
2026-05-19 12:00:00,484,33,517,2026-05-19,12,1937.0,157.0,2094.0
2026-05-19 12:15:00,430,47,477,2026-05-19,12,1895.0,165.0,2060.0
2026-05-19 12:30:00,432,46,478,2026-05-19,12,1846.0,167.0,2013.0
2026-05-19 12:45:00,389,28,417,2026-05-19,12,1735.0,154.0,1889.0
2026-05-19 13:00:00,363,36,399,2026-05-19,13,1614.0,157.0,1771.0
2026-05-19 13:15:00,368,31,399,2026-05-19,13,1552.0,141.0,1693.0
2026-05-19 13:30:00,385,27,412,2026-05-19,13,1505.0,122.0,1627.0
2026-05-19 13:45:00,314,36,350,2026-05-19,13,1430.0,130.0,1560.0
2026-05-19 14:00:00,299,34,333,2026-05-19,14,1366.0,128.0,1494.0
2026-05-19 14:15:00,270,30,300,2026-05-19,14,1268.0,127.0,1395.0
2026-05-19 14:30:00,293,27,320,2026-05-19,14,1176.0,127.0,1303.0
2026-05-19 14:45:00,331,28,359,2026-05-19,14,1193.0,119.0,1312.0
2026-05-19 15:00:00,386,23,409,2026-05-19,15,1280.0,108.0,1388.0
2026-05-19 15:15:00,411,23,434,2026-05-19,15,1421.0,101.0,1522.0
2026-05-19 15:30:00,452,30,482,2026-05-19,15,1580.0,104.0,1684.0
2026-05-19 15:45:00,425,26,451,2026-05-19,15,1674.0,102.0,1776.0
2026-05-19 16:00:00,415,28,443,2026-05-19,16,1703.0,107.0,1810.0
2026-05-19 16:15:00,317,23,340,2026-05-19,16,1609.0,107.0,1716.0
2026-05-19 16:30:00,249,29,278,2026-05-19,16,1406.0,106.0,1512.0
2026-05-19 16:45:00,228,22,250,2026-05-19,16,1209.0,102.0,1311.0
2026-05-19 17:00:00,198,8,206,2026-05-19,17,992.0,82.0,1074.0
2026-05-19 17:15:00,200,7,207,2026-05-19,17,875.0,66.0,941.0
2026-05-19 17:30:00,182,15,197,2026-05-19,17,808.0,52.0,860.0
2026-05-19 17:45:00,198,12,210,2026-05-19,17,778.0,42.0,820.0
2026-05-19 18:00:00,214,26,240,2026-05-19,18,794.0,60.0,854.0
2026-05-19 18:15:00,151,25,176,2026-05-19,18,745.0,78.0,823.0
2026-05-19 18:30:00,130,29,159,2026-05-19,18,693.0,92.0,785.0
2026-05-19 18:45:00,110,42,152,2026-05-19,18,605.0,122.0,727.0
2026-05-19 19:00:00,72,63,135,2026-05-19,19,463.0,159.0,622.0
2026-05-19 19:15:00,84,47,131,2026-05-19,19,396.0,181.0,577.0
2026-05-19 19:30:00,75,28,103,2026-05-19,19,341.0,180.0,521.0
2026-05-19 19:45:00,78,40,118,2026-05-19,19,309.0,178.0,487.0
2026-05-19 20:00:00,66,36,102,2026-05-19,20,303.0,151.0,454.0
2026-05-19 20:15:00,57,36,93,2026-05-19,20,276.0,140.0,416.0
2026-05-19 20:30:00,40,33,73,2026-05-19,20,241.0,145.0,386.0
2026-05-19 20:45:00,30,37,67,2026-05-19,20,193.0,142.0,335.0
2026-05-19 21:00:00,13,38,51,2026-05-19,21,140.0,144.0,284.0
2026-05-19 21:15:00,5,26,31,2026-05-19,21,88.0,134.0,222.0
2026-05-19 21:30:00,2,40,42,2026-05-19,21,50.0,141.0,191.0
2026-05-19 21:45:00,1,38,39,2026-05-19,21,21.0,142.0,163.0
2026-05-19 22:00:00,0,22,22,2026-05-19,22,8.0,126.0,134.0
2026-05-19 22:15:00,0,13,13,2026-05-19,22,3.0,113.0,116.0
2026-05-19 22:30:00,1,7,8,2026-05-19,22,2.0,80.0,82.0
2026-05-19 22:45:00,0,9,9,2026-05-19,22,1.0,51.0,52.0
2026-05-19 23:00:00,0,2,2,2026-05-19,23,1.0,31.0,32.0
2026-05-19 23:15:00,0,5,5,2026-05-19,23,1.0,23.0,24.0
2026-05-19 23:30:00,0,2,2,2026-05-19,23,0.0,18.0,18.0
2026-05-19 23:45:00,0,1,1,2026-05-19,23,0.0,10.0,10.0
2026-05-20 03:00:00,52,75,127,2026-05-20,3,52.0,75.0,127.0
2026-05-20 03:15:00,107,28,135,2026-05-20,3,159.0,103.0,262.0
2026-05-20 03:30:00,263,29,292,2026-05-20,3,422.0,132.0,554.0
2026-05-20 03:45:00,388,31,419,2026-05-20,3,810.0,163.0,973.0
2026-05-20 04:00:00,496,32,528,2026-05-20,4,1254.0,120.0,1374.0
2026-05-20 04:15:00,534,41,575,2026-05-20,4,1681.0,133.0,1814.0
2026-05-20 04:30:00,584,50,634,2026-05-20,4,2002.0,154.0,2156.0
2026-05-20 04:45:00,554,52,606,2026-05-20,4,2168.0,175.0,2343.0
2026-05-20 05:00:00,515,45,560,2026-05-20,5,2187.0,188.0,2375.0
2026-05-20 05:15:00,508,43,551,2026-05-20,5,2161.0,190.0,2351.0
2026-05-20 05:30:00,445,31,476,2026-05-20,5,2022.0,171.0,2193.0
2026-05-20 05:45:00,434,43,477,2026-05-20,5,1902.0,162.0,2064.0
2026-05-20 06:00:00,411,51,462,2026-05-20,6,1798.0,168.0,1966.0
2026-05-20 06:15:00,349,46,395,2026-05-20,6,1639.0,171.0,1810.0
2026-05-20 06:30:00,372,35,407,2026-05-20,6,1566.0,175.0,1741.0
2026-05-20 06:45:00,469,30,499,2026-05-20,6,1601.0,162.0,1763.0
2026-05-20 07:00:00,501,28,529,2026-05-20,7,1691.0,139.0,1830.0
2026-05-20 07:15:00,516,20,536,2026-05-20,7,1858.0,113.0,1971.0
2026-05-20 07:30:00,484,22,506,2026-05-20,7,1970.0,100.0,2070.0
2026-05-20 07:45:00,441,36,477,2026-05-20,7,1942.0,106.0,2048.0
2026-05-20 08:00:00,376,48,424,2026-05-20,8,1817.0,126.0,1943.0
2026-05-20 08:15:00,389,24,413,2026-05-20,8,1690.0,130.0,1820.0
2026-05-20 08:30:00,457,43,500,2026-05-20,8,1663.0,151.0,1814.0
2026-05-20 08:45:00,490,46,536,2026-05-20,8,1712.0,161.0,1873.0
2026-05-20 09:00:00,508,57,565,2026-05-20,9,1844.0,170.0,2014.0
2026-05-20 09:15:00,465,48,513,2026-05-20,9,1920.0,194.0,2114.0
2026-05-20 09:30:00,418,53,471,2026-05-20,9,1881.0,204.0,2085.0
2026-05-20 09:45:00,364,81,445,2026-05-20,9,1755.0,239.0,1994.0
2026-05-20 10:00:00,341,58,399,2026-05-20,10,1588.0,240.0,1828.0
2026-05-20 10:15:00,323,38,361,2026-05-20,10,1446.0,230.0,1676.0
2026-05-20 10:30:00,355,36,391,2026-05-20,10,1383.0,213.0,1596.0
2026-05-20 10:45:00,446,31,477,2026-05-20,10,1465.0,163.0,1628.0
2026-05-20 11:00:00,465,46,511,2026-05-20,11,1589.0,151.0,1740.0
2026-05-20 11:15:00,500,41,541,2026-05-20,11,1766.0,154.0,1920.0
2026-05-20 11:30:00,498,36,534,2026-05-20,11,1909.0,154.0,2063.0
2026-05-20 11:45:00,502,39,541,2026-05-20,11,1965.0,162.0,2127.0
2026-05-20 12:00:00,520,43,563,2026-05-20,12,2020.0,159.0,2179.0
2026-05-20 12:15:00,449,55,504,2026-05-20,12,1969.0,173.0,2142.0
2026-05-20 12:30:00,457,55,512,2026-05-20,12,1928.0,192.0,2120.0
2026-05-20 12:45:00,471,57,528,2026-05-20,12,1897.0,210.0,2107.0
2026-05-20 13:00:00,451,44,495,2026-05-20,13,1828.0,211.0,2039.0
2026-05-20 13:15:00,409,42,451,2026-05-20,13,1788.0,198.0,1986.0
2026-05-20 13:30:00,351,38,389,2026-05-20,13,1682.0,181.0,1863.0
2026-05-20 13:45:00,331,24,355,2026-05-20,13,1542.0,148.0,1690.0
2026-05-20 14:00:00,265,52,317,2026-05-20,14,1356.0,156.0,1512.0
2026-05-20 14:15:00,269,33,302,2026-05-20,14,1216.0,147.0,1363.0
2026-05-20 14:30:00,278,27,305,2026-05-20,14,1143.0,136.0,1279.0
2026-05-20 14:45:00,326,33,359,2026-05-20,14,1138.0,145.0,1283.0
2026-05-20 15:00:00,362,25,387,2026-05-20,15,1235.0,118.0,1353.0
2026-05-20 15:15:00,443,23,466,2026-05-20,15,1409.0,108.0,1517.0
2026-05-20 15:30:00,445,30,475,2026-05-20,15,1576.0,111.0,1687.0
2026-05-20 15:45:00,369,27,396,2026-05-20,15,1619.0,105.0,1724.0
2026-05-20 16:00:00,320,16,336,2026-05-20,16,1577.0,96.0,1673.0
2026-05-20 16:15:00,277,10,287,2026-05-20,16,1411.0,83.0,1494.0
2026-05-20 16:30:00,244,11,255,2026-05-20,16,1210.0,64.0,1274.0
2026-05-20 16:45:00,232,30,262,2026-05-20,16,1073.0,67.0,1140.0
2026-05-20 17:00:00,242,11,253,2026-05-20,17,995.0,62.0,1057.0
2026-05-20 17:15:00,250,7,257,2026-05-20,17,968.0,59.0,1027.0
2026-05-20 17:30:00,214,11,225,2026-05-20,17,938.0,59.0,997.0
2026-05-20 17:45:00,197,18,215,2026-05-20,17,903.0,47.0,950.0
2026-05-20 18:00:00,184,43,227,2026-05-20,18,845.0,79.0,924.0
2026-05-20 18:15:00,166,19,185,2026-05-20,18,761.0,91.0,852.0
2026-05-20 18:30:00,131,36,167,2026-05-20,18,678.0,116.0,794.0
2026-05-20 18:45:00,128,55,183,2026-05-20,18,609.0,153.0,762.0
2026-05-20 19:00:00,120,40,160,2026-05-20,19,545.0,150.0,695.0
2026-05-20 19:15:00,123,43,166,2026-05-20,19,502.0,174.0,676.0
2026-05-20 19:30:00,106,31,137,2026-05-20,19,477.0,169.0,646.0
2026-05-20 19:45:00,93,31,124,2026-05-20,19,442.0,145.0,587.0
2026-05-20 20:00:00,58,47,105,2026-05-20,20,380.0,152.0,532.0
2026-05-20 20:15:00,43,52,95,2026-05-20,20,300.0,161.0,461.0
2026-05-20 20:30:00,13,50,63,2026-05-20,20,207.0,180.0,387.0
2026-05-20 20:45:00,13,46,59,2026-05-20,20,127.0,195.0,322.0
2026-05-20 21:00:00,4,29,33,2026-05-20,21,73.0,177.0,250.0
2026-05-20 21:15:00,2,26,28,2026-05-20,21,32.0,151.0,183.0
2026-05-20 21:30:00,1,27,28,2026-05-20,21,20.0,128.0,148.0
2026-05-20 21:45:00,0,30,30,2026-05-20,21,7.0,112.0,119.0
2026-05-20 22:00:00,0,17,17,2026-05-20,22,3.0,100.0,103.0
2026-05-20 22:15:00,0,28,28,2026-05-20,22,1.0,102.0,103.0
2026-05-20 22:30:00,1,10,11,2026-05-20,22,1.0,85.0,86.0
2026-05-20 22:45:00,1,12,13,2026-05-20,22,2.0,67.0,69.0
2026-05-20 23:00:00,0,1,1,2026-05-20,23,2.0,51.0,53.0
2026-05-20 23:15:00,0,0,0,2026-05-20,23,2.0,23.0,25.0
2026-05-20 23:30:00,0,0,0,2026-05-20,23,1.0,13.0,14.0
2026-05-20 23:45:00,0,0,0,2026-05-20,23,0.0,1.0,1.0
2026-05-21 03:00:00,47,79,126,2026-05-21,3,47.0,79.0,126.0
2026-05-21 03:15:00,101,28,129,2026-05-21,3,148.0,107.0,255.0
2026-05-21 03:30:00,242,37,279,2026-05-21,3,390.0,144.0,534.0
2026-05-21 03:45:00,416,41,457,2026-05-21,3,806.0,185.0,991.0
2026-05-21 04:00:00,530,28,558,2026-05-21,4,1289.0,134.0,1423.0
2026-05-21 04:15:00,634,32,666,2026-05-21,4,1822.0,138.0,1960.0
2026-05-21 04:30:00,650,34,684,2026-05-21,4,2230.0,135.0,2365.0
2026-05-21 04:45:00,652,49,701,2026-05-21,4,2466.0,143.0,2609.0
2026-05-21 05:00:00,597,57,654,2026-05-21,5,2533.0,172.0,2705.0
2026-05-21 05:15:00,602,44,646,2026-05-21,5,2501.0,184.0,2685.0
2026-05-21 05:30:00,555,27,582,2026-05-21,5,2406.0,177.0,2583.0
2026-05-21 05:45:00,456,37,493,2026-05-21,5,2210.0,165.0,2375.0
2026-05-21 06:00:00,414,59,473,2026-05-21,6,2027.0,167.0,2194.0
2026-05-21 06:15:00,389,29,418,2026-05-21,6,1814.0,152.0,1966.0
2026-05-21 06:30:00,454,30,484,2026-05-21,6,1713.0,155.0,1868.0
2026-05-21 06:45:00,440,40,480,2026-05-21,6,1697.0,158.0,1855.0
2026-05-21 07:00:00,384,31,415,2026-05-21,7,1667.0,130.0,1797.0
2026-05-21 07:15:00,398,38,436,2026-05-21,7,1676.0,139.0,1815.0
2026-05-21 07:30:00,387,25,412,2026-05-21,7,1609.0,134.0,1743.0
2026-05-21 07:45:00,396,28,424,2026-05-21,7,1565.0,122.0,1687.0
2026-05-21 08:00:00,406,21,427,2026-05-21,8,1587.0,112.0,1699.0
2026-05-21 08:15:00,408,26,434,2026-05-21,8,1597.0,100.0,1697.0
2026-05-21 08:30:00,424,27,451,2026-05-21,8,1634.0,102.0,1736.0
2026-05-21 08:45:00,433,30,463,2026-05-21,8,1671.0,104.0,1775.0
2026-05-21 09:00:00,445,34,479,2026-05-21,9,1710.0,117.0,1827.0
2026-05-21 09:15:00,442,24,466,2026-05-21,9,1744.0,115.0,1859.0
2026-05-21 09:30:00,434,24,458,2026-05-21,9,1754.0,112.0,1866.0
2026-05-21 09:45:00,408,32,440,2026-05-21,9,1729.0,114.0,1843.0
2026-05-21 10:00:00,342,41,383,2026-05-21,10,1626.0,121.0,1747.0
2026-05-21 10:15:00,388,47,435,2026-05-21,10,1572.0,144.0,1716.0
2026-05-21 10:30:00,393,33,426,2026-05-21,10,1531.0,153.0,1684.0
2026-05-21 10:45:00,426,50,476,2026-05-21,10,1549.0,171.0,1720.0
2026-05-21 11:00:00,477,50,527,2026-05-21,11,1684.0,180.0,1864.0
2026-05-21 11:15:00,501,36,537,2026-05-21,11,1797.0,169.0,1966.0
2026-05-21 11:30:00,503,47,550,2026-05-21,11,1907.0,183.0,2090.0
2026-05-21 11:45:00,471,53,524,2026-05-21,11,1952.0,186.0,2138.0
2026-05-21 12:00:00,418,40,458,2026-05-21,12,1893.0,176.0,2069.0
2026-05-21 12:15:00,464,40,504,2026-05-21,12,1856.0,180.0,2036.0
2026-05-21 12:30:00,438,44,482,2026-05-21,12,1791.0,177.0,1968.0
2026-05-21 12:45:00,463,51,514,2026-05-21,12,1783.0,175.0,1958.0
2026-05-21 13:00:00,464,49,513,2026-05-21,13,1829.0,184.0,2013.0
2026-05-21 13:15:00,472,47,519,2026-05-21,13,1837.0,191.0,2028.0
2026-05-21 13:30:00,487,35,522,2026-05-21,13,1886.0,182.0,2068.0
2026-05-21 13:45:00,437,40,477,2026-05-21,13,1860.0,171.0,2031.0
2026-05-21 14:00:00,401,36,437,2026-05-21,14,1797.0,158.0,1955.0
2026-05-21 14:15:00,427,34,461,2026-05-21,14,1752.0,145.0,1897.0
2026-05-21 14:30:00,344,49,393,2026-05-21,14,1609.0,159.0,1768.0
2026-05-21 14:45:00,396,50,446,2026-05-21,14,1568.0,169.0,1737.0
2026-05-21 15:00:00,481,35,516,2026-05-21,15,1648.0,168.0,1816.0
2026-05-21 15:15:00,453,21,474,2026-05-21,15,1674.0,155.0,1829.0
2026-05-21 15:30:00,399,32,431,2026-05-21,15,1729.0,138.0,1867.0
2026-05-21 15:45:00,410,28,438,2026-05-21,15,1743.0,116.0,1859.0
2026-05-21 16:00:00,396,24,420,2026-05-21,16,1658.0,105.0,1763.0
2026-05-21 16:15:00,396,25,421,2026-05-21,16,1601.0,109.0,1710.0
2026-05-21 16:30:00,335,18,353,2026-05-21,16,1537.0,95.0,1632.0
2026-05-21 16:45:00,329,21,350,2026-05-21,16,1456.0,88.0,1544.0
2026-05-21 17:00:00,348,23,371,2026-05-21,17,1408.0,87.0,1495.0
2026-05-21 17:15:00,312,13,325,2026-05-21,17,1324.0,75.0,1399.0
2026-05-21 17:30:00,305,14,319,2026-05-21,17,1294.0,71.0,1365.0
2026-05-21 17:45:00,282,30,312,2026-05-21,17,1247.0,80.0,1327.0
2026-05-21 18:00:00,281,25,306,2026-05-21,18,1180.0,82.0,1262.0
2026-05-21 18:15:00,225,19,244,2026-05-21,18,1093.0,88.0,1181.0
2026-05-21 18:30:00,194,38,232,2026-05-21,18,982.0,112.0,1094.0
2026-05-21 18:45:00,177,50,227,2026-05-21,18,877.0,132.0,1009.0
2026-05-21 19:00:00,154,28,182,2026-05-21,19,750.0,135.0,885.0
2026-05-21 19:15:00,163,36,199,2026-05-21,19,688.0,152.0,840.0
2026-05-21 19:30:00,153,41,194,2026-05-21,19,647.0,155.0,802.0
2026-05-21 19:45:00,150,56,206,2026-05-21,19,620.0,161.0,781.0
2026-05-21 20:00:00,119,29,148,2026-05-21,20,585.0,162.0,747.0
2026-05-21 20:15:00,94,44,138,2026-05-21,20,516.0,170.0,686.0
2026-05-21 20:30:00,60,46,106,2026-05-21,20,423.0,175.0,598.0
2026-05-21 20:45:00,36,45,81,2026-05-21,20,309.0,164.0,473.0
2026-05-21 21:00:00,30,58,88,2026-05-21,21,220.0,193.0,413.0
2026-05-21 21:15:00,5,31,36,2026-05-21,21,131.0,180.0,311.0
2026-05-21 21:30:00,1,45,46,2026-05-21,21,72.0,179.0,251.0
2026-05-21 21:45:00,1,41,42,2026-05-21,21,37.0,175.0,212.0
2026-05-21 22:00:00,1,28,29,2026-05-21,22,8.0,145.0,153.0
2026-05-21 22:15:00,0,23,23,2026-05-21,22,3.0,137.0,140.0
2026-05-21 22:30:00,0,4,4,2026-05-21,22,2.0,96.0,98.0
2026-05-21 22:45:00,0,4,4,2026-05-21,22,1.0,59.0,60.0
2026-05-21 23:00:00,0,24,24,2026-05-21,23,0.0,55.0,55.0
2026-05-21 23:15:00,0,8,8,2026-05-21,23,0.0,40.0,40.0
2026-05-21 23:30:00,0,0,0,2026-05-21,23,0.0,36.0,36.0
2026-05-21 23:45:00,0,0,0,2026-05-21,23,0.0,32.0,32.0
2026-05-22 03:00:00,84,36,120,2026-05-22,3,84.0,36.0,120.0
2026-05-22 03:15:00,143,46,189,2026-05-22,3,227.0,82.0,309.0
2026-05-22 03:30:00,230,61,291,2026-05-22,3,457.0,143.0,600.0
2026-05-22 03:45:00,405,73,478,2026-05-22,3,862.0,216.0,1078.0
2026-05-22 04:00:00,628,40,668,2026-05-22,4,1406.0,220.0,1626.0
2026-05-22 04:15:00,810,34,844,2026-05-22,4,2073.0,208.0,2281.0
2026-05-22 04:30:00,730,81,811,2026-05-22,4,2573.0,228.0,2801.0
2026-05-22 04:45:00,697,88,785,2026-05-22,4,2865.0,243.0,3108.0
2026-05-22 05:00:00,658,62,720,2026-05-22,5,2895.0,265.0,3160.0
2026-05-22 05:15:00,541,49,590,2026-05-22,5,2626.0,280.0,2906.0
2026-05-22 05:30:00,365,47,412,2026-05-22,5,2261.0,246.0,2507.0
2026-05-22 05:45:00,308,56,364,2026-05-22,5,1872.0,214.0,2086.0
2026-05-22 06:00:00,357,42,399,2026-05-22,6,1571.0,194.0,1765.0
2026-05-22 06:15:00,390,54,444,2026-05-22,6,1420.0,199.0,1619.0
2026-05-22 06:30:00,395,43,438,2026-05-22,6,1450.0,195.0,1645.0
2026-05-22 06:45:00,467,34,501,2026-05-22,6,1609.0,173.0,1782.0
2026-05-22 07:00:00,466,32,498,2026-05-22,7,1718.0,163.0,1881.0
2026-05-22 07:15:00,446,39,485,2026-05-22,7,1774.0,148.0,1922.0
2026-05-22 07:30:00,446,25,471,2026-05-22,7,1825.0,130.0,1955.0
2026-05-22 07:45:00,437,25,462,2026-05-22,7,1795.0,121.0,1916.0
2026-05-22 08:00:00,484,40,524,2026-05-22,8,1813.0,129.0,1942.0
2026-05-22 08:15:00,487,40,527,2026-05-22,8,1854.0,130.0,1984.0
2026-05-22 08:30:00,429,32,461,2026-05-22,8,1837.0,137.0,1974.0
2026-05-22 08:45:00,354,31,385,2026-05-22,8,1754.0,143.0,1897.0
2026-05-22 09:00:00,373,34,407,2026-05-22,9,1643.0,137.0,1780.0
2026-05-22 09:15:00,353,38,391,2026-05-22,9,1509.0,135.0,1644.0
2026-05-22 09:30:00,383,49,432,2026-05-22,9,1463.0,152.0,1615.0
2026-05-22 09:45:00,374,50,424,2026-05-22,9,1483.0,171.0,1654.0
2026-05-22 10:00:00,382,61,443,2026-05-22,10,1492.0,198.0,1690.0
2026-05-22 10:15:00,402,46,448,2026-05-22,10,1541.0,206.0,1747.0
2026-05-22 10:30:00,403,68,471,2026-05-22,10,1561.0,225.0,1786.0
2026-05-22 10:45:00,429,57,486,2026-05-22,10,1616.0,232.0,1848.0
2026-05-22 11:00:00,442,45,487,2026-05-22,11,1676.0,216.0,1892.0
2026-05-22 11:15:00,521,58,579,2026-05-22,11,1795.0,228.0,2023.0
2026-05-22 11:30:00,566,67,633,2026-05-22,11,1958.0,227.0,2185.0
2026-05-22 11:45:00,626,71,697,2026-05-22,11,2155.0,241.0,2396.0
2026-05-22 12:00:00,656,73,729,2026-05-22,12,2369.0,269.0,2638.0
2026-05-22 12:15:00,668,63,731,2026-05-22,12,2516.0,274.0,2790.0
2026-05-22 12:30:00,622,54,676,2026-05-22,12,2572.0,261.0,2833.0
2026-05-22 12:45:00,582,65,647,2026-05-22,12,2528.0,255.0,2783.0
2026-05-22 13:00:00,490,52,542,2026-05-22,13,2362.0,234.0,2596.0
2026-05-22 13:15:00,462,38,500,2026-05-22,13,2156.0,209.0,2365.0
2026-05-22 13:30:00,387,55,442,2026-05-22,13,1921.0,210.0,2131.0
2026-05-22 13:45:00,329,50,379,2026-05-22,13,1668.0,195.0,1863.0
2026-05-22 14:00:00,343,34,377,2026-05-22,14,1521.0,177.0,1698.0
2026-05-22 14:15:00,334,36,370,2026-05-22,14,1393.0,175.0,1568.0
2026-05-22 14:30:00,310,32,342,2026-05-22,14,1316.0,152.0,1468.0
2026-05-22 14:45:00,354,38,392,2026-05-22,14,1341.0,140.0,1481.0
2026-05-22 15:00:00,401,34,435,2026-05-22,15,1399.0,140.0,1539.0
2026-05-22 15:15:00,447,20,467,2026-05-22,15,1512.0,124.0,1636.0
2026-05-22 15:30:00,505,19,524,2026-05-22,15,1707.0,111.0,1818.0
2026-05-22 15:45:00,557,20,577,2026-05-22,15,1910.0,93.0,2003.0
2026-05-22 16:00:00,458,17,475,2026-05-22,16,1967.0,76.0,2043.0
2026-05-22 16:15:00,450,20,470,2026-05-22,16,1970.0,76.0,2046.0
2026-05-22 16:30:00,398,15,413,2026-05-22,16,1863.0,72.0,1935.0
2026-05-22 16:45:00,385,29,414,2026-05-22,16,1691.0,81.0,1772.0
2026-05-22 17:00:00,406,28,434,2026-05-22,17,1639.0,92.0,1731.0
2026-05-22 17:15:00,421,15,436,2026-05-22,17,1610.0,87.0,1697.0
2026-05-22 17:30:00,369,14,383,2026-05-22,17,1581.0,86.0,1667.0
2026-05-22 17:45:00,350,21,371,2026-05-22,17,1546.0,78.0,1624.0
2026-05-22 18:00:00,258,22,280,2026-05-22,18,1398.0,72.0,1470.0
2026-05-22 18:15:00,206,9,215,2026-05-22,18,1183.0,66.0,1249.0
2026-05-22 18:30:00,153,11,164,2026-05-22,18,967.0,63.0,1030.0
2026-05-22 18:45:00,144,12,156,2026-05-22,18,761.0,54.0,815.0
2026-05-22 19:00:00,147,12,159,2026-05-22,19,650.0,44.0,694.0
2026-05-22 19:15:00,128,12,140,2026-05-22,19,572.0,47.0,619.0
2026-05-22 19:30:00,150,14,164,2026-05-22,19,569.0,50.0,619.0
2026-05-22 19:45:00,167,11,178,2026-05-22,19,592.0,49.0,641.0
2026-05-22 20:00:00,175,10,185,2026-05-22,20,620.0,47.0,667.0
2026-05-22 20:15:00,142,12,154,2026-05-22,20,634.0,47.0,681.0
2026-05-22 20:30:00,88,8,96,2026-05-22,20,572.0,41.0,613.0
2026-05-22 20:45:00,58,13,71,2026-05-22,20,463.0,43.0,506.0
2026-05-22 21:00:00,24,8,32,2026-05-22,21,312.0,41.0,353.0
2026-05-22 21:15:00,10,5,15,2026-05-22,21,180.0,34.0,214.0
2026-05-22 21:30:00,12,13,25,2026-05-22,21,104.0,39.0,143.0
2026-05-22 21:45:00,18,13,31,2026-05-22,21,64.0,39.0,103.0
2026-05-22 22:00:00,15,7,22,2026-05-22,22,55.0,38.0,93.0
2026-05-22 22:15:00,13,4,17,2026-05-22,22,58.0,37.0,95.0
2026-05-22 22:30:00,8,3,11,2026-05-22,22,54.0,27.0,81.0
2026-05-22 22:45:00,3,1,4,2026-05-22,22,39.0,15.0,54.0
2026-05-22 23:00:00,1,3,4,2026-05-22,23,25.0,11.0,36.0
2026-05-22 23:15:00,0,3,3,2026-05-22,23,12.0,10.0,22.0
2026-05-22 23:30:00,0,4,4,2026-05-22,23,4.0,11.0,15.0
2026-05-22 23:45:00,0,6,6,2026-05-22,23,1.0,16.0,17.0
2026-05-23 03:00:00,48,40,88,2026-05-23,3,48.0,40.0,88.0
2026-05-23 03:15:00,84,47,131,2026-05-23,3,132.0,87.0,219.0
2026-05-23 03:30:00,251,72,323,2026-05-23,3,383.0,159.0,542.0
2026-05-23 03:45:00,438,66,504,2026-05-23,3,821.0,225.0,1046.0
2026-05-23 04:00:00,571,50,621,2026-05-23,4,1344.0,235.0,1579.0
2026-05-23 04:15:00,765,34,799,2026-05-23,4,2025.0,222.0,2247.0
2026-05-23 04:30:00,759,63,822,2026-05-23,4,2533.0,213.0,2746.0
2026-05-23 04:45:00,727,70,797,2026-05-23,4,2822.0,217.0,3039.0
2026-05-23 05:00:00,586,75,661,2026-05-23,5,2837.0,242.0,3079.0
2026-05-23 05:15:00,545,37,582,2026-05-23,5,2617.0,245.0,2862.0
2026-05-23 05:30:00,490,41,531,2026-05-23,5,2348.0,223.0,2571.0
2026-05-23 05:45:00,481,60,541,2026-05-23,5,2102.0,213.0,2315.0
2026-05-23 06:00:00,454,59,513,2026-05-23,6,1970.0,197.0,2167.0
2026-05-23 06:15:00,449,44,493,2026-05-23,6,1874.0,204.0,2078.0
2026-05-23 06:30:00,425,38,463,2026-05-23,6,1809.0,201.0,2010.0
2026-05-23 06:45:00,471,29,500,2026-05-23,6,1799.0,170.0,1969.0
2026-05-23 07:00:00,485,25,510,2026-05-23,7,1830.0,136.0,1966.0
2026-05-23 07:15:00,461,37,498,2026-05-23,7,1842.0,129.0,1971.0
2026-05-23 07:30:00,457,28,485,2026-05-23,7,1874.0,119.0,1993.0
2026-05-23 07:45:00,386,30,416,2026-05-23,7,1789.0,120.0,1909.0
2026-05-23 08:00:00,319,25,344,2026-05-23,8,1623.0,120.0,1743.0
2026-05-23 08:15:00,350,26,376,2026-05-23,8,1512.0,109.0,1621.0
2026-05-23 08:30:00,398,20,418,2026-05-23,8,1453.0,101.0,1554.0
2026-05-23 08:45:00,496,33,529,2026-05-23,8,1563.0,104.0,1667.0
2026-05-23 09:00:00,540,31,571,2026-05-23,9,1784.0,110.0,1894.0
2026-05-23 09:15:00,504,26,530,2026-05-23,9,1938.0,110.0,2048.0
2026-05-23 09:30:00,438,31,469,2026-05-23,9,1978.0,121.0,2099.0
2026-05-23 09:45:00,415,36,451,2026-05-23,9,1897.0,124.0,2021.0
2026-05-23 10:00:00,414,30,444,2026-05-23,10,1771.0,123.0,1894.0
2026-05-23 10:15:00,429,47,476,2026-05-23,10,1696.0,144.0,1840.0
2026-05-23 10:30:00,414,50,464,2026-05-23,10,1672.0,163.0,1835.0
2026-05-23 10:45:00,453,52,505,2026-05-23,10,1710.0,179.0,1889.0
2026-05-23 11:00:00,474,46,520,2026-05-23,11,1770.0,195.0,1965.0
2026-05-23 11:15:00,536,52,588,2026-05-23,11,1877.0,200.0,2077.0
2026-05-23 11:30:00,500,67,567,2026-05-23,11,1963.0,217.0,2180.0
2026-05-23 11:45:00,526,75,601,2026-05-23,11,2036.0,240.0,2276.0
2026-05-23 12:00:00,483,48,531,2026-05-23,12,2045.0,242.0,2287.0
2026-05-23 12:15:00,462,38,500,2026-05-23,12,1971.0,228.0,2199.0
2026-05-23 12:30:00,427,49,476,2026-05-23,12,1898.0,210.0,2108.0
2026-05-23 12:45:00,402,53,455,2026-05-23,12,1774.0,188.0,1962.0
2026-05-23 13:00:00,386,44,430,2026-05-23,13,1677.0,184.0,1861.0
2026-05-23 13:15:00,335,41,376,2026-05-23,13,1550.0,187.0,1737.0
2026-05-23 13:30:00,368,40,408,2026-05-23,13,1491.0,178.0,1669.0
2026-05-23 13:45:00,322,38,360,2026-05-23,13,1411.0,163.0,1574.0
2026-05-23 14:00:00,291,33,324,2026-05-23,14,1316.0,152.0,1468.0
2026-05-23 14:15:00,302,29,331,2026-05-23,14,1283.0,140.0,1423.0
2026-05-23 14:30:00,257,31,288,2026-05-23,14,1172.0,131.0,1303.0
2026-05-23 14:45:00,318,26,344,2026-05-23,14,1168.0,119.0,1287.0
2026-05-23 15:00:00,398,25,423,2026-05-23,15,1275.0,111.0,1386.0
2026-05-23 15:15:00,425,25,450,2026-05-23,15,1398.0,107.0,1505.0
2026-05-23 15:30:00,389,28,417,2026-05-23,15,1530.0,104.0,1634.0
2026-05-23 15:45:00,384,26,410,2026-05-23,15,1596.0,104.0,1700.0
2026-05-23 16:00:00,366,24,390,2026-05-23,16,1564.0,103.0,1667.0
2026-05-23 16:15:00,344,11,355,2026-05-23,16,1483.0,89.0,1572.0
2026-05-23 16:30:00,304,12,316,2026-05-23,16,1398.0,73.0,1471.0
2026-05-23 16:45:00,272,21,293,2026-05-23,16,1286.0,68.0,1354.0
2026-05-23 17:00:00,243,20,263,2026-05-23,17,1163.0,64.0,1227.0
2026-05-23 17:15:00,187,10,197,2026-05-23,17,1006.0,63.0,1069.0
2026-05-23 17:30:00,174,8,182,2026-05-23,17,876.0,59.0,935.0
2026-05-23 17:45:00,185,11,196,2026-05-23,17,789.0,49.0,838.0
2026-05-23 18:00:00,186,17,203,2026-05-23,18,732.0,46.0,778.0
2026-05-23 18:15:00,161,12,173,2026-05-23,18,706.0,48.0,754.0
2026-05-23 18:30:00,127,14,141,2026-05-23,18,659.0,54.0,713.0
2026-05-23 18:45:00,101,14,115,2026-05-23,18,575.0,57.0,632.0
2026-05-23 19:00:00,90,11,101,2026-05-23,19,479.0,51.0,530.0
2026-05-23 19:15:00,92,7,99,2026-05-23,19,410.0,46.0,456.0
2026-05-23 19:30:00,112,8,120,2026-05-23,19,395.0,40.0,435.0
2026-05-23 19:45:00,105,12,117,2026-05-23,19,399.0,38.0,437.0
2026-05-23 20:00:00,97,16,113,2026-05-23,20,406.0,43.0,449.0
2026-05-23 20:15:00,69,8,77,2026-05-23,20,383.0,44.0,427.0
2026-05-23 20:30:00,45,12,57,2026-05-23,20,316.0,48.0,364.0
2026-05-23 20:45:00,26,10,36,2026-05-23,20,237.0,46.0,283.0
2026-05-23 21:00:00,7,15,22,2026-05-23,21,147.0,45.0,192.0
2026-05-23 21:15:00,2,5,7,2026-05-23,21,80.0,42.0,122.0
2026-05-23 21:30:00,2,11,13,2026-05-23,21,37.0,41.0,78.0
2026-05-23 21:45:00,1,8,9,2026-05-23,21,12.0,39.0,51.0
2026-05-23 22:00:00,1,7,8,2026-05-23,22,6.0,31.0,37.0
2026-05-23 22:15:00,0,6,6,2026-05-23,22,4.0,32.0,36.0
2026-05-23 22:30:00,0,4,4,2026-05-23,22,2.0,25.0,27.0
2026-05-23 22:45:00,0,6,6,2026-05-23,22,1.0,23.0,24.0
2026-05-23 23:00:00,0,1,1,2026-05-23,23,0.0,17.0,17.0
2026-05-23 23:15:00,0,0,0,2026-05-23,23,0.0,11.0,11.0
2026-05-23 23:30:00,0,0,0,2026-05-23,23,0.0,7.0,7.0
2026-05-23 23:45:00,1,0,1,2026-05-23,23,1.0,1.0,2.0
2026-05-24 03:00:00,50,85,135,2026-05-24,3,50.0,85.0,135.0
2026-05-24 03:15:00,105,36,141,2026-05-24,3,155.0,121.0,276.0
2026-05-24 03:30:00,214,28,242,2026-05-24,3,369.0,149.0,518.0
2026-05-24 03:45:00,363,29,392,2026-05-24,3,732.0,178.0,910.0
2026-05-24 04:00:00,473,27,500,2026-05-24,4,1155.0,120.0,1275.0
2026-05-24 04:15:00,513,27,540,2026-05-24,4,1563.0,111.0,1674.0
2026-05-24 04:30:00,614,35,649,2026-05-24,4,1963.0,118.0,2081.0
2026-05-24 04:45:00,660,43,703,2026-05-24,4,2260.0,132.0,2392.0
2026-05-24 05:00:00,668,57,725,2026-05-24,5,2455.0,162.0,2617.0
2026-05-24 05:15:00,624,31,655,2026-05-24,5,2566.0,166.0,2732.0
2026-05-24 05:30:00,605,27,632,2026-05-24,5,2557.0,158.0,2715.0
2026-05-24 05:45:00,470,33,503,2026-05-24,5,2367.0,148.0,2515.0
2026-05-24 06:00:00,465,38,503,2026-05-24,6,2164.0,129.0,2293.0
2026-05-24 06:15:00,446,42,488,2026-05-24,6,1986.0,140.0,2126.0
2026-05-24 06:30:00,440,20,460,2026-05-24,6,1821.0,133.0,1954.0
2026-05-24 06:45:00,340,17,357,2026-05-24,6,1691.0,117.0,1808.0
2026-05-24 07:00:00,320,33,353,2026-05-24,7,1546.0,112.0,1658.0
2026-05-24 07:15:00,336,34,370,2026-05-24,7,1436.0,104.0,1540.0
2026-05-24 07:30:00,335,21,356,2026-05-24,7,1331.0,105.0,1436.0
2026-05-24 07:45:00,384,25,409,2026-05-24,7,1375.0,113.0,1488.0
2026-05-24 08:00:00,453,27,480,2026-05-24,8,1508.0,107.0,1615.0
2026-05-24 08:15:00,466,37,503,2026-05-24,8,1638.0,110.0,1748.0
2026-05-24 08:30:00,469,16,485,2026-05-24,8,1772.0,105.0,1877.0
2026-05-24 08:45:00,440,38,478,2026-05-24,8,1828.0,118.0,1946.0
2026-05-24 09:00:00,488,44,532,2026-05-24,9,1863.0,135.0,1998.0
2026-05-24 09:15:00,489,52,541,2026-05-24,9,1886.0,150.0,2036.0
2026-05-24 09:30:00,533,35,568,2026-05-24,9,1950.0,169.0,2119.0
2026-05-24 09:45:00,465,35,500,2026-05-24,9,1975.0,166.0,2141.0
2026-05-24 10:00:00,487,46,533,2026-05-24,10,1974.0,168.0,2142.0
2026-05-24 10:15:00,440,45,485,2026-05-24,10,1925.0,161.0,2086.0
2026-05-24 10:30:00,405,38,443,2026-05-24,10,1797.0,164.0,1961.0
2026-05-24 10:45:00,437,41,478,2026-05-24,10,1769.0,170.0,1939.0
2026-05-24 11:00:00,513,28,541,2026-05-24,11,1795.0,152.0,1947.0
2026-05-24 11:15:00,558,31,589,2026-05-24,11,1913.0,138.0,2051.0
2026-05-24 11:30:00,564,45,609,2026-05-24,11,2072.0,145.0,2217.0
2026-05-24 11:45:00,556,52,608,2026-05-24,11,2191.0,156.0,2347.0
2026-05-24 12:00:00,573,34,607,2026-05-24,12,2251.0,162.0,2413.0
2026-05-24 12:15:00,570,32,602,2026-05-24,12,2263.0,163.0,2426.0
2026-05-24 12:30:00,556,30,586,2026-05-24,12,2255.0,148.0,2403.0
2026-05-24 12:45:00,423,38,461,2026-05-24,12,2122.0,134.0,2256.0
2026-05-24 13:00:00,384,51,435,2026-05-24,13,1933.0,151.0,2084.0
2026-05-24 13:15:00,325,37,362,2026-05-24,13,1688.0,156.0,1844.0
2026-05-24 13:30:00,301,43,344,2026-05-24,13,1433.0,169.0,1602.0
2026-05-24 13:45:00,298,36,334,2026-05-24,13,1308.0,167.0,1475.0
2026-05-24 14:00:00,308,38,346,2026-05-24,14,1232.0,154.0,1386.0
2026-05-24 14:15:00,300,29,329,2026-05-24,14,1207.0,146.0,1353.0
2026-05-24 14:30:00,316,12,328,2026-05-24,14,1222.0,115.0,1337.0
2026-05-24 14:45:00,396,14,410,2026-05-24,14,1320.0,93.0,1413.0
2026-05-24 15:00:00,493,22,515,2026-05-24,15,1505.0,77.0,1582.0
2026-05-24 15:15:00,501,23,524,2026-05-24,15,1706.0,71.0,1777.0
2026-05-24 15:30:00,478,21,499,2026-05-24,15,1868.0,80.0,1948.0
2026-05-24 15:45:00,490,20,510,2026-05-24,15,1962.0,86.0,2048.0
2026-05-24 16:00:00,426,15,441,2026-05-24,16,1895.0,79.0,1974.0
2026-05-24 16:15:00,363,20,383,2026-05-24,16,1757.0,76.0,1833.0
2026-05-24 16:30:00,301,19,320,2026-05-24,16,1580.0,74.0,1654.0
2026-05-24 16:45:00,304,16,320,2026-05-24,16,1394.0,70.0,1464.0
2026-05-24 17:00:00,368,20,388,2026-05-24,17,1336.0,75.0,1411.0
2026-05-24 17:15:00,392,18,410,2026-05-24,17,1365.0,73.0,1438.0
2026-05-24 17:30:00,374,22,396,2026-05-24,17,1438.0,76.0,1514.0
2026-05-24 17:45:00,400,24,424,2026-05-24,17,1534.0,84.0,1618.0
2026-05-24 18:00:00,463,22,485,2026-05-24,18,1629.0,86.0,1715.0
2026-05-24 18:15:00,424,14,438,2026-05-24,18,1661.0,82.0,1743.0
2026-05-24 18:30:00,424,11,435,2026-05-24,18,1711.0,71.0,1782.0
2026-05-24 18:45:00,385,9,394,2026-05-24,18,1696.0,56.0,1752.0
2026-05-24 19:00:00,304,17,321,2026-05-24,19,1537.0,51.0,1588.0
2026-05-24 19:15:00,253,11,264,2026-05-24,19,1366.0,48.0,1414.0
2026-05-24 19:30:00,187,22,209,2026-05-24,19,1129.0,59.0,1188.0
2026-05-24 19:45:00,137,41,178,2026-05-24,19,881.0,91.0,972.0
2026-05-24 20:00:00,99,42,141,2026-05-24,20,676.0,116.0,792.0
2026-05-24 20:15:00,72,39,111,2026-05-24,20,495.0,144.0,639.0
2026-05-24 20:30:00,40,60,100,2026-05-24,20,348.0,182.0,530.0
2026-05-24 20:45:00,22,55,77,2026-05-24,20,233.0,196.0,429.0
2026-05-24 21:00:00,19,50,69,2026-05-24,21,153.0,204.0,357.0
2026-05-24 21:15:00,16,40,56,2026-05-24,21,97.0,205.0,302.0
2026-05-24 21:30:00,29,54,83,2026-05-24,21,86.0,199.0,285.0
2026-05-24 21:45:00,25,57,82,2026-05-24,21,89.0,201.0,290.0
2026-05-24 22:00:00,18,25,43,2026-05-24,22,88.0,176.0,264.0
2026-05-24 22:15:00,11,19,30,2026-05-24,22,83.0,155.0,238.0
2026-05-24 22:30:00,12,20,32,2026-05-24,22,66.0,121.0,187.0
2026-05-24 22:45:00,4,11,15,2026-05-24,22,45.0,75.0,120.0
2026-05-24 23:00:00,1,6,7,2026-05-24,23,28.0,56.0,84.0
2026-05-24 23:15:00,0,8,8,2026-05-24,23,17.0,45.0,62.0
2026-05-24 23:30:00,0,5,5,2026-05-24,23,5.0,30.0,35.0
2026-05-24 23:45:00,0,3,3,2026-05-24,23,1.0,22.0,23.0
2026-05-25 03:00:00,64,121,185,2026-05-25,3,64.0,121.0,185.0
2026-05-25 03:15:00,113,117,230,2026-05-25,3,177.0,238.0,415.0
2026-05-25 03:30:00,250,30,280,2026-05-25,3,427.0,268.0,695.0
2026-05-25 03:45:00,425,34,459,2026-05-25,3,852.0,302.0,1154.0
2026-05-25 04:00:00,528,26,554,2026-05-25,4,1316.0,207.0,1523.0
2026-05-25 04:15:00,608,38,646,2026-05-25,4,1811.0,128.0,1939.0
2026-05-25 04:30:00,665,58,723,2026-05-25,4,2226.0,156.0,2382.0
2026-05-25 04:45:00,667,53,720,2026-05-25,4,2468.0,175.0,2643.0
2026-05-25 05:00:00,607,60,667,2026-05-25,5,2547.0,209.0,2756.0
2026-05-25 05:15:00,504,45,549,2026-05-25,5,2443.0,216.0,2659.0
2026-05-25 05:30:00,447,30,477,2026-05-25,5,2225.0,188.0,2413.0
2026-05-25 05:45:00,470,57,527,2026-05-25,5,2028.0,192.0,2220.0
2026-05-25 06:00:00,484,54,538,2026-05-25,6,1905.0,186.0,2091.0
2026-05-25 06:15:00,440,57,497,2026-05-25,6,1841.0,198.0,2039.0
2026-05-25 06:30:00,400,22,422,2026-05-25,6,1794.0,190.0,1984.0
2026-05-25 06:45:00,415,33,448,2026-05-25,6,1739.0,166.0,1905.0
2026-05-25 07:00:00,394,21,415,2026-05-25,7,1649.0,133.0,1782.0
2026-05-25 07:15:00,406,30,436,2026-05-25,7,1615.0,106.0,1721.0
2026-05-25 07:30:00,417,23,440,2026-05-25,7,1632.0,107.0,1739.0
2026-05-25 07:45:00,444,22,466,2026-05-25,7,1661.0,96.0,1757.0
2026-05-25 08:00:00,549,30,579,2026-05-25,8,1816.0,105.0,1921.0
2026-05-25 08:15:00,565,38,603,2026-05-25,8,1975.0,113.0,2088.0
2026-05-25 08:30:00,560,24,584,2026-05-25,8,2118.0,114.0,2232.0
2026-05-25 08:45:00,574,35,609,2026-05-25,8,2248.0,127.0,2375.0
2026-05-25 09:00:00,526,29,555,2026-05-25,9,2225.0,126.0,2351.0
2026-05-25 09:15:00,523,42,565,2026-05-25,9,2183.0,130.0,2313.0
2026-05-25 09:30:00,537,45,582,2026-05-25,9,2160.0,151.0,2311.0
2026-05-25 09:45:00,525,38,563,2026-05-25,9,2111.0,154.0,2265.0
2026-05-25 10:00:00,489,42,531,2026-05-25,10,2074.0,167.0,2241.0
2026-05-25 10:15:00,459,59,518,2026-05-25,10,2010.0,184.0,2194.0
2026-05-25 10:30:00,428,41,469,2026-05-25,10,1901.0,180.0,2081.0
2026-05-25 10:45:00,417,45,462,2026-05-25,10,1793.0,187.0,1980.0
2026-05-25 11:00:00,456,43,499,2026-05-25,11,1760.0,188.0,1948.0
2026-05-25 11:15:00,534,39,573,2026-05-25,11,1835.0,168.0,2003.0
2026-05-25 11:30:00,583,49,632,2026-05-25,11,1990.0,176.0,2166.0
2026-05-25 11:45:00,611,50,661,2026-05-25,11,2184.0,181.0,2365.0
2026-05-25 12:00:00,636,51,687,2026-05-25,12,2364.0,189.0,2553.0
2026-05-25 12:15:00,576,39,615,2026-05-25,12,2406.0,189.0,2595.0
2026-05-25 12:30:00,474,51,525,2026-05-25,12,2297.0,191.0,2488.0
2026-05-25 12:45:00,442,43,485,2026-05-25,12,2128.0,184.0,2312.0
2026-05-25 13:00:00,423,30,453,2026-05-25,13,1915.0,163.0,2078.0
2026-05-25 13:15:00,439,27,466,2026-05-25,13,1778.0,151.0,1929.0
2026-05-25 13:30:00,410,37,447,2026-05-25,13,1714.0,137.0,1851.0
2026-05-25 13:45:00,393,40,433,2026-05-25,13,1665.0,134.0,1799.0
2026-05-25 14:00:00,424,23,447,2026-05-25,14,1666.0,127.0,1793.0
2026-05-25 14:15:00,425,37,462,2026-05-25,14,1652.0,137.0,1789.0
2026-05-25 14:30:00,392,35,427,2026-05-25,14,1634.0,135.0,1769.0
2026-05-25 14:45:00,416,30,446,2026-05-25,14,1657.0,125.0,1782.0
2026-05-25 15:00:00,462,34,496,2026-05-25,15,1695.0,136.0,1831.0
2026-05-25 15:15:00,530,29,559,2026-05-25,15,1800.0,128.0,1928.0
2026-05-25 15:30:00,525,33,558,2026-05-25,15,1933.0,126.0,2059.0
2026-05-25 15:45:00,438,32,470,2026-05-25,15,1955.0,128.0,2083.0
2026-05-25 16:00:00,342,18,360,2026-05-25,16,1835.0,112.0,1947.0
2026-05-25 16:15:00,362,19,381,2026-05-25,16,1667.0,102.0,1769.0
2026-05-25 16:30:00,342,20,362,2026-05-25,16,1484.0,89.0,1573.0
2026-05-25 16:45:00,335,14,349,2026-05-25,16,1381.0,71.0,1452.0
2026-05-25 17:00:00,359,21,380,2026-05-25,17,1398.0,74.0,1472.0
2026-05-25 17:15:00,421,18,439,2026-05-25,17,1457.0,73.0,1530.0
2026-05-25 17:30:00,438,9,447,2026-05-25,17,1553.0,62.0,1615.0
2026-05-25 17:45:00,436,13,449,2026-05-25,17,1654.0,61.0,1715.0
2026-05-25 18:00:00,362,40,402,2026-05-25,18,1657.0,80.0,1737.0
2026-05-25 18:15:00,297,18,315,2026-05-25,18,1533.0,80.0,1613.0
2026-05-25 18:30:00,240,20,260,2026-05-25,18,1335.0,91.0,1426.0
2026-05-25 18:45:00,197,41,238,2026-05-25,18,1096.0,119.0,1215.0
2026-05-25 19:00:00,159,48,207,2026-05-25,19,893.0,127.0,1020.0
2026-05-25 19:15:00,159,36,195,2026-05-25,19,755.0,145.0,900.0
2026-05-25 19:30:00,128,36,164,2026-05-25,19,643.0,161.0,804.0
2026-05-25 19:45:00,107,44,151,2026-05-25,19,553.0,164.0,717.0
2026-05-25 20:00:00,75,48,123,2026-05-25,20,469.0,164.0,633.0
2026-05-25 20:15:00,58,31,89,2026-05-25,20,368.0,159.0,527.0
2026-05-25 20:30:00,32,51,83,2026-05-25,20,272.0,174.0,446.0
2026-05-25 20:45:00,16,43,59,2026-05-25,20,181.0,173.0,354.0
2026-05-25 21:00:00,13,48,61,2026-05-25,21,119.0,173.0,292.0
2026-05-25 21:15:00,3,30,33,2026-05-25,21,64.0,172.0,236.0
2026-05-25 21:30:00,1,31,32,2026-05-25,21,33.0,152.0,185.0
2026-05-25 21:45:00,2,28,30,2026-05-25,21,19.0,137.0,156.0
2026-05-25 22:00:00,0,10,10,2026-05-25,22,6.0,99.0,105.0
2026-05-25 22:15:00,0,9,9,2026-05-25,22,3.0,78.0,81.0
2026-05-25 22:30:00,0,7,7,2026-05-25,22,2.0,54.0,56.0
2026-05-25 22:45:00,1,6,7,2026-05-25,22,1.0,32.0,33.0
2026-05-25 23:00:00,0,13,13,2026-05-25,23,1.0,35.0,36.0
2026-05-25 23:15:00,1,8,9,2026-05-25,23,2.0,34.0,36.0
2026-05-25 23:30:00,0,3,3,2026-05-25,23,2.0,30.0,32.0
2026-05-25 23:45:00,1,3,4,2026-05-25,23,2.0,27.0,29.0
2026-05-26 03:00:00,84,85,169,2026-05-26,3,84.0,85.0,169.0
2026-05-26 03:15:00,153,32,185,2026-05-26,3,237.0,117.0,354.0
2026-05-26 03:30:00,277,38,315,2026-05-26,3,514.0,155.0,669.0
2026-05-26 03:45:00,448,33,481,2026-05-26,3,962.0,188.0,1150.0
2026-05-26 04:00:00,562,30,592,2026-05-26,4,1440.0,133.0,1573.0
2026-05-26 04:15:00,682,33,715,2026-05-26,4,1969.0,134.0,2103.0
2026-05-26 04:30:00,719,37,756,2026-05-26,4,2411.0,133.0,2544.0
2026-05-26 04:45:00,671,49,720,2026-05-26,4,2634.0,149.0,2783.0
2026-05-26 05:00:00,619,60,679,2026-05-26,5,2691.0,179.0,2870.0
2026-05-26 05:15:00,456,35,491,2026-05-26,5,2465.0,181.0,2646.0
2026-05-26 05:30:00,403,35,438,2026-05-26,5,2149.0,179.0,2328.0
2026-05-26 05:45:00,384,52,436,2026-05-26,5,1862.0,182.0,2044.0
2026-05-26 06:00:00,331,65,396,2026-05-26,6,1574.0,187.0,1761.0
2026-05-26 06:15:00,303,44,347,2026-05-26,6,1421.0,196.0,1617.0
2026-05-26 06:30:00,298,35,333,2026-05-26,6,1316.0,196.0,1512.0
2026-05-26 06:45:00,344,31,375,2026-05-26,6,1276.0,175.0,1451.0
2026-05-26 07:00:00,323,31,354,2026-05-26,7,1268.0,141.0,1409.0
2026-05-26 07:15:00,329,42,371,2026-05-26,7,1294.0,139.0,1433.0
2026-05-26 07:30:00,388,33,421,2026-05-26,7,1384.0,137.0,1521.0
2026-05-26 07:45:00,393,24,417,2026-05-26,7,1433.0,130.0,1563.0
2026-05-26 08:00:00,370,33,403,2026-05-26,8,1480.0,132.0,1612.0
2026-05-26 08:15:00,380,37,417,2026-05-26,8,1531.0,127.0,1658.0
2026-05-26 08:30:00,393,32,425,2026-05-26,8,1536.0,126.0,1662.0
2026-05-26 08:45:00,379,20,399,2026-05-26,8,1522.0,122.0,1644.0
2026-05-26 09:00:00,372,36,408,2026-05-26,9,1524.0,125.0,1649.0
2026-05-26 09:15:00,373,28,401,2026-05-26,9,1517.0,116.0,1633.0
2026-05-26 09:30:00,391,41,432,2026-05-26,9,1515.0,125.0,1640.0
2026-05-26 09:45:00,352,23,375,2026-05-26,9,1488.0,128.0,1616.0
2026-05-26 10:00:00,325,36,361,2026-05-26,10,1441.0,128.0,1569.0
2026-05-26 10:15:00,338,47,385,2026-05-26,10,1406.0,147.0,1553.0
2026-05-26 10:30:00,393,34,427,2026-05-26,10,1408.0,140.0,1548.0
2026-05-26 10:45:00,442,59,501,2026-05-26,10,1498.0,176.0,1674.0
2026-05-26 11:00:00,484,34,518,2026-05-26,11,1657.0,174.0,1831.0
2026-05-26 11:15:00,492,42,534,2026-05-26,11,1811.0,169.0,1980.0
2026-05-26 11:30:00,509,47,556,2026-05-26,11,1927.0,182.0,2109.0
2026-05-26 11:45:00,522,44,566,2026-05-26,11,2007.0,167.0,2174.0
2026-05-26 12:00:00,504,36,540,2026-05-26,12,2027.0,169.0,2196.0
2026-05-26 12:15:00,440,50,490,2026-05-26,12,1975.0,177.0,2152.0
2026-05-26 12:30:00,439,50,489,2026-05-26,12,1905.0,180.0,2085.0
2026-05-26 12:45:00,399,30,429,2026-05-26,12,1782.0,166.0,1948.0
2026-05-26 13:00:00,362,39,401,2026-05-26,13,1640.0,169.0,1809.0
2026-05-26 13:15:00,369,33,402,2026-05-26,13,1569.0,152.0,1721.0
2026-05-26 13:30:00,395,29,424,2026-05-26,13,1525.0,131.0,1656.0
2026-05-26 13:45:00,336,39,375,2026-05-26,13,1462.0,140.0,1602.0
2026-05-26 14:00:00,332,37,369,2026-05-26,14,1432.0,138.0,1570.0
2026-05-26 14:15:00,292,33,325,2026-05-26,14,1355.0,138.0,1493.0
2026-05-26 14:30:00,307,29,336,2026-05-26,14,1267.0,138.0,1405.0
2026-05-26 14:45:00,330,30,360,2026-05-26,14,1261.0,129.0,1390.0
2026-05-26 15:00:00,384,25,409,2026-05-26,15,1313.0,117.0,1430.0
2026-05-26 15:15:00,411,24,435,2026-05-26,15,1432.0,108.0,1540.0
2026-05-26 15:30:00,442,32,474,2026-05-26,15,1567.0,111.0,1678.0
2026-05-26 15:45:00,400,28,428,2026-05-26,15,1637.0,109.0,1746.0
2026-05-26 16:00:00,387,30,417,2026-05-26,16,1640.0,114.0,1754.0
2026-05-26 16:15:00,280,24,304,2026-05-26,16,1509.0,114.0,1623.0
2026-05-26 16:30:00,225,31,256,2026-05-26,16,1292.0,113.0,1405.0
2026-05-26 16:45:00,218,23,241,2026-05-26,16,1110.0,108.0,1218.0
2026-05-26 17:00:00,211,8,219,2026-05-26,17,934.0,86.0,1020.0
2026-05-26 17:15:00,217,8,225,2026-05-26,17,871.0,70.0,941.0
2026-05-26 17:30:00,200,16,216,2026-05-26,17,846.0,55.0,901.0
2026-05-26 17:45:00,215,13,228,2026-05-26,17,843.0,45.0,888.0
2026-05-26 18:00:00,229,28,257,2026-05-26,18,861.0,65.0,926.0
2026-05-26 18:15:00,165,26,191,2026-05-26,18,809.0,83.0,892.0
2026-05-26 18:30:00,151,31,182,2026-05-26,18,760.0,98.0,858.0
2026-05-26 18:45:00,127,46,173,2026-05-26,18,672.0,131.0,803.0
2026-05-26 19:00:00,81,68,149,2026-05-26,19,524.0,171.0,695.0
2026-05-26 19:15:00,104,50,154,2026-05-26,19,463.0,195.0,658.0
2026-05-26 19:30:00,86,30,116,2026-05-26,19,398.0,194.0,592.0
2026-05-26 19:45:00,87,44,131,2026-05-26,19,358.0,192.0,550.0
2026-05-26 20:00:00,79,39,118,2026-05-26,20,356.0,163.0,519.0
2026-05-26 20:15:00,68,39,107,2026-05-26,20,320.0,152.0,472.0
2026-05-26 20:30:00,53,36,89,2026-05-26,20,287.0,158.0,445.0
2026-05-26 20:45:00,41,40,81,2026-05-26,20,241.0,154.0,395.0
2026-05-26 21:00:00,21,41,62,2026-05-26,21,183.0,156.0,339.0
2026-05-26 21:15:00,7,28,35,2026-05-26,21,122.0,145.0,267.0
2026-05-26 21:30:00,4,43,47,2026-05-26,21,73.0,152.0,225.0
2026-05-26 21:45:00,1,41,42,2026-05-26,21,33.0,153.0,186.0
2026-05-26 22:00:00,0,23,23,2026-05-26,22,12.0,135.0,147.0
2026-05-26 22:15:00,0,14,14,2026-05-26,22,5.0,121.0,126.0
2026-05-26 22:30:00,1,7,8,2026-05-26,22,2.0,85.0,87.0
2026-05-26 22:45:00,0,10,10,2026-05-26,22,1.0,54.0,55.0
2026-05-26 23:00:00,0,2,2,2026-05-26,23,1.0,33.0,34.0
2026-05-26 23:15:00,0,5,5,2026-05-26,23,1.0,24.0,25.0
2026-05-26 23:30:00,0,3,3,2026-05-26,23,0.0,20.0,20.0
2026-05-26 23:45:00,0,1,1,2026-05-26,23,0.0,11.0,11.0
